0,-1417.4,-1201.2,364.13,132591.76,1220.3,H
1,-429.3,-254.65,135.76,18431.41,421.0,H
2,-601.0,-360.3,173.21,30001.87,595.8,H
3,-1770.1,-351.1,601.6,361918.62,1751.6,H
4,-599.8,-299.9,192.28,36973.21,593.0,H
5,-563.7,-155.7,163.4,26699.21,542.0,H
6,-422.2,-369.2,155.17,24077.1,411.9,H
7,-1370.6,-333.3,427.9,183094.31,1305.7,H
8,-369.4,-112.8,116.13,13485.84,345.9,H
9,-834.2,-389.45,260.03,67613.11,797.2,H
10,-520.0,-316.75,152.73,23327.0,440.8,H
11,-242.0,-127.45,71.59,5125.79,240.9,H
12,-1316.3,-724.9,361.84,130925.32,1236.8,H
13,-813.3,-252.25,306.04,93657.44,812.0,H
14,-1053.2,-755.6,321.64,103450.31,959.0,H
15,-2844.1,-979.4,1015.81,1031863.8,2800.3,H
16,-16.6,-11.65,4.95,24.5,9.9,H
17,-1585.4,-417.15,448.71,201340.46,1538.4,H
18,-134.1,-107.9,32.29,1042.33,93.6,H
19,-1246.7,-750.55,437.38,191297.51,1204.6,H
20,-426.9,-208.6,107.05,11459.77,369.0,H
21,,H,,,,
22,-388.3,-222.75,124.04,15385.97,387.2,H
23,-1308.6,-451.45,369.61,136608.04,1305.7,H
24,-1117.4,-618.55,364.6,132934.11,1115.3,H
25,-194.0,-85.8,49.45,2445.16,134.3,H
26,-675.6,-597.5,158.91,25253.07,404.1,H
27,-1054.2,-779.3,297.22,88342.46,843.1,H
28,-2276.6,-1310.8,536.18,287488.34,2133.4,H
29,-879.4,-410.2,205.67,42298.19,758.9,H
30,-2155.2,-577.05,747.98,559478.61,2135.8,H
31,-716.6,-474.5,169.23,28638.61,661.0,H
32,-1865.6,-1455.6,630.03,396937.19,1822.2,H
33,-1686.2,-674.75,438.59,192365.44,1642.0,H
34,-449.4,-275.55,125.08,15645.82,433.4,H
35,-1812.1,-1067.8,559.93,313521.92,1769.0,H
36,-760.8,-451.15,205.93,42407.91,643.8,H
37,-1691.4,-969.3,385.92,148936.36,1574.6,H
38,-3135.7,-825.2,992.25,984561.04,2961.4,H
39,-35.2,-19.7,15.5,240.25,31.0,S
40,-334.7,-225.2,86.71,7518.81,326.2,S
41,-1376.8,-234.4,436.48,190511.97,1367.6,S
42,-720.9,-131.85,250.31,62655.91,711.7,S
43,-416.7,-240.5,124.33,15458.11,397.9,S
44,-756.2,-259.6,217.59,47345.19,693.7,S
45,-734.4,-222.8,215.7,46525.81,719.6,S
46,-291.1,-111.05,108.71,11818.88,287.4,S
47,-694.8,-420.95,260.19,67697.67,687.2,S
48,,S,,,,
49,-529.3,-285.9,157.52,24812.88,500.3,S
50,-2250.2,-823.7,756.88,572869.14,2222.0,S
51,-55.0,-21.7,16.71,279.27,44.1,S
52,-944.6,-128.9,316.89,100421.71,915.0,S
53,-468.6,-283.8,187.98,35335.15,467.0,S
54,-1146.7,-402.,317.9,101062.9,1133.4,S
55,-690.1,-117.5,220.42,48585.57,686.3,S
56,-371.8,-288.05,108.84,11846.75,271.3,S
57,-271.4,-205.25,84.66,7167.37,228.3,S
58,-800.8,-516.75,269.4,72577.69,762.7,S
59,-602.6,-359.7,196.96,38793.61,577.3,S
60,-315.9,-212.2,94.74,8976.56,299.5,S
61,-605.1,-309.9,149.37,22310.38,458.0,S
62,-687.8,-289.8,196.58,38645.34,687.2,S
63,-367.8,-192.65,106.6,11362.89,364.0,S
64,-534.2,-254.45,164.83,27169.31,520.3,S
65,-990.9,-340.7,266.84,71202.96,962.3,S
66,-640.4,-295.3,201.68,40672.88,633.8,S
67,-992.4,-753.55,270.89,73381.95,896.9,S
68,-32.4,-32.4,0.0,0.0,0.0,S
69,-328.4,-188.,83.16,6915.6,277.5,S
70,-0.7,-0.7,0.0,0.0,0.0,S
71,-1570.0,-944.55,465.45,216643.09,1449.8,S
72,-702.0,-215.8,205.14,42080.71,691.9,S
73,-782.9,-137.3,271.23,73566.69,772.5,S
74,-805.8,-429.05,217.87,47468.37,803.4,S
75,-906.6,-699.8,225.84,51004.09,765.7,S
76,-2236.4,-1285.6,572.21,327422.52,2147.9,S
77,-588.4,-350.9,174.27,30369.35,522.2,S
0,-1509.0,-713.8,424.41,180127.9,1358.4,H
1,-3352.7,-451.2,1212.5,1470158.7,3349.1,H
2,-392.1,-217.9,140.25,19669.88,387.5,H
3,-892.8,-525.4,270.23,73021.9,817.8,H
4,-655.4,-542.6,199.01,39603.97,574.9,H
5,-3126.8,-523.8,896.13,803043.2,2917.3,H
6,-1192.5,-666.2,393.06,154496.38,1119.9,H
7,-298.8,-208.05,90.75,8235.56,181.5,H
8,-1016.5,-395.95,281.74,79376.45,970.1,H
9,-802.6,-557.7,206.86,42790.74,761.1,H
10,-2003.0,-506.5,516.47,266744.61,1859.8,H
11,-1074.8,-499.1,261.22,68238.03,970.3,H
12,-1958.9,-449.35,539.58,291145.1,1616.5,H
13,-1394.2,-729.8,421.28,177474.25,1327.6,H
14,-1399.4,-451.,396.35,157090.95,1389.9,H
15,-1549.3,-929.9,321.22,103179.59,1018.4,H
16,-951.4,-297.,242.94,59017.55,881.5,H
17,-1188.6,-467.6,378.61,143345.66,1163.4,H
18,-2178.7,-538.8,775.82,601892.75,2164.0,H
19,-666.8,-355.6,220.31,48534.53,604.7,H
20,-941.4,-303.9,320.05,102434.67,876.2,H
21,-1590.7,-976.9,397.6,158089.31,1517.6,H
22,-1555.2,-409.2,532.28,283321.35,1522.4,H
23,-1944.0,-1313.9,501.54,251537.6,1847.0,H
24,-754.9,-521.4,179.71,32295.62,743.0,H
25,-792.8,-343.2,255.69,65378.58,776.0,H
26,,H,,,,
27,-2396.6,-1647.85,539.38,290928.24,2144.7,H
28,-1232.3,-382.9,379.1,143718.82,1158.9,H
29,-1483.2,-420.1,432.29,186871.67,1479.2,H
30,-325.4,-226.,133.91,17930.84,320.4,H
31,-1313.0,-635.8,400.04,160030.33,1284.8,H
32,-2685.4,-963.85,714.01,509804.32,2327.0,H
33,-1249.5,-505.35,335.27,112406.19,1232.7,H
34,-1564.2,-1306.2,457.75,209536.16,1427.3,H
35,-1186.6,-346.7,340.34,115831.18,1035.4,H
36,-2864.6,-1443.1,715.27,511604.74,2833.3,H
37,-702.8,-402.5,262.95,69143.33,701.4,H
38,-3557.4,-941.9,996.56,993135.52,3321.3,H
39,-290.4,-155.2,83.94,7045.99,289.8,S
40,-654.8,-206.1,178.24,31770.36,651.8,S
41,-593.0,-285.9,172.26,29674.88,583.2,S
42,-273.7,-193.2,84.9,7207.97,256.4,S
43,-995.9,-567.5,270.77,73319.02,954.7,S
44,-151.4,-44.7,51.41,2643.11,145.8,S
45,-917.9,-203.1,308.03,94881.65,892.8,S
46,-706.9,-409.8,254.39,64716.42,660.0,S
47,-259.4,-193.35,60.1,3612.19,140.9,S
48,-231.8,-167.2,52.56,2762.45,159.5,S
49,-412.4,-55.55,129.75,16836.19,410.6,S
50,-608.2,-400.9,186.05,34614.92,605.2,S
51,-762.0,-317.45,203.28,41321.54,733.3,S
52,-203.9,-129.1,52.84,2792.44,153.3,S
53,-577.1,-375.75,168.64,28440.03,514.8,S
54,-386.9,-172.9,105.43,11114.62,361.3,S
55,-871.7,-455.5,293.51,86151.05,862.2,S
56,-703.2,-415.3,220.52,48627.96,649.7,S
57,-56.0,-29.4,26.6,707.56,53.2,S
58,-202.4,-173.7,55.37,3066.01,141.2,S
59,-554.9,-193.1,146.65,21506.3,482.5,S
60,-1501.8,-366.9,447.37,200141.58,1500.8,S
61,-994.8,-532.75,348.69,121583.0,983.6,S
62,-1171.0,-731.45,325.99,106269.74,1119.0,S
63,-1040.8,-374.1,251.19,63096.53,1010.0,S
64,-518.7,-246.9,123.97,15368.31,455.7,S
65,-306.6,-182.1,83.77,7017.17,232.2,S
66,-620.3,-339.9,172.49,29753.76,590.8,S
67,-561.0,-254.7,176.07,31001.38,539.7,S
68,,S,,,,
69,-924.0,-434.6,234.64,55057.18,791.5,S
70,-1193.9,-594.7,294.64,86810.01,1141.2,S
71,-746.4,-355.2,224.82,50543.49,718.1,S
72,-561.7,-419.5,191.44,36647.56,515.7,S
73,-1164.1,-334.55,316.37,100091.65,1142.2,S
74,-314.0,-277.45,81.37,6620.54,227.5,S
75,-942.7,-325.2,303.74,92254.99,913.8,S
76,-1496.4,-734.1,352.38,124171.01,1268.8,S
77,-10.1,-10.1,0.0,0.0,0.0,S
0,-1935.7,-535.6,539.59,291155.39,1884.8,H
1,-1318.6,-560.4,394.21,155404.41,1292.7,H
2,-958.4,-485.25,288.25,83088.84,930.6,H
3,-1532.4,-596.5,503.22,253226.8,1417.1,H
4,-1707.3,-872.7,605.62,366780.95,1698.9,H
5,-2838.9,-810.75,964.02,929332.74,2765.5,H
6,-732.6,-355.6,200.18,40070.33,701.2,H
7,-1933.5,-527.25,578.16,334272.98,1924.1,H
8,-1993.4,-350.45,538.03,289477.42,1944.7,H
9,-1454.7,-536.1,420.8,177069.24,1378.3,H
10,-817.6,-332.6,207.89,43218.93,752.5,H
11,,H,,,,
12,-522.4,-327.55,145.33,21120.35,441.9,H
13,-2977.6,-2037.8,941.82,887021.25,2915.9,H
14,-2662.8,-1821.8,878.55,771847.08,2634.8,H
15,-126.6,-96.8,25.86,668.58,63.3,H
16,-9183.3,-487.2,2925.87,8560689.51,9177.1,H
17,-456.0,-298.1,117.54,13814.76,367.2,H
18,-2013.2,-619.,668.36,446698.6,1907.4,H
19,-299.8,-187.2,104.89,11002.02,256.3,H
20,-1081.7,-404.85,335.79,112755.29,1041.3,H
21,-553.7,-314.9,177.28,31429.76,491.9,H
22,-95.5,-56.1,31.88,1016.56,95.0,H
23,-448.7,-397.8,148.43,22030.44,401.3,H
24,-3387.5,-1319.5,1160.03,1345658.06,3339.8,H
25,-1882.0,-859.45,724.96,525568.02,1821.4,H
26,-912.1,-345.15,302.02,91216.9,860.2,H
27,-26.8,-5.2,8.64,74.6,26.4,H
28,-24.4,-6.5,6.74,45.47,24.2,H
29,-447.3,-226.7,113.01,12771.89,440.0,H
30,-467.2,-237.,150.61,22684.66,411.0,H
31,-22.4,-9.,6.62,43.82,22.2,H
32,-1846.0,-909.45,586.88,344431.43,1845.4,H
33,,H,,,,
34,-1970.8,-1011.4,575.77,331516.56,1879.1,H
35,-331.7,-186.7,110.59,12231.13,275.9,H
36,-740.6,-245.4,259.63,67408.97,722.5,H
37,-1051.9,-419.5,386.47,149358.43,1021.9,H
38,-1092.8,-708.4,353.43,124915.54,1000.1,H
39,-670.9,-349.8,179.26,32132.85,669.9,S
40,-172.0,-134.4,39.14,1532.27,93.6,S
41,-1272.3,-773.8,404.93,163967.16,1237.7,S
42,-614.5,-204.8,174.28,30372.95,612.9,S
43,-649.4,-303.25,170.93,29217.74,561.2,S
44,-1572.7,-399.8,437.79,191662.29,1540.5,S
45,-285.2,-183.45,90.41,8173.14,275.6,S
46,-1475.8,-996.5,466.42,217546.65,1403.9,S
47,-606.8,-227.7,168.54,28406.45,586.1,S
48,-597.2,-302.,211.9,44902.66,580.5,S
49,-1136.0,-834.6,346.85,120306.73,1089.5,S
50,-1399.0,-415.,424.2,179943.08,1355.6,S
51,-2695.3,-921.1,1028.99,1058817.96,2686.7,S
52,-445.5,-128.,147.8,21844.59,438.6,S
53,-2234.6,-983.8,748.34,560013.2,2185.4,S
54,-1337.4,-809.3,386.06,149041.38,1319.1,S
55,-1703.8,-562.55,446.02,198933.36,1565.8,S
56,-1039.6,-483.25,297.72,88638.83,1034.6,S
57,-1219.4,-563.9,357.95,128126.92,1198.8,S
58,-1029.5,-592.75,264.57,69996.61,1019.7,S
59,-1372.0,-537.2,355.22,126181.55,1330.5,S
60,-884.2,-364.75,308.31,95057.05,851.4,S
61,-1671.1,-513.8,509.96,260057.47,1666.9,S
62,-648.7,-217.8,201.39,40559.54,564.3,S
63,-1020.9,-747.5,350.59,122912.59,970.3,S
64,-853.3,-676.3,248.67,61835.72,699.1,S
65,-233.4,-88.1,73.27,5368.7,222.2,S
66,-1476.8,-695.7,511.3,261426.37,1464.1,S
67,-814.6,-323.8,217.84,47452.24,812.4,S
68,-361.9,-212.,125.61,15777.01,352.6,S
69,-21.1,-6.55,5.8,33.64,20.7,S
70,-759.2,-476.5,287.08,82414.65,757.5,S
71,,S,,,,
72,-511.6,-69.5,175.66,30856.58,510.2,S
73,-918.8,-244.1,287.12,82436.72,911.2,S
74,-428.1,-272.95,134.55,18102.96,375.0,S
75,-293.2,-107.05,101.59,10319.55,279.9,S
76,-1340.4,-480.1,374.52,140263.74,1213.6,S
77,-784.0,-578.2,240.61,57895.18,745.4,S
0,-8471.2,-4377.4,2749.6,7560314.62,8373.6,H
1,-5427.2,-1641.4,1502.44,2257326.06,5227.7,H
2,-4767.5,-1778.65,1276.42,1629248.23,4724.5,H
3,-2615.1,-1428.8,829.68,688361.5,2473.4,H
4,-9328.7,-7254.1,2800.68,7843826.36,9167.1,H
5,,H,,,,
6,-10620.2,-3918.4,3336.36,11131310.16,10485.6,H
7,-2051.1,-1032.75,427.88,183080.74,1789.9,H
8,-2449.1,-1686.,574.43,329975.04,2328.6,H
9,-17675.8,-7694.95,4016.1,16129052.21,16777.2,H
10,-14717.6,-5939.2,5176.18,26792798.0,14007.8,H
11,-20086.6,-11015.6,6465.69,41805177.48,19873.8,H
12,-4048.0,-2152.95,1244.96,1549919.26,3975.2,H
13,-13194.0,-5693.2,2785.67,7759978.61,10681.2,H
14,-5060.4,-1341.95,1510.31,2281025.51,4886.0,H
15,-3414.0,-1829.5,1179.38,1390945.47,3396.1,H
16,-7818.4,-1388.8,1930.85,3728169.92,7811.4,H
17,-4539.8,-2414.,1591.04,2531397.11,4505.0,H
18,-9368.8,-5656.35,2303.65,5306797.28,8223.1,H
19,-981.5,-842.45,68.85,4740.52,176.7,H
20,-5701.1,-3916.4,1683.66,2834695.99,5641.5,H
21,-15813.0,-9839.,5842.79,34138152.98,14533.9,H
22,-4872.0,-2490.3,1405.02,1974080.49,4654.5,H
23,-13738.4,-12298.6,4474.0,20016710.17,13274.8,H
24,-11405.2,-6194.5,2986.23,8917548.88,10639.3,H
25,-6541.4,-3846.6,2512.37,6312002.88,6329.9,H
26,-11381.7,-7750.8,3549.01,12595503.82,11108.1,H
27,-1017.5,-571.5,331.96,110200.37,980.3,H
28,-12313.6,-2329.,3029.38,9177122.85,12152.0,H
29,-26169.0,-22507.25,7816.14,61091991.26,24013.1,H
30,-2754.4,-1960.85,964.9,931033.05,2716.4,H
31,-11096.6,-9273.3,3023.05,9138826.97,9672.7,H
32,-3110.3,-2207.1,1091.74,1191892.94,3021.5,H
33,-8847.8,-4698.3,2822.72,7967753.84,8698.7,H
34,-10591.7,-4815.4,2826.84,7991039.55,9948.6,H
35,-13199.1,-6432.4,4123.1,16999962.14,12690.3,H
36,-33100.0,-9.54e+03,11800.0,140000000.0,32900.0,H
37,-10635.0,-8344.6,2368.92,5611782.69,9072.6,H
38,-9621.0,-6117.7,3408.26,11616248.76,9608.5,H
39,-4732.8,-1639.8,1192.23,1421401.99,4590.2,S
40,-4295.2,-2517.4,1520.04,2310521.47,4235.4,S
41,-5557.8,-1844.6,1571.31,2469020.12,5442.6,S
42,-9512.2,-2364.6,2561.85,6563068.07,9354.0,S
43,-2249.8,-1452.8,694.7,482608.15,1952.1,S
44,-8829.3,-5230.55,2622.23,6876090.45,8429.4,S
45,-9301.6,-3135.3,2641.88,6979510.95,8968.8,S
46,-4380.6,-2514.7,1208.45,1460356.7,4308.7,S
47,-2855.0,-885.75,968.25,937516.98,2838.4,S
48,-5185.8,-1437.,1439.53,2072250.83,4945.9,S
49,-7087.3,-4365.,2502.52,6262592.52,6969.8,S
50,-2508.7,-1298.65,798.05,636883.63,2463.3,S
51,-7994.3,-4642.7,2020.84,4083798.77,7836.1,S
52,-10135.9,-6909.7,2606.64,6794568.11,7942.3,S
53,-5334.4,-1929.6,1496.63,2239892.7,5256.6,S
54,-3216.9,-2269.4,1064.41,1132962.74,3074.7,S
55,-7817.7,-6880.3,2610.18,6813059.2,6965.1,S
56,-3812.5,-1710.1,1192.21,1421370.86,3431.2,S
57,-7941.8,-3089.4,2848.59,8114452.81,7879.1,S
58,-3736.1,-1533.6,1076.02,1157828.27,3563.7,S
59,-3606.8,-1196.4,1190.78,1417967.97,3545.4,S
60,-3821.6,-1387.6,1083.04,1172970.75,3766.9,S
61,-4119.6,-1715.4,1040.44,1082515.38,4031.9,S
62,-9748.9,-6060.6,2748.05,7551778.73,8876.0,S
63,-4650.6,-2963.95,1385.67,1920088.29,4477.0,S
64,-7299.7,-4706.1,2123.26,4508248.41,7000.3,S
65,-603.6,-603.6,0.0,0.0,0.0,S
66,-7803.4,-2281.5,1998.77,3995096.94,7416.0,S
67,-7481.6,-5038.6,1876.56,3521491.27,6986.1,S
68,-5564.4,-3729.35,1606.19,2579835.39,5277.3,S
69,-3617.1,-2679.6,1255.45,1576155.57,3417.3,S
70,-7347.8,-4359.2,1680.53,2824194.22,5775.4,S
71,-6737.4,-3589.85,1719.52,2956754.27,5688.8,S
72,-11043.5,-9100.95,1930.93,3728496.64,7275.5,S
73,-5679.4,-3295.,1845.12,3404462.24,5649.6,S
74,-14381.6,-8323.4,4873.83,23754253.49,13922.2,S
75,-8994.6,-2395.4,2720.66,7401977.3,8561.8,S
76,-7740.6,-3978.65,2089.62,4366500.06,7247.2,S
77,-3574.0,-1268.4,1071.91,1148996.04,3461.5,S
0,-31.8,-6.55,7.08,50.13,31.0,H
1,-30.2,-7.6,9.36,87.64,29.3,H
2,-21.2,-9.05,6.6,43.55,21.0,H
3,-21.7,-7.8,6.32,39.94,20.5,H
4,-1255.3,-656.15,372.88,139043.1,1174.9,H
5,-1511.2,-387.6,439.25,192939.41,1459.3,H
6,-921.8,-353.4,270.48,73159.96,870.1,H
7,-2646.7,-393.0,944.37,891826.09,2638.8,H
8,-1403.0,-165.05,350.58,122903.64,1402.9,H
9,-1997.8,-693.8,587.09,344677.55,1954.8,H
10,-2926.9,-535.6,756.91,572916.91,2878.0,H
11,-645.8,-264.0,243.99,59533.55,632.5,H
12,-678.0,-231.5,198.29,39320.45,671.1,H
13,-1060.9,-566.75,231.58,53631.18,939.2,H
14,-1297.7,-626.65,329.64,108660.45,1276.1,H
15,-2268.4,-939.65,813.2,661288.94,2242.4,H
16,-1223.8,-202.4,398.45,158764.77,1155.2,H
17,-1161.1,-540.8,369.89,136817.87,1150.9,H
18,-425.4,-164.75,104.14,10846.14,412.6,H
19,-1838.6,-445.8,482.31,232618.55,1829.5,H
20,-1043.9,-301.25,330.62,109306.81,1028.1,H
21,-732.1,-404.8,190.4,36250.66,713.0,H
22,-1525.6,-331.25,457.99,209752.19,1516.8,H
23,-1275.7,-257.9,359.66,129354.03,1252.9,H
24,-1553.7,-470.75,449.98,202479.05,1519.3,H
25,-901.4,-195.05,210.92,44488.24,844.0,H
26,-1319.8,-352.4,454.66,206719.19,1227.8,H
27,-1059.8,-244.0,330.23,109052.82,1043.1,H
28,-729.1,-428.6,195.93,38389.32,666.6,H
29,-1578.2,-406.4,455.32,207319.49,1547.7,H
30,-1064.1,-640.8,288.81,83412.51,1003.9,H
31,-978.8,-157.0,293.0,85851.35,928.5,H
32,-1355.5,-529.2,350.94,123156.99,1312.0,H
33,-685.3,-447.8,218.31,47659.03,632.6,H
34,-1813.0,-815.9,638.41,407567.42,1733.2,H
35,-872.4,-245.75,284.98,81213.91,859.1,H
36,-1711.4,-326.3,600.99,361190.85,1674.1,H
37,-1938.0,-497.0,533.14,284236.07,1792.9,H
38,-1516.6,-460.4,565.58,319876.64,1502.4,H
39,-21.0,-7.85,5.98,35.77,20.6,S
40,-20.5,-11.5,5.73,32.85,18.8,S
41,-22.4,-13.0,6.93,48.0,22.2,S
42,-32.9,-12.15,7.75,60.05,32.3,S
43,-28.2,-12.95,10.16,103.19,27.4,S
44,-477.2,-264.95,130.7,17083.48,415.9,S
45,-454.2,-337.9,126.08,15895.17,446.4,S
46,-1515.0,-369.2,402.67,162140.44,1513.0,S
47,-486.4,-191.0,137.79,18987.07,446.4,S
48,-1103.5,-368.3,289.09,83574.13,1072.9,S
49,-479.0,-163.9,146.1,21344.5,462.8,S
50,-1706.0,-414.05,492.92,242968.41,1693.4,S
51,-1359.0,-681.1,487.73,237875.91,1353.6,S
52,-1660.8,-684.1,550.83,303416.83,1642.9,S
53,-892.2,-354.35,304.16,92514.74,887.5,S
54,-1031.4,-456.2,373.38,139414.28,1019.1,S
55,-1527.5,-1001.55,470.18,221068.41,1516.1,S
56,-943.7,-233.5,262.41,68857.56,930.7,S
57,-1498.5,-415.5,481.42,231765.46,1430.7,S
58,-737.6,-395.3,234.23,54863.29,724.0,S
59,-279.0,-148.0,86.48,7478.35,263.9,S
60,-966.7,-634.4,298.75,89250.25,954.4,S
61,-38.0,-9.7,10.63,113.06,37.5,S
62,-1656.8,-850.4,430.59,185408.34,1559.7,S
63,-660.2,-231.8,207.93,43234.61,651.4,S
64,-1183.7,-558.0,328.6,107978.2,1116.7,S
65,-730.7,-195.0,235.78,55590.43,706.8,S
66,-1365.4,-694.3,439.48,193146.01,1348.4,S
67,-1709.3,-483.2,470.15,221036.72,1708.2,S
68,-1014.5,-645.7,299.87,89923.19,988.0,S
69,-917.0,-260.0,239.8,57505.14,885.6,S
70,-299.7,-113.8,85.55,7318.67,296.0,S
71,-1131.7,-830.0,349.79,122354.83,981.8,S
72,-816.0,-337.8,245.69,60365.34,810.3,S
73,-614.8,-338.9,234.47,54976.12,602.1,S
74,-663.6,-112.1,219.6,48226.11,634.3,S
75,-577.1,-243.6,122.26,14946.91,517.9,S
76,-756.4,-369.25,260.7,67965.08,750.7,S
77,-238.9,-119.45,72.63,5275.66,209.0,S
0,-3757.2,-1443.8,1067.32,1139177.57,3718.8,H
1,-737.0,-366.8,234.5,54990.9,680.8,H
2,-1296.2,-445.7,450.28,202755.1,1294.3,H
3,-4561.0,-1264.2,1409.49,1986657.64,4505.8,H
4,-4475.2,-1790.25,1138.59,1296386.46,4184.7,H
5,-5658.5,-2365.0,1664.7,2771216.56,5609.2,H
6,-4142.8,-2222.55,1129.61,1276013.08,3994.0,H
7,-6001.5,-3681.85,1804.27,3255385.66,5544.4,H
8,-6833.8,-1575.35,2178.47,4745718.31,6769.6,H
9,-501.8,-429.85,123.61,15280.66,324.7,H
10,-6123.6,-1767.9,1971.02,3884933.65,6050.1,H
11,-3579.0,-702.15,1139.59,1298671.54,3414.4,H
12,-1492.3,-850.6,400.2,160156.92,1336.6,H
13,-6498.9,-1301.3,2360.15,5570329.42,6477.4,H
14,-1330.4,-686.6,492.43,242482.69,1321.6,H
15,-2222.8,-938.9,756.8,572740.19,2049.2,H
16,-5105.6,-1289.0,1510.89,2282797.86,5045.7,H
17,-3313.2,-2275.4,874.11,764071.44,3294.5,H
18,-3320.4,-1380.15,926.36,858139.59,3270.0,H
19,-2964.0,-1269.0,867.86,753174.3,2871.4,H
20,-5679.3,-1200.75,1916.17,3671718.75,5427.8,H
21,-6464.4,-2754.2,2127.16,4524824.75,6397.5,H
22,-4344.9,-1862.4,1340.64,1797307.67,4243.5,H
23,-3946.4,-699.8,1211.29,1467221.91,3766.4,H
24,-4582.2,-1607.6,1559.8,2432987.67,4376.3,H
25,-4101.5,-2549.4,1264.66,1599366.21,3831.5,H
26,-1974.3,-360.9,606.83,368236.92,1954.7,H
27,-7108.0,-930.8,2376.76,5649009.11,7073.2,H
28,-6205.1,-2129.8,1754.73,3079086.42,6013.2,H
29,-4460.5,-3149.6,1413.59,1998239.48,4217.5,H
30,-4824.6,-3047.65,1447.01,2093834.14,4736.6,H
31,-5742.2,-2993.7,1600.43,2561370.61,5663.2,H
32,-915.8,-617.9,268.83,72271.38,836.0,H
33,-5299.9,-3202.5,1617.11,2615041.12,5252.9,H
34,-2893.4,-629.2,1035.55,1072371.51,2770.0,H
35,-5397.7,-2755.1,1443.63,2084061.3,5327.9,H
36,-8282.1,-1899.55,2685.5,7211900.04,8220.9,H
37,-5579.8,-1825.4,1671.19,2792892.2,5565.8,H
38,-4032.0,-1866.4,1287.66,1658073.81,3951.2,H
39,-1340.0,-638.2,419.47,175956.45,1298.2,S
40,-4763.2,-1803.2,1401.05,1962933.95,4655.0,S
41,-3130.3,-1388.65,750.16,562742.67,2824.9,S
42,-2529.9,-1170.75,752.6,566413.96,2456.7,S
43,-1488.8,-757.9,499.72,249716.02,1478.8,S
44,-3803.1,-1457.4,1085.42,1178138.52,3754.7,S
45,-11549.6,-981.5,4059.32,16478061.69,11510.2,S
46,-3836.5,-1256.2,1316.84,1734066.54,3819.5,S
47,-2028.3,-1208.3,646.36,417776.42,1948.7,S
48,-7951.0,-920.6,2607.61,6799606.14,7817.3,S
49,-1044.5,-240.9,361.09,130387.67,976.4,S
50,-4493.3,-1450.25,1572.3,2472139.25,4442.8,S
51,-4687.9,-1058.7,1407.81,1981916.85,4638.1,S
52,-4569.0,-2266.4,1076.98,1159883.31,4306.8,S
53,-7868.8,-3936.6,2510.76,6303901.27,7571.3,S
54,-2232.9,-778.3,672.21,451866.3,2209.8,S
55,-2919.2,-2151.85,740.14,547811.13,2104.9,S
56,-2783.0,-641.8,742.9,551894.09,2726.0,S
57,-4244.0,-1993.9,1216.39,1479611.64,4188.5,S
58,-2483.6,-1666.5,911.67,831148.07,2392.6,S
59,-4779.0,-1512.6,1457.24,2123534.19,4757.4,S
60,-3509.5,-2056.1,1079.56,1165448.85,3461.6,S
61,-4210.0,-2843.9,1191.22,1419007.79,4102.4,S
62,-2226.1,-991.5,561.71,315518.12,2073.2,S
63,-2805.9,-2064.95,994.27,988573.04,2478.8,S
64,-4976.5,-1570.5,1409.77,1987449.8,4922.2,S
65,-7239.4,-1614.7,2201.98,4848732.12,7165.4,S
66,-2432.3,-995.3,620.21,384666.01,2193.2,S
67,-2930.1,-1225.5,710.74,505156.71,2886.7,S
68,-1510.0,-1129.7,546.18,298311.61,1503.7,S
69,-1890.1,-1258.85,721.38,520391.08,1814.7,S
70,-4553.4,-1863.0,1374.21,1888455.84,4449.3,S
71,-3331.0,-1151.5,1093.96,1196743.44,3299.5,S
72,-3552.0,-1554.8,1168.57,1365554.38,3543.4,S
73,-6258.5,-1786.2,1855.17,3441671.28,6168.5,S
74,-6853.2,-1915.05,2192.99,4809195.75,6793.5,S
75,-4604.6,-2060.6,1506.76,2270321.14,4426.6,S
76,-3665.1,-1245.4,1136.95,1292658.99,3605.3,S
77,-3255.3,-1403.2,1095.83,1200846.14,3208.0,S
0,-5652.4,-2929.0,1445.67,2089962.39,5200.5,H
1,-1768.2,-939.4,532.11,283141.3,1525.1,H
2,-3373.0,-1739.2,1046.36,1094875.61,3334.5,H
3,-2301.0,-500.75,749.56,561843.2,2283.2,H
4,-1041.0,-389.0,336.31,113104.79,934.8,H
5,-3030.6,-1427.95,725.97,527027.34,2798.6,H
6,-3039.0,-491.7,966.84,934785.4,2987.8,H
7,-3651.8,-2079.6,951.55,905453.5,3523.8,H
8,-3326.8,-1307.8,877.72,770388.34,3319.6,H
9,-971.6,-510.6,242.11,58618.8,825.8,H
10,-2279.0,-889.7,666.75,444561.46,2244.8,H
11,-3471.6,-383.8,1168.51,1365407.74,3432.7,H
12,-3329.1,-2155.8,1065.91,1136161.08,3301.1,H
13,-2795.8,-958.9,776.14,602388.57,2630.8,H
14,-1985.5,-167.35,615.04,378279.82,1973.3,H
15,-2848.5,-1737.2,789.49,623289.97,2615.8,H
16,-1328.2,-512.1,440.13,193716.3,1280.4,H
17,-5188.2,-2069.2,2017.11,4068747.82,5122.2,H
18,-3219.9,-1832.5,928.05,861284.89,3114.5,H
19,-2729.0,-1897.15,810.78,657371.74,2633.7,H
20,-2293.2,-1113.3,628.56,395088.99,2267.4,H
21,-6056.6,-2109.4,1507.04,2271179.03,5232.4,H
22,-2495.9,-1242.7,579.38,335685.41,2297.0,H
23,-3956.4,-1283.1,1021.06,1042555.59,3652.7,H
24,-4720.0,-1130.9,1494.47,2233432.67,4515.2,H
25,-876.0,-266.5,219.29,48086.81,764.9,H
26,-2956.1,-1072.9,923.16,852232.5,2902.8,H
27,-4590.4,-1603.25,1305.95,1705507.02,4528.4,H
28,-5833.1,-1587.0,1857.05,3448641.88,5810.9,H
29,-5642.0,-2179.4,1665.32,2773282.98,5525.6,H
30,-4939.9,-2339.6,1303.7,1699640.77,4847.3,H
31,-1235.4,-673.8,403.43,162757.22,1181.9,H
32,-2895.1,-1256.9,742.78,551726.67,2856.3,H
33,-4619.4,-2929.05,1205.95,1454323.61,3852.6,H
34,-3122.1,-1301.8,898.19,806739.46,3084.7,H
35,-2846.2,-1266.8,770.06,592987.12,2813.5,H
36,-3648.4,-2524.65,923.62,853081.08,2689.6,H
37,-2407.2,-351.0,791.67,626736.37,2366.4,H
38,-3608.4,-1765.6,905.23,819438.37,3526.1,H
39,-2347.4,-921.8,738.9,545976.3,2314.7,S
40,-1771.1,-541.35,625.41,391135.18,1604.5,S
41,-2614.6,-1454.55,726.22,527397.73,2571.8,S
42,-5884.6,-1176.5,2214.91,4905839.32,5835.0,S
43,-3413.5,-1386.05,939.81,883243.87,3210.8,S
44,-5155.0,-2308.8,1629.08,2653905.05,4981.2,S
45,-1677.0,-1316.8,550.85,303437.19,1644.2,S
46,-2399.3,-1109.7,615.22,378491.64,1958.9,S
47,-1938.2,-1232.25,506.53,256570.8,1832.6,S
48,-854.8,-615.7,228.59,52254.2,852.8,S
49,-2656.7,-1167.4,823.23,677704.49,2602.7,S
50,-2988.6,-643.8,817.45,668226.45,2795.5,S
51,-1643.2,-1064.7,473.63,224326.5,1469.7,S
52,-4007.6,-1259.9,1466.04,2149271.22,4001.3,S
53,-1393.3,-709.3,346.93,120357.58,1234.4,S
54,-2014.2,-1108.9,587.76,345456.57,1966.2,S
55,-2029.1,-1523.4,633.29,401059.74,1872.1,S
56,-3147.3,-1856.1,787.75,620544.93,2906.9,S
57,-4130.5,-959.4,1213.59,1472803.45,4109.9,S
58,-3598.5,-999.1,1308.79,1712920.51,3369.0,S
59,-2249.8,-467.6,641.92,412054.95,2212.7,S
60,-2222.0,-1231.8,653.28,426780.6,2184.9,S
61,-2895.2,-1196.25,832.7,693395.42,2783.8,S
62,-3851.5,-3059.2,1358.05,1844311.94,3837.0,S
63,-1522.3,-931.4,393.32,154701.65,1253.3,S
64,-3622.2,-342.6,1326.53,1759688.41,3564.7,S
65,-2960.4,-1667.7,761.82,580371.91,2713.4,S
66,-3469.3,-1394.7,809.94,655997.6,3371.6,S
67,-4236.5,-559.45,1331.93,1774034.42,4084.0,S
68,-2789.0,-1512.15,982.52,965347.44,2755.6,S
69,-3212.4,-1878.4,948.69,900005.94,3205.6,S
70,-3749.4,-2487.0,1103.3,1217264.34,3154.4,S
71,-2487.2,-965.2,689.67,475651.2,2261.8,S
72,-4568.3,-539.15,1606.58,2581100.14,4536.5,S
73,-2755.9,-2256.3,713.78,509476.88,2022.0,S
74,-1488.8,-1151.5,290.44,84357.05,645.1,S
75,-3413.0,-1981.1,907.75,824005.22,2828.8,S
76,-3926.6,-1554.2,1181.18,1395194.22,3817.3,S
77,-4117.8,-1173.3,1103.84,1218473.76,4008.4,S
0,-10215.0,-1204.3,3541.82,12544461.11,10166.0,H
1,-11257.4,-2875.4,3774.06,14243511.73,10992.5,H
2,-9674.8,-1294.3,3398.93,11552705.04,9629.4,H
3,-8337.4,-2321.9,2465.07,6076558.46,8200.9,H
4,-6327.7,-466.5,2022.69,4091289.92,6323.6,H
5,-10479.8,-2548.05,2928.74,8577491.32,10316.1,H
6,-8005.1,-605.5,2634.47,6940411.65,8004.0,H
7,-6778.5,-1041.9,2182.88,4764951.5,6775.7,H
8,-9862.9,-876.75,3030.79,9185689.68,9852.7,H
9,-6703.8,-404.9,2637.63,6957100.74,6694.9,H
10,-11127.8,-2912.6,4205.48,17686034.15,11084.3,H
11,-11524.5,-1012.65,3530.2,12462334.24,11459.5,H
12,-4132.7,-637.4,1495.99,2237990.89,4120.2,H
13,-6079.1,-403.0,1762.17,3105236.33,6077.1,H
14,-8096.2,-283.55,3067.67,9410586.31,8066.7,H
15,-7482.4,-957.75,2494.52,6222605.64,7454.8,H
16,-5523.9,-615.2,1992.11,3968493.98,5516.4,H
17,-7674.5,-2345.8,2453.56,6019979.73,7641.4,H
18,-6410.6,-907.5,1939.66,3762275.26,6319.2,H
19,-6755.8,-1252.65,2384.77,5687125.86,6557.2,H
20,-6970.3,-929.8,2326.01,5410303.01,6965.1,H
21,-11563.6,-5983.1,3479.52,12107029.84,11067.9,H
22,-7078.5,-3041.05,2285.34,5222781.2,7038.1,H
23,-6191.2,-1830.5,1920.31,3687584.94,6060.0,H
24,-5486.2,-1689.3,1549.22,2400083.93,5470.6,H
25,-7253.7,-719.45,2092.45,4378351.85,7217.9,H
26,-5293.2,-1437.65,1897.57,3600774.83,5289.2,H
27,-8903.1,-420.5,2705.66,7320581.63,8891.6,H
28,-5714.0,-2015.45,1809.26,3273421.22,5637.0,H
29,-7743.2,-1347.6,2815.24,7925552.66,7508.0,H
30,-6461.4,-3202.9,1782.32,3176676.27,5862.0,H
31,-5615.1,-1489.5,1710.25,2924964.03,5582.5,H
32,-8407.1,-1360.65,2947.57,8688145.25,8341.9,H
33,-8002.0,-1489.6,2930.51,8587867.7,7975.7,H
34,-7848.3,-1834.15,2234.78,4994220.42,7836.7,H
35,-6862.4,-789.8,2235.22,4996191.39,6772.0,H
36,-8991.0,-1951.6,2760.18,7618571.65,8937.3,H
37,-5726.5,-1156.7,1575.83,2483251.78,5690.2,H
38,-5957.7,-1736.3,1736.3,3014737.98,5932.2,H
39,-2428.4,-161.3,734.42,539378.78,2420.0,S
40,-1199.4,-622.5,392.19,153811.49,1132.5,S
41,-4295.6,-286.9,1440.58,2075262.29,4250.8,S
42,-2928.8,-638.5,920.1,846580.42,2651.6,S
43,-1984.3,-322.2,619.26,383477.84,1895.1,S
44,-2844.2,-493.45,917.89,842520.15,2828.3,S
45,-5502.1,-764.5,1710.24,2924922.32,5491.6,S
46,-3240.0,-329.2,1024.19,1048958.08,3233.7,S
47,-3197.1,-395.8,1069.84,1144556.38,3176.1,S
48,-5668.0,-296.2,1741.6,3033184.48,5624.4,S
49,-6756.3,-266.2,2153.31,4636736.66,6747.9,S
50,-1465.4,-646.4,411.1,169004.23,1421.4,S
51,-2127.9,-1120.8,681.9,464984.31,2103.5,S
52,-5682.5,-416.75,1951.16,3807021.11,5603.7,S
53,-2354.1,-497.3,629.45,396211.37,2268.4,S
54,-1396.8,-660.2,334.78,112078.1,1356.8,S
55,-1631.3,-953.4,460.67,212221.01,1615.0,S
56,-1221.5,-190.9,448.62,201255.92,1210.5,S
57,-4921.2,-1660.75,1759.87,3097155.13,4719.5,S
58,-2854.0,-713.45,765.99,586734.57,2747.4,S
59,-3466.7,-443.85,1040.98,1083629.34,3456.7,S
60,-1745.2,-384.3,481.26,231610.27,1739.6,S
61,-1584.4,-556.1,589.77,347823.19,1579.4,S
62,-4520.2,-610.45,1211.6,1467977.64,4501.0,S
63,-2950.8,-214.1,900.94,811699.66,2890.8,S
64,-1259.1,-666.2,342.52,117318.33,1246.4,S
65,-5673.4,-481.4,1921.88,3693617.51,5642.9,S
66,-2803.9,-521.2,698.02,487237.41,2753.2,S
67,-3056.2,-327.3,997.6,995203.32,3005.8,S
68,-4520.0,-2751.6,1095.22,1199508.87,3365.4,S
69,-2277.6,-428.75,646.51,417970.29,2273.1,S
70,-3143.3,-202.65,1087.83,1183373.06,3126.0,S
71,-2239.9,-176.0,742.72,551634.74,2208.6,S
72,-2817.4,-891.4,881.73,777456.42,2802.4,S
73,-3067.5,-863.0,909.51,827200.93,2978.4,S
74,-3962.5,-509.9,1339.05,1793066.54,3944.6,S
75,-4366.6,-699.35,1246.93,1554842.48,4313.4,S
76,-1961.2,-620.1,569.57,324407.65,1896.8,S
77,-4506.2,-1000.05,1216.53,1479933.54,4499.8,S
0,-770.6,-236.35,165.96,27543.56,726.4,H
1,-2138.0,-449.3,449.01,201609.95,2020.6,H
2,-1999.5,-550.35,549.96,302454.76,1908.8,H
3,-3069.0,-884.0,1094.86,1198711.3,3051.0,H
4,-2597.2,-2228.4,915.62,838356.8,2314.4,H
5,-1732.7,-722.8,442.32,195650.98,1545.1,H
6,-1409.2,-731.7,364.36,132761.14,1374.0,H
7,-1035.2,-615.8,325.51,105956.47,1016.4,H
8,-2963.6,-381.0,957.35,916526.49,2959.1,H
9,-2256.6,-1409.9,562.1,315954.71,1732.1,H
10,-1817.2,-395.4,668.39,446748.53,1727.2,H
11,-1255.7,-296.45,312.56,97694.9,1241.6,H
12,-902.0,-471.3,277.7,77119.66,808.3,H
13,-636.2,-279.6,163.59,26761.58,513.6,H
14,-1234.0,-669.7,388.66,151053.53,1192.7,H
15,-2200.7,-1490.0,559.05,312532.27,1886.3,H
16,-3293.6,-1210.1,1163.08,1352758.08,3273.5,H
17,-1695.5,-525.8,455.94,207881.73,1618.1,H
18,-2155.4,-512.6,606.05,367293.64,2133.0,H
19,-1901.2,-1075.4,452.6,204849.58,1778.7,H
20,-868.9,-383.7,314.98,99213.7,832.4,H
21,-1106.3,-254.05,353.68,125087.93,1078.7,H
22,-969.8,-315.9,288.66,83327.44,881.3,H
23,-2777.2,-700.9,901.36,812452.13,2732.2,H
24,-1951.6,-471.75,574.72,330306.02,1863.9,H
25,-1334.5,-452.5,441.53,194945.91,1303.5,H
26,-153.2,-85.05,68.15,4644.42,136.3,H
27,-1390.8,-529.8,422.04,178118.44,1247.0,H
28,-2716.4,-430.5,936.85,877695.47,2696.4,H
29,-1439.8,-291.2,389.55,151752.5,1333.1,H
30,-723.6,-397.9,182.28,33226.84,669.3,H
31,-611.3,-248.45,121.68,14806.2,582.8,H
32,-1457.7,-527.2,486.92,237086.94,1423.4,H
33,-1879.2,-762.2,535.73,287003.21,1807.7,H
34,-1775.6,-975.9,415.53,172669.03,1713.6,H
35,-1775.0,-760.5,483.19,233467.97,1711.0,H
36,-777.2,-354.3,171.82,29523.51,712.6,H
37,-733.1,-467.9,238.19,56732.56,713.6,H
38,-893.1,-330.25,319.91,102345.28,852.3,H
39,-1123.1,-271.8,284.36,80863.07,1093.7,S
40,-1085.2,-295.0,298.0,88802.34,985.5,S
41,-830.2,-149.6,234.26,54876.4,788.2,S
42,-2876.2,-436.7,969.7,940325.97,2843.5,S
43,-485.6,-276.0,126.13,15909.1,455.4,S
44,-647.9,-484.25,204.38,41772.72,577.7,S
45,-1576.7,-882.95,525.3,275944.06,1517.3,S
46,-1514.0,-925.6,475.62,226210.64,1418.6,S
47,-1401.2,-339.0,444.38,197477.47,1312.2,S
48,-1917.8,-596.7,625.99,391867.83,1911.3,S
49,-985.5,-495.7,299.37,89620.0,922.3,S
50,-418.1,-160.2,146.08,21338.42,416.8,S
51,-2265.6,-591.5,721.2,520132.35,2257.2,S
52,-1325.0,-545.2,480.42,230805.44,1209.8,S
53,-1188.0,-502.05,312.04,97371.28,1166.6,S
54,-734.3,-467.75,265.73,70612.17,730.7,S
55,-1286.4,-584.55,301.74,91047.4,1222.7,S
56,-1089.5,-589.0,305.74,93476.92,1000.4,S
57,-1225.9,-444.0,329.36,108480.12,1084.8,S
58,-469.6,-72.9,143.27,20527.24,465.8,S
59,-1054.4,-292.55,344.25,118504.81,1029.5,S
60,-1346.5,-1060.6,457.74,209530.12,1312.9,S
61,-1389.5,-194.2,480.44,230825.18,1367.1,S
62,-1597.0,-369.2,389.84,151974.42,1500.0,S
63,-1059.3,-612.2,276.88,76662.83,973.5,S
64,-1390.1,-452.2,460.39,211963.35,1373.6,S
65,-1686.1,-87.95,579.49,335803.72,1680.5,S
66,-2382.2,-361.75,693.12,480417.9,2340.1,S
67,-1246.8,-709.3,309.5,95790.05,1182.4,S
68,-598.8,-246.15,143.89,20705.39,565.3,S
69,-826.8,-304.4,235.53,55474.2,814.1,S
70,-202.7,-98.3,69.54,4836.37,186.7,S
71,-957.5,-410.3,218.4,47700.01,908.1,S
72,-1620.3,-302.6,600.93,361122.37,1612.4,S
73,-1387.8,-330.8,376.17,141504.82,1382.9,S
74,-645.9,-547.35,237.08,56207.89,634.3,S
75,-1270.8,-441.7,346.93,120360.28,1237.0,S
76,-1113.6,-770.95,326.86,106834.22,975.0,S
77,-1357.2,-368.65,343.68,118115.7,1257.2,S
0,-3852.6,-2261.35,1220.26,1489033.15,3684.1,H
1,-3620.0,-938.1,1040.46,1082566.74,3133.7,H
2,-10352.5,-962.2,3000.21,9001284.32,10216.5,H
3,-13541.0,-1205.5,4644.51,21571428.88,13514.4,H
4,-51500.0,-6300.0,15200.0,231000000.0,51100.0,H
5,-3076.4,-1081.9,818.3,669622.37,2911.4,H
6,-105000.0,-3860.0,33600.0,1130000000.0,105000.0,H
7,-8094.8,-4540.0,2488.46,6192437.05,8085.3,H
8,-10724.8,-2639.3,3971.23,15770632.74,10691.2,H
9,-78100.0,-8390.0,25300.0,638000000.0,77900.0,H
10,-3675.0,-1196.7,1257.4,1581055.32,3605.9,H
11,-3200.8,-1544.8,837.93,702132.53,3120.8,H
12,-98800.0,-2020.0,35400.0,1250000000.0,98300.0,H
13,-2937.0,-1967.45,707.08,499956.63,2911.2,H
14,-2015.9,-328.0,751.17,564258.91,1960.6,H
15,-4606.2,-2475.15,1214.65,1475363.77,4200.8,H
16,-3780.4,-1294.85,1040.99,1083657.51,3723.6,H
17,-63000.0,-892.0,25500.0,651000000.0,63000.0,H
18,-1581.7,-527.0,486.47,236651.45,1548.5,H
19,-22646.0,-1584.7,6716.75,45114690.74,22555.5,H
20,-4555.7,-534.8,1381.81,1909386.06,4490.5,H
21,-5309.5,-2255.8,1817.44,3303099.47,5195.9,H
22,-14183.0,-1241.4,3943.38,15550234.6,14171.3,H
23,-2518.2,-534.55,593.77,352562.54,2498.1,H
24,-249000.0,-1190.0,73500.0,5400000000.0,249000.0,H
25,-1877.0,-505.0,564.11,318220.49,1864.9,H
26,-4585.9,-956.5,1404.55,1972772.9,4553.7,H
27,-76800.0,-1580.0,27000.0,731000000.0,76300.0,H
28,-128000.0,-2830.0,46900.0,2200000000.0,127000.0,H
29,-3363.5,-1663.85,1118.22,1250420.5,3281.1,H
30,-3370.7,-877.55,846.0,715721.87,3347.5,H
31,-4336.6,-1007.8,1416.76,2007218.5,4030.2,H
32,-96400.0,-3150.0,33400.0,1110000000.0,96200.0,H
33,-329.2,-121.2,103.47,10705.69,327.0,H
34,-2241.4,-531.5,630.3,397279.48,2063.5,H
35,-23778.7,-3880.1,7064.58,49908290.46,23600.5,H
36,-3302.6,-1014.7,939.63,882907.16,3192.8,H
37,-6353.9,-581.8,2267.66,5142279.12,6353.6,H
38,-12373.4,-3127.6,3483.7,12136179.93,11641.4,H
39,-3393.0,-1251.9,904.89,818830.23,3379.5,S
40,-37900.0,-6540.0,14600.0,214000000.0,37700.0,S
41,-10113.0,-935.65,3207.95,10290968.21,9973.2,S
42,-2425.4,-1099.7,713.71,509380.08,2392.0,S
43,-3248.7,-1295.95,733.69,538296.82,3017.5,S
44,-59700.0,-5430.0,22000.0,485000000.0,59300.0,S
45,-1888.1,-461.1,500.52,250518.57,1881.9,S
46,-8027.7,-1269.0,2618.82,6858237.34,8007.7,S
47,-14092.2,-992.5,4171.23,17399134.88,13880.6,S
48,-3267.8,-1047.2,863.42,745486.96,3014.0,S
49,-3156.2,-1264.2,1210.65,1465673.68,3144.4,S
50,-1939.4,-468.1,560.1,313706.48,1757.6,S
51,-562.0,-116.7,154.03,23724.36,545.8,S
52,-1458.2,-1064.1,452.65,204889.29,1410.2,S
53,-3330.8,-1503.9,873.33,762704.46,3272.9,S
54,-921.2,-417.2,262.88,69105.87,879.8,S
55,-3734.2,-2925.7,1068.6,1141906.19,2859.7,S
56,-2628.6,-1890.8,564.5,318662.67,2195.2,S
57,-3014.8,-743.8,1117.04,1247781.41,2992.1,S
58,-3992.8,-2204.0,801.91,643058.37,3242.4,S
59,-2241.8,-1621.15,790.59,625029.6,2017.3,S
60,-1897.1,-528.3,531.33,282306.78,1895.9,S
61,-2159.3,-1217.0,630.57,397620.96,2049.5,S
62,-1937.5,-901.2,559.88,313469.96,1903.2,S
63,-3530.2,-1635.15,869.21,755524.02,3141.0,S
64,-2706.3,-899.2,750.2,562802.53,2377.1,S
65,-932.2,-258.4,251.65,63327.1,835.0,S
66,-2397.9,-530.8,708.36,501775.91,2316.8,S
67,-2027.7,-154.55,728.09,530115.17,1982.1,S
68,-973.0,-398.8,256.46,65770.71,876.4,S
69,-1284.3,-748.6,278.06,77316.51,1182.8,S
70,-1580.2,-730.8,437.48,191387.44,1566.8,S
71,-2508.9,-1525.0,698.2,487477.33,2507.8,S
72,-1054.8,-478.4,318.07,101171.63,1049.2,S
73,-921.0,-649.15,281.17,79058.82,815.5,S
74,-30490.4,-3277.05,9127.45,83310389.08,29716.4,S
75,-1624.8,-827.65,435.43,189596.63,1572.7,S
76,-58800.0,-2710.0,20600.0,424000000.0,58800.0,S
77,-7490.4,-1313.15,2399.23,5756294.29,7286.8,S
0,-2379.0,-607.85,674.68,455192.4,2370.1,H
1,-2193.9,-421.8,798.09,636944.23,2188.1,H
2,-2356.3,-273.15,766.45,587439.19,2317.9,H
3,-2053.3,-580.2,676.02,457004.25,1974.3,H
4,-1649.6,-747.4,494.56,244586.92,1634.5,H
5,-2150.9,-281.0,783.46,613810.69,2111.2,H
6,-1477.4,-532.7,458.86,210549.34,1418.8,H
7,-2009.4,-926.35,711.41,506108.13,1980.0,H
8,-951.4,-384.3,263.5,69432.46,891.2,H
9,-2359.2,-721.3,790.63,625103.52,2230.6,H
10,-1616.5,-717.2,513.37,263547.58,1604.7,H
11,-464.1,-195.75,123.67,15294.26,428.2,H
12,-1283.2,-103.6,415.43,172579.12,1271.6,H
13,-891.7,-206.05,290.49,84385.53,863.3,H
14,-763.4,-391.35,255.75,65406.38,748.8,H
15,-1002.0,-669.6,278.96,77818.72,929.8,H
16,-1844.9,-559.7,569.24,324030.1,1829.9,H
17,-4598.0,-1545.85,1790.54,3206019.34,4597.5,H
18,-3670.0,-1504.8,1158.76,1342734.33,3505.8,H
19,-2493.8,-946.5,707.85,501053.39,2410.3,H
20,-2017.2,-1066.65,679.12,461207.16,1976.3,H
21,-3186.7,-2338.3,887.58,787802.76,3114.7,H
22,-3836.0,-721.4,1027.55,1055862.02,3713.2,H
23,-3175.8,-321.6,1141.65,1303375.44,3087.8,H
24,-2696.8,-374.95,817.14,667711.75,2648.5,H
25,-1463.6,-830.3,430.01,184911.68,1360.9,H
26,-1998.4,-809.5,534.82,286031.64,1895.3,H
27,-1935.4,-598.2,598.61,358328.51,1737.1,H
28,-1798.3,-696.8,529.25,280107.3,1657.5,H
29,-2438.5,-1296.5,712.48,507629.95,2203.9,H
30,-961.6,-625.45,285.3,81395.09,899.4,H
31,-2322.0,-1008.55,852.01,725917.73,2308.8,H
32,-2111.6,-1251.5,748.65,560478.73,2050.2,H
33,-1991.1,-876.0,564.89,319103.07,1967.7,H
34,-2869.1,-1039.5,804.0,646418.99,2862.3,H
35,-1908.6,-623.65,503.87,253881.8,1746.5,H
36,-5273.3,-1546.05,1790.47,3205773.21,5060.7,H
37,-1439.0,-705.1,383.31,146922.76,1411.8,H
38,-2406.0,-1195.2,765.76,586388.64,2289.6,H
39,-276.6,-185.2,78.21,6117.47,235.2,S
40,-1875.3,-775.3,523.56,274118.64,1805.2,S
41,-923.8,-479.0,266.73,71143.64,915.7,S
42,-1812.0,-326.4,609.68,371710.13,1808.8,S
43,-1332.2,-640.8,380.03,144423.5,1247.4,S
44,-1125.0,-434.6,329.83,108789.76,1071.4,S
45,-1013.2,-627.85,273.46,74777.71,970.4,S
46,-2192.5,-726.55,779.52,607653.33,2123.8,S
47,-2440.4,-313.3,773.25,597914.6,2311.7,S
48,-1421.0,-806.3,338.68,114703.51,1242.1,S
49,-612.5,-102.45,176.35,31099.47,600.5,S
50,-2116.1,-948.7,579.74,336094.15,2106.6,S
51,-1310.6,-726.75,382.37,146206.63,1120.5,S
52,-1304.1,-402.1,355.9,126662.92,1303.9,S
53,-1041.6,-661.7,316.31,100051.29,995.2,S
54,-516.9,-291.05,138.66,19225.8,433.1,S
55,-709.6,-212.4,221.28,48964.4,686.0,S
56,-1402.5,-710.55,325.02,105639.56,1328.0,S
57,-1345.4,-577.0,375.43,140946.76,1314.0,S
58,-1259.5,-574.9,391.25,153075.64,1181.5,S
59,-2080.6,-1476.2,653.45,427002.67,2033.3,S
60,-1437.4,-489.5,455.11,207129.29,1425.2,S
61,-3207.7,-1765.4,956.49,914867.17,3198.2,S
62,-1200.6,-585.35,425.84,181342.18,1188.3,S
63,-3326.8,-1205.0,901.49,812686.63,3320.0,S
64,-606.3,-284.2,158.78,25211.42,559.1,S
65,-935.4,-530.6,232.12,53878.52,840.8,S
66,-1922.8,-662.25,610.53,372741.07,1893.0,S
67,-1676.0,-903.6,513.4,263575.22,1670.0,S
68,-647.3,-344.0,228.7,52303.48,629.5,S
69,-899.0,-297.05,282.63,79880.5,869.0,S
70,-1205.3,-576.6,335.06,112266.45,1193.5,S
71,-574.3,-204.4,159.34,25389.5,567.2,S
72,-1870.6,-1158.7,664.06,440978.12,1822.9,S
73,-1304.6,-675.4,327.76,107426.13,1186.2,S
74,-3186.4,-1090.7,782.04,611587.52,2995.7,S
75,-2049.7,-456.6,605.03,366066.39,1871.1,S
76,-736.9,-458.75,208.2,43346.41,673.5,S
77,-22.0,-6.4,6.11,37.27,20.8,S
0,-468.5,-228.5,168.41,28363.27,444.8,H
1,-59.6,-31.4,23.03,530.16,56.4,H
2,-627.2,-556.6,155.44,24161.01,551.6,H
3,-1123.4,-651.3,270.45,73145.46,1098.6,H
4,-551.8,-311.7,174.8,30556.33,525.0,H
5,-1374.7,-975.6,423.28,179164.08,1294.1,H
6,-1073.5,-448.2,248.42,61712.69,1003.3,H
7,-244.2,-212.6,55.76,3109.18,174.6,H
8,-653.7,-222.85,221.31,48977.22,622.4,H
9,-352.6,-266.8,99.72,9943.3,328.2,H
10,-417.4,-128.2,123.91,15352.55,413.2,H
11,-422.6,-262.55,117.98,13919.28,404.2,H
12,-835.5,-162.0,272.7,74364.54,783.4,H
13,-1837.8,-862.2,548.16,300480.08,1592.8,H
14,-620.3,-263.35,188.59,35566.63,579.3,H
15,-1640.2,-925.0,512.73,262887.28,1553.1,H
16,-654.8,-349.65,170.68,29132.23,488.5,H
17,-1030.3,-598.25,311.33,96924.01,1003.1,H
18,-470.0,-377.7,138.36,19144.29,448.2,H
19,-1485.9,-1029.9,305.14,93110.32,1030.5,H
20,-1411.4,-429.0,351.78,123748.59,1274.4,H
21,-809.0,-276.7,269.25,72494.57,687.6,H
22,-1149.2,-580.95,343.93,118290.52,1123.0,H
23,-894.0,-725.4,178.91,32010.07,605.8,H
24,-846.0,-532.1,234.73,55099.2,834.1,H
25,-24.4,-7.15,6.2,38.43,24.2,H
26,-27.0,-7.45,6.06,36.75,25.8,H
27,-23.0,-5.3,6.71,45.04,22.9,H
28,-26.2,-13.0,8.08,65.29,24.6,H
29,-32.2,-14.8,8.97,80.42,31.4,H
30,-29.8,-10.0,8.64,74.67,29.4,H
31,-20.9,-8.7,6.57,43.14,20.5,H
32,-19.9,-7.8,5.29,27.94,18.6,H
33,-560.0,-204.4,186.06,34617.03,536.4,H
34,-754.5,-489.7,182.45,33289.56,635.4,H
35,-1194.0,-656.9,407.07,165704.24,1154.4,H
36,-1205.1,-537.6,415.43,172584.06,1198.9,H
37,-1168.7,-911.1,370.33,137147.67,1121.3,H
38,-1415.8,-441.15,508.82,258899.91,1410.6,H
39,-743.9,-381.5,227.43,51724.48,708.7,S
40,-156.6,-83.8,35.28,1244.97,123.9,S
41,-504.3,-339.3,150.72,22717.99,434.6,S
42,-303.0,-180.95,89.21,7957.69,271.0,S
43,-379.0,-101.2,128.13,16416.32,367.6,S
44,-1216.7,-399.3,346.98,120397.8,1178.7,S
45,-674.4,-385.9,161.57,26103.55,650.2,S
46,-86.8,-58.2,26.45,699.37,83.0,S
47,-1125.2,-984.2,160.11,25635.15,586.8,S
48,-288.6,-193.7,77.47,6001.65,239.9,S
49,-580.4,-292.2,182.84,33430.34,553.7,S
50,-947.2,-364.6,304.02,92427.82,916.2,S
51,-437.0,-232.9,119.64,14313.83,404.8,S
52,-998.7,-309.95,294.07,86478.07,973.7,S
53,-1041.2,-342.7,355.43,126333.44,1033.2,S
54,-118.4,-67.6,53.54,2866.51,117.7,S
55,-544.0,-157.6,159.49,25438.54,518.8,S
56,-741.8,-426.55,206.34,42574.76,709.2,S
57,-734.1,-588.9,213.6,45626.41,709.8,S
58,-527.0,-247.2,133.94,17938.9,408.5,S
59,-1246.7,-604.5,443.28,196498.29,1224.7,S
60,-688.1,-423.95,258.6,66874.23,675.3,S
61,-782.8,-352.1,247.48,61244.7,777.8,S
62,-412.6,-206.4,137.49,18903.89,404.3,S
63,-1293.2,-830.45,405.04,164057.94,1278.7,S
64,-166.8,-79.6,54.12,2928.49,148.3,S
65,-19.4,-8.4,6.15,37.83,19.3,S
66,-16.1,-9.9,4.74,22.43,15.1,S
67,-36.2,-8.7,10.95,119.8,35.2,S
68,-28.8,-5.8,7.97,63.5,28.2,S
69,-36.0,-12.95,9.78,95.58,32.9,S
70,-17.7,-9.6,5.33,28.45,17.4,S
71,-1365.9,-401.0,456.28,208195.71,1319.1,S
72,-886.7,-322.2,274.73,75478.79,848.5,S
73,-1086.6,-784.35,297.71,88631.1,968.6,S
74,-577.8,-89.4,203.07,41238.93,571.3,S
75,-204.6,-130.6,64.4,4147.69,204.0,S
76,-214.4,-80.1,71.73,5144.53,214.0,S
77,-437.6,-225.2,130.2,16951.24,422.8,S
