2090368,2090368,2090368,2090368,2090368,2090368,2089661,2089661,2089928,2089963,2090283,2090283,2090559,2090612,2090702,2089888,2089888,2093896,2093080,2093080,2091557,2091557,2088998,2085935,2083062,2058048,2058048,2036406,2036377,2051822,2066395,2066395,2072149,2076450,2078533,2080614,2080614,2084110,2084110,2084110,2084110,2084110,2084110,H
2093734,2093734,2093734,2093734,2093734,2093734,2093734,2093734,2094118,2094438,2093792,2091027,2091027,2083939,2076624,2077023,2078281,2078281,2082879,2086548,2088436,2087151,2087151,2076124,2044268,2026927,2036086,2036086,2051929,2060778,2065068,2068181,2068181,2070214,2072234,2076417,2076417,2076417,2076417,2076417,2076417,2076417,2076417,H
2090417,2090417,2090417,2090138,2090448,2090074,2090074,2090306,2090881,2090802,2090525,2090525,2089163,2088286,2087773,2091862,2091862,2093166,2091201,2091396,2089561,2089561,2087852,2085191,2082844,2077645,2077645,2059147,2042224,2032357,2031384,2031384,2038536,2044505,2048379,2051349,2051349,2053186,2053779,2054658,2054658,2054658,2054658,H
2060518,2060518,2060518,2060518,2060518,2060518,2060904,2060752,2060752,2060573,2059098,2056752,2047200,2051085,2051085,2051847,2058814,2047511,2047511,2039710,2039442,2035754,2027241,2027241,2003436,1993934,1997888,2008651,2008651,2019187,2026100,2029614,2033363,2033363,2036426,2038000,2040869,2043631,2043631,2043631,2043631,2043631,2043631,H
2039438,2039438,2039438,2039438,2039438,2039438,2039438,2039438,2038391,2037877,2037093,2036382,2036382,2035894,2035709,2035720,2035720,2034910,2035945,2036082,2031923,2031923,2030910,2026404,2012960,2000614,2000614,1998942,2006414,2018561,2025352,2025352,2028485,2028847,2028269,2026898,2026898,2026898,2026898,2026898,2026898,2026898,2026898,H
2071181,2071073,2071249,2071249,2071705,2073190,2074283,2074479,2074479,2074881,2074666,2074554,2073481,2073481,2073467,2067521,2058086,2032594,2032594,1985577,1920035,1866091,1841461,1841461,1825654,1885199,1953508,2031875,2031875,2077421,2085690,2087629,2088686,2088686,2089207,2090016,2090499,2091359,2091359,2091188,2090716,2090194,2089429,H
2073976,2073976,2073976,2073976,2073976,2073976,2073976,2074028,2074514,2074087,2074087,2072228,2070155,2067527,2062479,2062479,2058346,2057846,2055585,2048950,2048950,2026789,2004275,2004358,2019106,2019106,2033755,2042257,2046739,2049305,2049305,2052170,2054637,2056892,2056892,2057817,2057817,2057817,2057817,2057817,2057817,2057817,2057817,H
2056925,2056925,2056925,2056925,2056925,2056925,2056433,2055943,2055943,2055624,2055539,2054842,2052588,2052588,2052917,2054850,2057330,2057002,2057002,2057257,2055831,2050301,2043324,2043324,2031275,2015742,2010339,2013734,2013734,2021223,2032514,2040959,2044777,2044777,2046646,2047945,2047972,2047961,2047961,2047961,2047961,2047961,2047961,H
2064505,2064505,2064505,2064505,2064505,2064505,2064068,2063471,2063471,2062379,2061231,2059857,2063907,2063907,2062895,2060687,2057466,2055879,2055879,2052499,2049593,2043770,2029128,2029128,2019042,2015265,2020826,2028835,2028835,2034737,2039456,2041406,2043078,2043078,2044813,2044813,2046193,2046842,2046842,2046842,2046842,2046842,2046842,H
2048739,2048739,2048739,2048739,2048688,2048688,2048993,2049142,2049103,2049098,2049098,2047110,2045952,2046368,2046137,2046137,2046897,2047449,2044259,2040995,2040995,2034763,2030114,2021040,2012769,2012769,1988788,1977460,1984172,1994544,1994544,2003094,2008464,2012448,2014003,2014003,2014520,2016106,2015356,2015356,2015356,2015356,2015356,H
2014733,2014733,2014733,2014733,2014733,2014733,2014733,2014733,2014733,2014644,2014323,2013955,2013999,2013755,2014005,2013908,2014008,2015456,2014184,2009527,2002336,1994118,1986052,1981205,1976110,1968715,1968606,1978245,1990659,1997447,2001387,2003453,2004213,2004932,2005227,2005227,2005227,2005227,2005227,2005227,2005227,2005227,2005227,H
2043233,2043233,2043233,2043233,2043233,2043233,2043233,2043233,2043233,2043233,2043844,2043590,2041695,2041920,2042366,2045211,2044630,2051642,2051685,2049623,2043138,2032238,2008792,1993276,1996754,2010117,2021472,2024898,2029824,2031665,2031746,2033655,2033220,2033220,2033220,2033220,2033220,2033220,2033220,2033220,2033220,2033220,2033220,H
2049646,2049646,2049646,2049646,2049646,2049646,2049646,2049646,2048996,2048525,2046923,2047114,2046996,2045726,2044320,2041727,2041459,2043249,2040253,2036766,2031815,2029726,2027121,1990626,1971561,1981775,2001365,2016197,2022712,2025103,2029070,2029825,2031061,2031219,2030334,2031581,2031581,2031581,2031581,2031581,2031581,2031581,2031581,H
2040706,2040706,2040706,2040706,2040706,2040706,2040706,2040706,2040706,2040567,2040645,2040642,2039729,2038308,2037784,2042680,2043044,2037996,2033321,2031544,2027772,2024816,2016664,2013326,2016129,2020676,2025884,2030265,2033047,2034770,2036207,2036591,2037276,2037875,2038658,2038658,2038658,2038658,2038658,2038658,2038658,2038658,2038658,H
2016393,2016393,2016393,2016393,2016393,2016393,2016393,2015409,2014459,2013752,2012978,2012978,2012452,2011550,2013355,2013355,2013355,2011874,2008388,2004004,1994728,1994728,1982239,1977232,1982706,1992777,1992777,2000870,2004195,2005907,2005457,2005457,2004917,2004300,2003635,2003699,2003699,2003699,2003699,2003699,2003699,2003699,2003699,H
2071808,2071808,2071808,2071808,2071808,2071808,2071513,2071542,2071494,2071566,2071566,2071966,2071752,2069743,2070276,2070276,2071192,2076105,2073219,2068961,2068961,2061219,2048574,2038650,2028480,2028480,2024781,2023712,2036333,2045359,2045359,2057696,2057696,2060400,2061443,2061443,2061858,2062638,2062638,2062638,2062638,2062638,2062638,H
2041757,2041757,2041757,2041757,2042547,2042646,2041491,2041491,2041747,2039222,2038644,2035809,2035809,2041123,2041398,2035043,2035874,2035874,2032680,2027788,2024719,2005635,2005635,1992707,1992937,2003614,2017269,2017269,2026205,2031436,2036898,2039549,2039549,2042222,2045655,2046662,2047334,2047334,2047551,2047551,2047551,2047551,2047551,H
2045068,2045068,2045068,2045068,2045068,2045068,2044993,2044637,2044637,2044144,2043751,2042501,2041561,2041561,2038030,2032636,2028538,2019010,2019010,2013574,2006558,1999377,1995636,2000747,2000747,2012288,2021202,2026073,2029449,2029449,2031592,2032668,2033228,2033228,2033006,2032822,2032472,2032472,2032472,2032472,2032472,2032472,2032472,H
2027563,2027563,2027563,2027563,2027436,2027344,2027296,2027296,2027499,2027669,2027525,2027525,2027867,2025513,2028300,2023297,2023297,2019434,2010488,2007706,2003445,2003445,2000571,1983139,1967203,1967203,1978875,1994289,1994289,2006335,2014661,2020674,2020674,2024377,2027068,2029283,2029283,2031677,2031677,2031677,2031677,2031677,2031677,H
2031955,2031955,2031955,2031955,2031955,2031955,2031955,2031041,2030726,2030457,2029950,2029746,2029746,2027723,2024385,2023336,2023336,2026502,2027179,2022403,2017144,2017144,2011485,1999197,1986279,1990314,1999933,1999933,2011045,2018447,2020765,2022222,2022222,2024534,2028680,2031389,2034279,2034279,2034279,2034279,2034279,2034279,2034279,H
2053114,2053114,2053114,2053114,2053114,2053114,2053114,2051128,2049919,2047163,2047163,2045914,2048851,2057028,2059275,2059275,2062647,2066264,2066378,2064965,2064965,2063075,2058232,2047408,2034741,2034741,2026247,2027502,2034676,2038037,2038037,2041181,2041489,2043508,2045781,2045781,2046808,2046808,2046808,2046808,2046808,2046808,2046808,H
2037088,2037088,2037088,2037088,2037148,2037062,2037664,2037664,2036311,2036025,2035773,2036339,2036339,2034564,2037132,2040765,2041017,2041017,2036752,2033321,2029052,2029457,2017131,2017131,1997741,1994929,2002199,2002199,2010651,2018054,2021038,2025047,2025047,2029307,2029851,2031859,2032158,2032158,2032877,2032877,2032877,2032877,2032877,H
1989712,1989712,1989712,1989712,1989712,1989712,1989712,1990192,1990315,1990922,1990922,1991034,1991744,1991842,1992313,1992313,1993447,1992143,1986486,1975213,1975213,1965504,1960214,1941767,1917395,1917395,1922783,1943145,1961000,1971784,1971784,1977738,1980471,1981588,1983666,1983666,1983666,1983666,1983666,1983666,1983666,1983666,1983666,H
2031670,2031670,2032843,2033961,2036189,2037581,2037581,2039723,2041727,2043687,2044831,2044831,2045022,2041434,2032092,2008654,2008654,1971869,1926992,1878703,1851666,1851666,1879009,1958083,2025517,2062122,2062122,2068668,2069773,2069564,2068625,2068625,2067788,2067212,2068175,2068808,2068808,2070886,2071728,2071852,2073326,2073326,2073598,H
2058062,2058062,2058062,2058062,2058062,2058094,2058341,2058427,2058433,2058433,2058847,2058632,2058278,2057705,2057705,2061860,2066763,2064464,2059632,2059632,2059529,2054746,2049682,2040392,2040392,2024004,2019486,2024015,2031045,2031045,2039544,2044582,2048103,2050743,2050743,2052035,2053640,2054250,2054250,2054250,2054250,2054250,2054250,H
2026377,2026377,2026377,2026377,2027909,2028449,2028207,2028922,2028922,2028680,2029257,2027456,2028266,2028266,2024966,2023995,2023464,2019779,2019779,2013817,2010342,2004311,1996521,1996521,1983260,1978987,1988820,1997269,1997269,2005714,2012856,2016229,2018860,2018860,2021973,2023170,2025982,2026934,2026934,2026934,2026934,2026934,2026934,H
2063728,2063728,2063728,2063728,2063736,2063591,2063452,2063848,2063848,2064028,2063440,2061652,2061652,2064330,2060314,2058840,2055700,2055700,2052347,2050644,2051316,2046331,2046331,2041539,2023872,2023226,2027889,2027889,2034064,2044059,2049298,2052481,2052481,2053939,2054803,2056388,2056581,2056581,2057371,2057371,2057371,2057371,2057371,H
2078508,2078508,2078508,2078508,2078508,2078508,2078128,2077763,2077997,2077997,2078169,2077502,2078031,2076153,2076153,2078650,2079101,2074942,2071484,2071484,2070804,2071385,2068106,2060685,2060685,2042648,2031869,2035085,2043734,2043734,2052968,2060025,2064456,2066049,2066049,2067948,2068342,2068676,2068676,2068676,2068676,2068676,2068676,H
2016820,2016820,2016820,2016820,2016820,2016820,2016820,2016820,2016780,2016780,2017018,2016821,2016959,2014238,2014238,2012979,2014359,2011924,2006332,2006332,1999848,1991748,1986534,1979866,1979866,1979936,1985059,1994352,2003371,2003371,2007970,2010827,2012424,2013592,2013592,2013592,2013592,2013592,2013592,2013592,2013592,2013592,2013592,H
2077664,2077664,2077664,2077664,2077664,2077664,2077664,2076310,2075925,2075481,2075481,2076300,2075222,2074681,2074787,2074787,2069617,2077652,2078336,2080341,2080341,2082769,2077713,2074070,2064145,2064145,2046584,2031645,2031107,2042781,2042781,2054137,2058881,2058930,2059815,2059815,2059315,2059315,2059315,2059315,2059315,2059315,2059315,H
2022900,2022900,2022900,2022900,2022900,2022900,2022900,2022945,2023032,2023200,2023073,2023073,2023420,2023235,2024070,2022688,2022688,2018062,2015828,2013151,2012594,2012594,2009397,2004372,1990126,1984024,1984024,1984980,1991585,2001721,2011141,2011141,2016107,2020472,2023964,2025273,2025273,2025273,2025273,2025273,2025273,2025273,2025273,H
2047186,2047186,2047186,2047186,2047186,2047186,2047186,2047436,2047978,2048189,2048189,2048052,2047082,2043736,2041451,2041451,2042109,2044234,2044232,2044098,2044098,2043422,2036841,2017027,2005382,2005382,2004811,2016055,2024307,2032057,2032057,2034763,2036915,2039327,2039829,2039829,2041110,2041110,2041110,2041110,2041110,2041110,2041110,H
2053440,2053440,2053440,2053440,2053440,2053440,2056059,2057835,2059480,2059480,2060449,2061331,2061819,2063610,2063610,2065059,2068698,2070363,2067580,2067580,2065537,2062226,2058729,2053392,2053392,2049924,2045810,2028222,2021085,2021085,2026016,2034639,2041522,2043898,2043898,2048855,2049235,2050260,2050260,2050260,2050260,2050260,2050260,H
2008805,2008805,2008805,2008805,2008805,2008805,2008805,2008479,2008345,2007988,2007485,2007485,2007034,2006606,2006089,1999819,1999819,1993444,1995932,1997474,1992590,1992590,1984272,1975896,1968700,1965213,1967897,1967897,1979629,1987745,1991983,1993601,1993601,1994638,1996211,1997649,1997649,1999306,1999306,1999306,1999306,1999306,1999306,H
2022130,2022130,2022130,2022130,2022448,2022448,2022145,2022334,2022524,2020775,2018721,2018721,2016566,2011941,2013318,2015316,2015316,2019319,2017110,2019005,2016106,2016106,2010694,1998828,1977752,1977752,1970389,1976721,1987842,1998808,2011544,2011544,2018799,2022922,2028464,2031404,2031404,2034384,2037334,2037334,2037334,2037334,2037334,H
2054540,2053529,2052706,2052930,2052930,2052899,2052789,2052642,2052677,2052677,2052005,2051362,2050403,2041687,2041687,2026626,1995606,1939434,1883283,1883283,1842092,1829375,1882283,1968015,1968015,2042702,2060496,2064357,2064304,2064304,2062887,2061325,2060153,2061017,2061017,2062356,2063286,2063616,2063762,2063762,2064501,2065164,2065462,H
2019046,2019046,2019046,2019046,2019046,2019046,2017667,2017667,2017730,2017525,2017666,2017337,2017337,2017797,2017588,2014287,2005820,2005820,1999296,1989313,1978280,1965810,1965810,1960535,1961000,1958045,1963417,1963417,1970589,1981789,1994490,2004947,2004947,2010202,2012741,2013071,2015113,2015113,2015113,2015113,2015113,2015113,2015113,H
2087101,2087101,2087101,2087101,2087101,2087628,2087368,2087670,2087595,2087595,2087188,2085070,2081697,2076234,2076234,2069295,2065194,2065170,2073412,2073412,2075801,2068090,2055301,2051116,2051116,2037734,2027674,2038823,2057610,2057610,2073092,2080693,2086470,2089695,2089695,2090525,2090122,2089637,2089637,2089637,2089637,2089637,2089637,H
2072787,2072787,2072787,2072787,2072787,2072787,2072787,2071883,2071153,2070897,2070897,2070242,2070434,2069607,2066948,2066948,2067533,2070317,2060019,2056167,2056167,2048802,2043818,2031598,2021855,2021855,2026821,2033985,2046012,2052273,2052273,2058206,2061215,2062139,2064014,2064014,2064014,2064014,2064014,2064014,2064014,2064014,2064014,H
2063416,2063416,2063416,2063416,2063416,2063416,2063469,2063469,2062826,2063010,2063165,2063087,2063087,2062243,2055776,2050631,2049851,2049851,2047446,2047361,2044837,2041848,2041848,2036185,2017411,1997217,1999558,1999558,2011459,2022152,2030084,2034043,2034043,2038691,2041938,2045012,2046697,2046697,2046697,2046697,2046697,2046697,2046697,H
2061655,2061655,2061655,2061655,2061655,2061655,2061655,2061292,2061150,2060614,2060614,2059875,2059313,2058659,2055121,2055121,2055171,2055016,2050808,2048100,2048100,2043668,2039890,2037980,2031961,2031961,2016306,2009987,2017447,2027658,2027658,2035333,2040321,2042934,2045138,2045138,2045322,2045322,2045322,2045322,2045322,2045322,2045322,H
2061236,2061236,2061236,2061236,2061236,2061236,2061236,2061236,2060981,2060668,2056914,2056914,2051264,2048086,2048146,2048977,2048977,2047235,2045475,2045386,2039551,2039551,2034072,2022964,2012680,2012680,2013015,2027478,2037038,2041962,2041962,2045998,2047788,2050913,2052752,2052752,2052752,2052752,2052752,2052752,2052752,2052752,2052752,H
3090202,3090202,3090202,3090202,3089483,3088268,3087179,3087179,3086646,3086148,3085492,3085268,3085268,3085057,3085066,3085330,3085341,3085341,3085788,3084554,3082157,3077249,3077249,3073900,3072652,3072761,3073984,3073984,3078212,3082319,3083666,3083818,3083818,3083746,3084353,3085610,3086792,3086792,3087909,3087909,3087909,3087909,3087909,H
3079828,3079828,3079828,3079828,3079828,3080365,3080365,3080623,3081183,3081666,3081394,3080465,3080465,3079525,3079015,3078846,3078886,3078886,3079387,3080104,3077911,3077911,3069907,3069907,3068647,3067429,3067429,3067693,3072527,3076699,3080516,3080516,3084467,3088223,3091216,3093295,3093295,3093757,3093453,3093453,3093453,3093453,3093453,H
3103133,3103133,3103133,3103133,3103133,3102181,3102181,3101806,3101461,3101281,3100928,3100928,3100762,3100809,3101043,3101376,3101376,3101546,3101836,3101476,3101476,3101476,3099535,3100890,3100979,3101589,3101589,3100333,3096797,3093114,3089998,3089998,3088361,3088672,3089478,3092145,3092145,3094359,3095896,3095896,3095896,3095896,3095896,H
3070749,3070749,3070749,3070749,3070749,3070749,3071129,3071129,3070724,3069694,3068875,3068176,3068176,3067899,3067654,3066590,3064659,3064659,3061052,3057444,3056270,3054446,3054446,3052846,3050274,3049914,3052422,3052422,3053645,3054995,3055463,3054390,3054390,3054081,3053769,3054015,3054544,3054544,3054544,3054544,3054544,3054544,3054544,H
3061375,3061375,3061380,3061927,3062407,3062871,3062871,3062168,3060988,3059504,3058300,3058300,3057446,3056902,3056574,3056475,3056475,3057410,3058070,3055557,3055557,3055557,3054068,3051450,3049151,3047309,3047309,3045901,3044699,3043823,3044762,3044762,3046444,3047619,3049496,3051821,3051821,3053598,3055119,3056520,3057820,3057820,3057820,H
2957145,2957219,2957219,2957276,2957573,2958137,2958455,2958455,2959115,2960062,2960062,2960363,2960363,2960771,2960686,2960421,2959288,2959288,2958144,2955462,2961950,2964757,2964757,2968775,2980544,3003509,3019231,3019231,3028038,3035958,3041682,3046239,3046239,3049977,3052848,3055117,3056895,3056895,3057223,3056784,3055969,3055398,3055398,H
2971724,2971724,2971724,2971724,2970850,2970418,2970277,2970361,2970361,2970367,2970504,2970957,2971173,2971464,2971464,2971747,2971926,2972370,2973043,2973043,2972990,2969794,2965827,2962917,2962917,2961607,2961796,2963275,2965514,2965514,2966753,2966340,2970703,2977155,2977155,2984240,2994189,3002652,3007451,3007451,3007451,3007451,3007451,H
3088880,3087256,3085863,3084989,3084231,3084231,3083649,3082924,3082174,3081831,3081831,3081557,3081360,3081291,3081347,3081347,3081455,3081948,3083263,3084181,3084181,3085679,3086218,3085881,3083798,3083798,3079707,3079707,3078273,3076632,3076632,3075760,3078327,3078327,3079449,3079449,3080495,3080810,3080740,3081216,3081216,3081661,3082321,H
3008567,3007953,3007772,3007403,3007403,3007342,3007549,3007882,3007882,3008195,3008577,3008897,3009155,3009155,3009529,3009976,3010385,3010424,3010424,3009139,3007053,3004119,3000377,3000377,2999918,2997346,2995457,2995708,2995708,2996124,2998326,3001246,3005166,3005166,3007718,3012959,3019789,3026388,3026388,3030452,3034511,3038989,3042433,H
3083577,3083577,3083577,3083577,3083577,3084534,3084833,3084259,3083276,3083276,3082738,3082591,3082853,3082403,3082403,3080390,3078163,3079285,3079285,3079810,3080546,3080340,3080511,3080511,3079458,3078347,3077089,3075754,3075754,3077333,3079606,3081480,3083239,3083239,3085259,3086276,3087060,3087748,3087748,3087748,3087748,3087748,3087748,H
3060724,3060083,3059483,3059449,3059481,3059481,3060040,3060976,3061821,3062598,3062598,3063463,3064866,3065949,3067181,3067181,3068438,3069677,3071098,3071254,3071254,3068942,3065426,3062483,3059458,3059458,3058642,3058156,3057690,3057038,3057038,3057051,3057687,3059901,3062789,3062789,3064888,3065599,3066126,3066853,3066853,3067665,3068048,H
3083300,3083300,3083682,3084099,3084793,3085173,3085173,3084526,3082969,3081633,3081161,3081161,3080611,3080481,3080305,3080314,3080314,3080456,3080518,3079828,3077686,3077686,3074826,3073256,3071300,3070049,3070049,3067729,3067139,3065688,3065840,3065840,3066890,3068088,3068865,3069554,3069554,3070454,3071279,3072068,3072871,3072871,3072871,H
2708896,2708819,2708932,2709137,2709257,2709257,2709556,2709747,2709858,2709610,2709610,2709428,2709022,2708807,2708780,2708780,2708816,2708329,2708220,2707367,2707367,2706693,2706637,2706207,2705553,2705553,2705601,2704892,2704316,2704003,2704003,2702510,2703371,2703231,2703173,2703173,2703448,2703157,2703086,2702896,2702896,2702757,2702512,H
2702180,2702180,2702180,2701885,2701825,2701647,2701429,2701429,2701333,2701341,2701327,2701265,2701265,2701145,2701143,2701153,2701207,2701207,2701305,2699146,2696327,2696327,2695341,2694339,2693302,2693259,2693259,2694207,2695188,2695752,2696273,2696297,2696297,2696242,2696362,2696305,2696305,2696348,2696411,2696306,2696139,2696139,2696139,H
2771129,2771129,2771129,2770939,2770775,2770627,2770668,2770668,2770697,2770603,2770978,2771192,2771192,2770693,2769898,2769121,2768759,2768759,2768656,2768435,2769093,2768503,2768503,2767605,2765935,2764514,2764165,2764165,2763292,2763553,2765337,2768774,2768774,2772113,2776258,2778298,2779625,2779625,2780765,2781568,2782645,2782645,2782645,H
2805081,2804956,2804587,2804587,2804488,2804449,2804610,2804787,2804787,2805184,2805614,2806182,2806684,2806684,2807282,2807491,2806884,2805791,2805791,2804623,2803734,2803007,2802631,2802631,2802780,2802953,2803859,2805712,2805712,2807685,2808678,2808920,2808676,2808676,2810243,2811642,2813611,2814779,2814779,2814693,2813518,2812382,2811733,H
2778814,2778814,2778814,2778814,2778814,2779040,2779040,2779578,2780173,2780977,2781559,2781559,2781589,2780543,2779310,2778373,2778373,2777755,2777166,2774673,2773363,2773363,2773892,2775529,2777801,2780523,2780523,2783655,2786038,2788023,2789456,2789456,2790437,2791362,2790733,2789095,2789095,2787368,2786150,2786150,2786150,2786150,2786150,H
2798880,2798880,2798880,2800041,2800649,2800117,2798805,2798805,2797881,2797513,2797355,2797355,2797317,2797343,2797356,2797629,2798197,2798197,2799759,2803000,2802181,2801234,2801234,2800360,2799227,2798082,2794907,2794907,2792497,2789951,2788909,2788914,2788914,2789027,2789038,2789181,2789181,2789706,2790707,2791704,2792493,2792493,2792493,H
2742032,2740714,2739641,2739068,2739068,2738594,2738129,2737930,2737930,2737875,2738103,2738615,2739216,2739216,2740128,2741011,2742010,2743064,2743064,2744068,2745264,2745153,2741623,2741623,2736266,2731392,2724989,2719403,2719403,2713407,2708271,2703620,2701139,2701139,2704140,2710270,2715344,2718100,2718100,2719841,2721450,2722100,2722573,H
2705647,2704898,2704397,2704397,2704380,2704312,2704591,2704982,2704982,2705810,2705771,2706257,2707360,2707360,2708281,2709322,2710758,2711622,2711622,2712245,2712990,2710720,2704098,2704098,2698873,2695084,2691926,2690475,2690475,2689420,2687952,2687468,2687961,2687961,2690236,2692757,2693887,2695917,2695917,2698216,2700335,2701646,2701683,H
2724217,2722353,2720803,2720803,2719377,2718395,2717260,2716431,2716431,2716290,2716046,2716336,2716520,2716520,2719216,2710010,2708089,2705576,2705576,2705222,2706529,2707093,2707576,2707576,2710316,2715221,2722512,2731809,2731809,2738570,2742989,2745515,2747218,2747218,2748395,2749771,2751801,2753418,2753418,2755635,2757653,2759134,2759230,H
2750695,2749950,2749950,2749436,2749149,2748894,2748765,2748765,2748766,2748688,2748825,2748853,2748853,2749232,2749736,2749852,2750333,2750333,2746575,2741773,2740541,2740247,2740247,2738663,2736502,2735099,2732636,2732636,2732305,2731615,2732971,2734355,2734355,2736285,2738447,2741701,2744607,2744607,2747461,2748656,2748966,2748990,2748990,H
2818254,2818254,2818254,2818254,2818254,2815638,2813496,2810916,2807128,2803763,2800407,2797447,2795098,2792383,2789717,2787344,2785445,2783717,2782143,2780176,2774977,2771382,2768315,2771490,2771411,2769907,2768283,2770694,2775364,2779346,2782988,2787123,2789703,2791766,2792911,2793538,2793851,2793943,2794183,2794183,2794183,2794183,2794183,H
2747703,2747703,2747703,2748168,2748596,2748865,2748715,2748715,2749042,2749293,2749478,2748307,2748307,2746194,2744164,2742652,2740961,2740961,2739594,2730963,2715340,2718176,2718176,2739235,2763471,2774522,2779215,2779215,2782153,2784047,2785997,2787275,2787275,2788389,2788366,2787199,2785241,2785241,2783388,2781747,2780464,2779449,2779449,H
2668973,2668035,2668035,2666159,2663959,2662334,2661063,2661063,2660290,2659724,2659355,2658290,2658290,2657177,2656809,2656344,2655954,2655954,2656130,2656628,2657089,2656676,2656676,2655683,2652531,2643830,2637496,2637496,2640743,2651147,2658613,2663772,2663772,2671480,2679539,2685095,2688188,2688188,2690829,2694457,2697122,2698800,2698800,H
2755287,2755132,2754550,2754279,2754279,2754207,2754417,2754385,2752959,2752959,2751838,2754480,2757674,2760703,2760703,2762313,2763353,2764001,2764685,2764685,2765104,2765193,2765322,2766458,2766458,2760011,2754306,2750926,2750579,2750579,2753874,2757331,2764132,2769763,2769763,2772923,2775112,2775454,2775839,2775839,2777340,2779317,2779894,H
2685948,2685948,2685082,2685082,2684617,2684193,2683814,2683606,2683606,2683480,2683430,2683374,2683327,2683327,2683276,2682727,2682474,2681233,2681233,2671112,2672512,2670152,2667749,2667749,2665304,2664946,2670825,2682828,2682828,2696328,2705744,2709245,2710866,2710866,2711344,2712022,2711840,2710604,2710604,2708447,2707640,2708125,2708125,H
2790565,2788468,2788468,2786288,2784511,2783247,2782294,2782294,2781374,2780817,2780493,2780066,2780066,2780019,2780058,2780126,2779406,2779406,2777328,2776300,2776795,2772354,2772354,2773099,2771409,2769519,2768192,2768192,2768958,2773549,2777310,2780585,2780585,2782755,2785122,2786322,2787571,2787571,2788388,2789268,2789526,2788497,2788497,H
2758152,2758857,2759552,2759552,2760290,2760789,2760025,2758485,2758485,2756729,2755666,2755130,2755285,2755285,2755583,2755781,2755998,2756093,2756093,2756812,2758533,2758507,2757549,2757549,2756576,2755335,2753679,2751287,2751287,2747669,2744258,2745801,2748962,2748962,2752253,2753769,2755157,2755994,2755994,2756778,2757485,2758495,2759825,H
2760473,2761244,2761907,2761907,2762440,2762816,2763518,2763908,2763908,2763590,2762830,2761521,2760815,2760815,2760644,2760672,2760740,2758990,2758990,2756487,2751641,2752524,2749313,2749313,2750813,2752484,2754653,2759510,2759510,2763223,2768243,2771169,2773168,2773168,2774346,2775659,2777789,2780734,2780734,2783543,2786190,2788707,2790434,H
2758083,2758083,2759572,2760992,2762642,2764037,2764037,2765333,2766581,2767548,2768056,2768056,2767640,2766720,2766001,2765457,2765457,2765382,2765857,2762825,2759895,2759895,2757191,2756630,2754069,2754810,2754810,2757614,2761000,2766032,2774112,2774112,2781714,2787194,2789596,2790685,2790685,2793546,2796317,2799779,2802606,2802606,2804547,H
2767998,2767998,2767998,2768439,2769058,2769644,2770516,2770516,2771158,2771942,2772802,2772802,2772623,2771458,2769296,2768101,2768101,2766451,2764665,2762011,2755997,2755997,2754170,2753572,2752223,2753229,2753229,2758086,2762348,2767646,2772708,2772708,2775876,2778075,2778597,2779469,2779469,2780867,2782669,2784949,2784949,2784949,2784949,H
2794343,2794343,2794343,2793595,2793595,2791795,2790464,2789426,2789134,2789134,2788753,2788655,2788513,2788739,2788739,2789657,2790224,2790647,2791013,2791013,2789095,2788050,2786720,2786205,2786205,2785605,2784618,2783744,2784289,2784289,2786899,2791055,2794954,2798149,2798149,2800481,2802132,2803548,2804440,2804440,2804440,2804440,2804440,H
2764019,2763223,2762730,2762711,2762711,2762663,2762623,2762882,2763642,2763642,2764225,2765086,2765937,2766769,2766769,2767516,2767074,2764069,2760588,2760588,2758434,2755299,2752624,2750013,2750013,2749434,2752177,2755557,2759648,2759648,2763207,2766009,2768384,2770672,2770672,2772319,2774223,2775008,2774384,2774384,2773469,2772941,2772653,H
2700547,2699813,2699813,2699053,2698939,2699065,2699488,2699488,2699761,2700346,2700946,2701632,2701632,2702327,2702834,2702539,2701325,2701325,2697597,2694612,2692001,2690767,2690767,2688682,2686605,2684644,2685609,2685609,2689488,2694002,2698712,2701719,2701719,2703731,2705893,2708650,2708650,2711805,2715016,2717991,2720478,2720478,2721883,H
2775590,2773554,2771344,2769527,2769527,2768495,2768148,2767771,2767680,2767680,2767482,2767991,2768288,2769253,2769253,2769953,2770664,2771318,2760913,2760913,2753718,2769715,2783865,2788581,2788581,2787594,2785386,2784059,2782760,2782760,2781933,2781738,2781684,2781935,2781935,2782419,2783037,2783576,2784286,2784286,2785342,2786370,2786714,H
2779035,2777706,2775671,2775671,2774078,2773054,2772492,2772125,2772125,2771975,2771559,2771854,2772205,2772205,2772789,2773520,2775024,2772088,2772088,2769842,2770434,2768613,2765917,2765917,2761661,2758893,2760243,2763836,2763836,2768112,2771352,2774337,2776374,2776374,2778604,2780600,2782499,2784322,2784322,2786184,2788017,2789744,2790094,H
2769047,2769047,2769047,2769949,2770407,2770407,2769905,2768121,2766224,2764282,2764282,2762830,2761859,2761574,2761206,2761206,2761398,2757744,2755811,2750435,2750435,2745891,2744560,2743965,2745830,2745830,2750386,2754524,2758807,2761677,2761677,2762986,2764136,2765332,2766757,2766757,2768202,2769451,2770083,2770979,2770979,2770979,2770979,H
2713872,2713872,2713872,2713739,2713748,2713903,2714004,2714004,2714282,2714414,2713725,2712561,2712561,2711319,2710494,2709591,2711128,2711128,2713734,2713863,2708739,2706390,2706390,2705318,2703193,2705539,2710781,2710781,2721181,2728659,2735154,2738434,2738434,2739913,2740702,2741982,2743110,2743110,2744471,2746725,2746725,2746725,2746725,H
2770532,2770532,2770752,2770752,2770728,2771078,2771778,2772702,2772702,2773501,2774702,2775848,2776938,2776938,2778055,2778401,2777230,2770907,2770907,2761796,2752565,2750333,2747609,2747609,2747286,2748216,2752556,2757658,2757658,2761658,2764592,2766865,2768242,2768242,2769253,2770612,2771314,2770257,2770257,2768114,2766326,2765523,2765523,H
2761938,2761809,2762201,2762545,2762545,2763197,2763887,2764562,2765379,2765379,2766001,2766841,2766867,2766241,2766241,2764867,2762868,2762047,2759046,2759046,2759166,2757997,2758403,2760083,2760083,2761973,2765879,2769292,2774033,2774033,2778140,2780883,2783281,2784753,2784753,2785037,2784177,2782680,2781645,2781645,2781094,2780744,2780520,H
2768079,2768507,2769124,2769124,2769588,2770111,2769903,2768542,2768542,2766984,2765707,2764950,2764640,2764640,2764165,2762384,2758998,2755363,2755363,2752643,2750530,2746792,2744296,2744296,2741225,2738831,2737830,2741306,2741306,2746425,2752120,2757499,2761223,2761223,2764605,2767264,2769526,2771362,2771362,2773168,2775097,2777021,2778768,H
2017866,2017866,2017866,2017866,2017866,2017281,2016491,2016086,2016025,2016025,2015910,2015995,2015123,2016412,2016412,2013287,2015636,2014522,2014522,2014918,2014827,2012448,2015627,2015627,2014737,2014566,2013359,2011774,2011774,2013119,2016816,2018594,2019394,2019394,2020510,2020698,2021420,2021527,2021527,2021527,2021527,2021527,2021527,H
2026607,2026607,2026607,2026607,2026607,2026607,2025433,2025433,2024923,2024587,2024342,2024096,2024096,2023907,2022995,2022345,2021070,2021070,2020295,2018668,2015990,2019027,2019027,2012568,2015304,2014861,2008337,2008337,2013330,2015060,2016272,2017492,2017492,2018393,2018788,2019825,2020985,2020985,2020985,2020985,2020985,2020985,2020985,H
2052290,2052290,2053587,2054914,2055160,2055746,2055746,2054186,2054367,2052585,2053369,2053369,2053361,2055450,2050595,2048788,2048788,2045020,2045577,2040473,2043373,2043373,2040287,2042606,2041991,2043385,2043385,2041822,2039161,2040129,2040535,2040535,2043465,2044277,2045556,2045461,2045461,2046263,2046396,2047073,2047627,2047627,2047627,H
2011968,2008968,2008968,2006238,2001197,1996921,1993623,1993623,1992111,1990834,1989507,1989203,1989203,1990920,1990873,1992410,1995103,1995103,1992667,1994120,1992935,1989620,1989620,1991734,1991736,1988899,1989530,1989530,1992364,1995037,2000326,2005003,2005003,2007825,2011205,2014071,2015524,2015524,2016963,2017112,2017651,2018630,2018630,H
2002047,1996966,1997195,1991867,1991028,1991028,1985455,1982753,1980337,1979297,1979297,1981901,1982659,1988604,1990326,1990326,1992842,1991039,1991216,1992874,1992874,1992967,1995175,1994538,1993570,1993570,1994408,1995956,1997763,2003831,2003831,2012889,2021803,2025577,2029336,2029336,2030282,2031248,2031942,2030628,2030628,2029654,2029048,H
2036305,2037437,2038211,2038830,2038830,2039534,2039803,2039913,2040174,2040174,2040282,2039883,2039490,2039344,2039344,2039414,2039417,2039097,2014195,2014195,2018121,2037655,2040228,2040476,2040476,2041191,2042124,2042872,2043089,2043089,2043458,2043893,2043382,2042583,2042583,2042089,2042564,2042649,2042976,2042976,2042759,2042528,2042753,H
2029348,2028393,2028197,2028127,2028127,2027224,2026360,2026313,2024713,2024713,2024629,2023216,2021990,2017082,2017082,2016300,2014218,2014410,2012805,2012805,2012126,2013463,2013289,2011759,2011759,2009095,2009037,2006325,2008145,2008145,2005411,2007243,2009947,2012467,2012467,2015627,2016548,2018952,2019949,2019949,2021277,2022926,2023989,H
2043885,2043731,2043301,2042436,2042436,2042075,2041738,2041216,2041114,2041114,2037954,2037113,2032706,2035532,2035532,2036630,2038085,2039110,2037228,2037228,2035814,2035915,2033286,2033286,2032775,2034346,2029289,2032184,2032184,2032847,2035840,2039542,2041363,2041363,2044672,2044782,2043471,2041799,2041799,2040504,2039404,2038102,2037384,H
2017269,2017269,2017032,2016903,2014836,2014190,2014190,2010806,2013440,2010442,2009014,2009014,2008886,2008258,2009218,2006409,2006409,2007599,2007202,2010050,2006430,2006430,2008884,2010495,2010137,2006155,2006155,2010512,2009158,2013366,2017823,2017823,2021487,2023091,2023750,2024490,2024490,2024757,2025140,2026306,2026728,2026728,2027169,H
2040860,2041750,2041750,2043404,2044586,2044196,2041868,2041868,2042746,2042711,2044456,2041563,2041563,2034080,2034448,2030054,2026745,2026745,2025900,2023738,2024049,2029404,2029404,2024648,2024822,2020251,2021364,2021364,2021572,2025482,2023280,2024587,2024587,2028106,2029794,2030915,2031772,2031772,2032742,2031759,2031657,2029867,2029867,H
2037093,2035132,2033167,2033167,2029336,2025810,2024260,2026178,2026178,2031080,2033746,2033223,2030930,2030930,2030037,2028075,2028018,2023820,2023820,2021636,2018298,2015240,2017505,2017505,2017903,2016621,2019485,2018764,2018764,2021210,2020005,2023348,2028993,2028993,2034649,2037792,2041204,2045767,2045767,2048436,2051173,2051638,2051288,H
2020939,2019120,2019120,2017190,2014046,2012058,2010034,2010034,2008492,2010258,2009407,2011217,2011217,2006409,2009716,2008685,2011962,2011962,2014235,2013943,2017412,2014762,2014762,2018218,2015364,2014201,2015042,2015042,2010595,2011691,2013920,2014239,2014239,2015317,2016274,2017422,2017997,2017997,2018342,2018614,2018801,2018769,2018769,H
2008466,2008466,2008448,2008342,2008516,2008592,2008592,2008681,2008367,2008531,2008436,2008436,2007484,2005427,2008729,2007036,2007036,2001391,2003587,2000393,2002815,2002815,2002503,2005743,2007998,2011428,2011428,2014077,2016283,2018202,2018894,2018894,2018945,2018393,2017449,2017003,2017003,2016913,2016394,2015979,2015653,2015653,2015653,H
2011243,2012056,2012647,2013393,2013282,2013282,2012829,2012841,2014411,2014411,2014466,2016477,2015165,2013391,2013391,2013596,2012634,2013568,2014051,2014051,2014278,2015079,2015500,2017363,2017363,2017355,2016237,2014718,2013646,2013019,2013019,2011553,2011936,2013490,2013490,2015072,2016590,2019573,2020696,2021988,2021988,2021621,2020680,H
2227386,2227065,2227199,2227130,2228493,2228493,2230011,2232457,2233470,2232958,2232958,2232690,2231870,2230604,2229777,2229777,2229867,2229576,2230530,2231701,2231701,2232467,2232311,2234642,2237362,2237362,2238983,2241816,2241816,2243805,2243805,2244355,2243426,2243351,2242700,2242700,2242526,2242388,2241796,2241459,2241459,2241621,2241775,H
2229377,2229377,2229316,2228533,2228533,2227865,2226962,2225984,2225168,2225168,2224616,2223503,2222137,2221138,2221138,2218595,2217184,2216236,2215433,2215433,2217996,2217813,2218559,2217742,2217742,2217909,2217378,2218370,2218814,2218814,2219107,2219804,2220622,2221627,2221627,2221995,2222572,2222668,2222831,2222831,2222077,2222077,2222077,H
2227941,2227941,2227941,2227941,2227175,2226369,2224889,2220236,2220236,2219244,2215275,2213976,2213565,2213565,2211015,2214629,2214776,2217091,2217091,2218237,2219883,2222220,2219712,2219712,2222357,2221434,2222887,2224519,2224519,2226435,2229395,2230947,2233387,2233387,2233798,2234412,2235075,2235124,2235124,2235965,2235965,2235965,2235965,H
2165362,2165362,2165448,2165605,2165755,2165706,2165706,2163914,2163184,2159678,2154425,2154425,2149028,2145567,2144359,2146657,2146657,2148130,2150987,2150974,2152439,2152439,2152484,2153908,2151836,2152131,2152131,2152591,2153309,2155184,2159607,2159607,2159953,2162562,2164201,2165892,2165892,2166972,2167853,2167836,2168447,2168447,2168251,H
2183888,2183767,2183767,2183338,2182645,2182360,2182072,2182072,2181632,2180929,2179944,2179166,2179166,2178477,2177325,2178089,2176589,2176589,2176118,2171940,2171909,2169304,2169304,2166448,2166536,2163484,2166707,2166707,2167138,2165072,2165473,2165794,2165794,2169514,2172674,2174069,2175959,2175959,2178130,2179515,2180493,2181145,2181145,H
2185322,2185378,2185351,2185619,2185619,2186603,2187629,2189011,2190362,2191006,2191006,2191517,2192040,2190144,2190144,2188742,2185158,2182963,2182614,2178666,2178666,2180416,2179475,2178077,2178077,2178563,2178705,2176504,2178150,2178150,2175543,2174665,2173952,2175340,2175340,2174518,2174530,2174156,2174874,2174874,2174760,2175140,2175531,H
2197701,2197701,2198205,2197185,2196042,2192324,2192324,2189104,2187717,2186498,2186926,2186926,2182660,2182109,2180486,2180605,2180605,2182964,2182072,2183426,2183643,2183643,2181605,2182050,2180967,2176795,2176795,2177210,2174830,2179054,2179615,2179615,2182274,2180841,2180400,2180814,2180814,2179850,2178824,2177908,2177044,2177044,2175648,H
2141515,2143635,2143635,2144615,2144759,2145145,2144144,2144144,2143538,2141999,2140564,2140036,2140036,2139249,2139579,2138793,2139703,2139703,2138491,2138223,2139784,2141468,2141468,2141856,2144418,2144418,2142461,2142461,2145504,2150709,2150709,2149721,2151566,2151566,2155781,2157192,2157498,2157498,2161495,2164282,2166238,2167244,2167244,H
2176384,2176294,2176294,2176193,2176632,2177570,2178929,2178929,2179164,2179775,2180396,2180446,2180446,2179741,2178902,2177770,2177331,2177331,2178614,2178820,2178820,2175131,2172921,2172921,2183092,2185314,2187575,2186383,2186383,2185482,2186097,2185532,2184251,2184251,2183511,2184114,2183003,2182963,2182963,2183935,2183935,2183460,2183460,H
2169511,2170023,2170023,2169675,2170186,2170018,2169862,2169862,2169560,2169428,2169360,2168998,2168998,2169079,2169013,2168797,2167205,2167205,2161262,2165767,2163671,2164564,2164564,2165653,2165668,2165685,2162120,2162120,2160224,2161661,2161734,2163346,2163346,2165289,2165365,2165365,2165524,2165524,2167154,2167650,2167650,2167926,2167926,H
2165642,2165642,2165502,2165502,2165160,2165814,2166916,2167674,2167674,2166812,2165148,2165929,2162825,2162825,2165326,2165592,2169488,2164860,2171442,2171442,2167904,2168587,2174469,2174469,2174469,2169892,2178592,2178019,2180365,2180365,2181656,2181884,2181928,2182629,2182629,2184300,2185462,2185532,2185615,2185615,2184942,2183935,2183935,H
2159326,2159643,2159711,2159892,2159101,2159101,2157479,2152014,2148892,2145215,2145215,2144160,2143994,2142743,2144355,2144355,2147356,2147060,2146288,2145227,2145227,2144976,2148148,2141879,2142746,2142746,2137110,2139761,2143451,2146041,2147332,2147332,2149924,2150983,2150766,2150766,2150294,2151286,2151769,2151920,2151920,2152699,2152738,H
2132637,2133222,2133258,2133258,2133526,2133460,2133460,2132143,2132143,2129837,2128052,2123635,2122452,2122452,2124792,2125350,2127919,2128786,2128786,2129480,2130439,2131141,2131341,2131341,2131949,2133177,2135113,2136949,2136949,2137441,2137121,2136301,2136240,2136240,2135655,2135597,2135105,2135105,2134940,2134049,2132572,2132467,2132467,H
2145208,2144549,2144549,2143893,2142408,2140230,2138721,2138721,2136376,2137044,2137097,2137655,2137655,2140566,2138939,2140661,2136962,2136962,2141774,2137751,2141384,2138162,2138162,2137460,2137142,2137142,2139591,2136423,2136423,2140596,2138031,2140455,2140455,2140907,2143935,2147843,2149529,2149529,2149326,2150790,2153449,2154710,2154710,H
2131583,2131845,2131469,2131153,2131153,2130817,2132442,2135507,2138083,2138083,2139951,2142067,2144345,2147890,2147890,2147622,2150883,2151724,2151526,2151526,2152311,2151329,2153885,2152969,2152969,2154227,2153585,2153802,2154126,2154126,2155532,2157916,2159385,2161694,2161694,2161850,2163641,2164376,2165407,2165407,2166005,2166647,2167343,H
2125848,2125848,2126078,2126185,2125088,2125088,2123566,2121707,2120445,2118134,2118134,2121652,2122183,2125429,2125429,2130381,2132380,2132833,2131715,2131715,2131961,2131967,2133837,2128855,2131962,2131962,2127596,2131982,2132249,2132249,2133140,2135352,2136121,2135557,2135557,2135996,2137042,2137335,2136545,2136545,2137170,2137335,2137335,H
2147186,2147141,2146901,2147490,2147936,2148504,2148504,2146839,2143247,2137773,2134922,2134922,2135964,2135158,2136370,2137448,2137448,2141123,2140754,2143600,2143600,2147214,2149083,2150135,2151177,2151177,2156153,2164018,2168203,2171039,2171039,2172413,2170562,2169920,2169122,2169122,2169419,2169647,2168990,2169646,2169646,2169345,2168604,H
2157002,2157002,2157994,2155069,2155069,2161560,2158139,2158432,2156785,2156785,2158232,2164551,2159734,2165171,2165171,2166045,2165174,2166753,2167165,2167165,2166253,2169668,2166802,2166025,2166025,2163367,2160894,2161178,2163451,2163451,2160255,2161280,2160798,2160919,2160919,2161633,2162383,2162836,2163446,2163446,2163503,2162076,2162076,H
2133360,2134549,2135158,2137183,2139207,2139207,2138098,2140648,2140114,2140102,2140102,2137234,2138189,2138189,2138836,2138836,2137957,2135810,2135895,2135218,2135218,2134440,2137211,2138497,2140132,2140132,2139603,2143633,2145766,2148186,2148186,2150201,2150692,2150374,2149855,2149855,2149046,2148109,2147398,2147322,2147322,2147359,2147042,H
2106522,2106522,2106522,2106961,2106501,2108351,2108351,2108312,2108841,2107270,2106844,2106844,2107747,2108078,2108078,2105204,2105204,2107799,2104946,2105097,2105453,2105453,2104436,2104733,2104362,2104268,2104268,2103806,2103406,2102725,2103282,2103282,2101745,2101442,2102090,2103632,2103632,2103340,2106010,2106010,2107696,2107696,2107696,H
2143687,2143836,2143836,2144400,2145379,2146276,2146276,2146648,2146705,2144888,2144888,2144888,2145172,2144863,2143480,2143233,2143233,2144782,2146233,2146504,2148018,2148018,2136767,2156683,2160839,2162599,2162599,2162599,2162599,2161928,2161037,2159924,2159924,2158844,2158844,2158844,2158586,2158586,2158307,2158003,2157963,2157785,2157785,H
2154695,2159198,2163344,2165734,2165734,2167898,2169229,2169900,2171302,2171302,2170095,2169854,2166484,2164897,2164897,2162697,2162675,2163099,2163099,2163099,2164152,2165699,2165293,2167314,2167314,2167298,2168823,2170299,2173056,2173056,2174560,2175979,2177561,2176763,2176763,2179801,2179728,2182392,2180397,2180397,2180771,2180276,2179756,H
2161326,2161254,2161249,2161249,2161161,2161536,2161661,2161794,2161794,2161770,2159549,2158804,2156210,2156210,2153020,2149617,2149944,2150425,2150425,2152139,2153882,2157498,2160239,2160239,2162855,2168661,2172661,2175976,2175976,2175100,2171229,2169378,2169845,2169845,2168795,2168348,2168425,2168277,2168277,2168180,2167426,2166066,2164466,H
2133408,2133655,2133648,2133403,2133403,2133098,2132155,2129352,2127045,2127045,2124962,2125344,2128603,2135001,2135001,2143606,2148607,2154738,2156821,2156821,2161960,2163671,2165671,2165785,2165785,2169096,2167978,2164648,2163099,2163099,2160353,2158965,2157648,2156794,2156794,2155325,2154412,2152892,2152043,2152043,2150139,2149233,2148802,H
2122945,2122115,2122115,2121237,2120555,2118960,2116548,2116548,2116561,2117135,2116456,2119369,2119369,2118120,2119843,2120565,2118063,2118063,2118562,2117638,2116613,2117463,2117463,2111922,2113207,2110018,2108588,2108588,2107319,2109182,2109809,2112620,2112620,2113343,2114341,2115513,2116238,2116238,2116293,2115974,2116168,2115918,2115918,H
2130043,2130043,2130043,2130653,2132149,2132301,2132225,2132225,2132214,2132167,2131500,2130760,2130760,2129796,2129188,2129446,2130437,2130437,2128510,2137550,2135438,2138772,2138772,2135716,2131053,2134163,2136465,2136465,2136695,2136341,2135745,2135511,2135511,2135041,2134297,2133434,2132945,2132945,2132124,2132188,2132000,2132012,2132012,H
2119588,2119775,2119663,2119696,2119751,2119751,2119715,2119528,2118533,2116235,2116235,2117767,2119706,2118900,2122884,2122884,2120198,2119120,2123926,2122034,2122034,2122704,2117764,2118658,2119971,2119971,2119950,2121167,2122349,2122846,2122846,2123498,2123090,2123025,2123243,2123243,2123480,2123819,2124098,2124099,2124099,2124105,2124448,H
1966099,1966099,1966099,1966572,1966970,1968000,1968175,1969108,1969255,1968800,1968871,1969203,1969296,1969407,1969803,1969861,1968655,1968492,1966741,1965130,1965745,1963840,1970172,1967145,1971934,1971222,1970894,1973008,1968240,1975679,1972721,1975098,1973409,1971304,1975892,1970508,1976903,1976400,1978981,1976652,1978874,1978874,1978874,H
2104543,2104543,2104543,2104543,2103972,2103599,2103599,2103202,2103560,2103342,2103113,2103113,2103075,2103133,2103386,2103303,2103303,2103255,2101369,2098007,2095231,2095231,2090464,2089876,2091455,2095189,2095189,2099054,2101432,2101873,2101907,2101907,2101810,2101863,2101180,2101436,2101436,2101932,2102156,2102156,2102156,2102156,2102156,S
2079388,2081517,2082826,2082826,2082726,2083736,2084995,2085132,2085132,2085527,2085433,2085967,2087085,2087085,2086705,2087156,2087814,2088074,2088074,2088456,2088083,2088885,2089197,2089197,2088226,2087644,2086975,2084882,2084882,2081448,2082428,2086540,2090261,2090261,2093346,2095195,2095932,2096733,2096733,2097506,2098593,2099288,2098777,S
2096422,2096422,2096422,2096422,2096422,2096422,2096422,2096422,2095974,2095163,2095163,2094562,2094601,2094366,2093763,2093763,2093314,2093814,2093876,2093483,2093483,2092415,2091775,2085542,2074367,2074367,2068575,2072879,2077099,2080762,2080762,2083063,2085821,2087458,2089255,2089255,2089255,2089255,2089255,2089255,2089255,2089255,2089255,S
2046867,2046867,2046867,2046867,2046867,2046867,2046867,2047316,2047316,2047835,2048149,2047760,2047760,2047207,2045172,2045172,2045670,2045670,2043777,2043373,2042613,2041844,2041844,2037799,2030982,2025982,2029187,2029187,2033144,2038518,2041249,2041741,2041741,2044043,2045626,2047100,2048320,2048320,2048320,2048320,2048320,2048320,2048320,S
2066950,2066950,2066950,2066950,2066803,2066199,2065650,2065339,2065339,2065278,2064946,2064903,2064893,2064893,2064179,2063456,2059388,2057295,2057295,2053896,2053896,2053360,2050794,2050794,2050115,2052774,2058029,2062719,2062719,2066351,2067494,2067587,2068122,2068122,2069089,2069330,2069234,2069651,2069651,2069651,2069651,2069651,2069651,S
2045995,2045995,2045995,2045995,2045995,2045995,2045836,2045836,2045382,2045121,2044973,2045102,2045102,2045580,2045851,2046180,2046288,2046288,2045765,2043453,2040909,2040170,2040170,2035411,2028667,2027253,2031489,2031489,2036436,2040054,2041754,2042990,2042990,2043990,2044173,2044941,2044941,2045333,2045333,2045333,2045333,2045333,2045333,S
2070613,2070613,2070613,2070613,2070666,2070457,2070664,2070258,2070258,2071959,2074002,2076133,2077597,2077597,2078874,2080153,2076095,2075553,2075553,2075357,2073075,2072917,2072433,2071431,2071431,2064546,2046935,2043394,2051560,2051560,2061994,2068658,2073483,2078077,2078077,2080238,2081444,2083480,2084530,2084530,2084530,2084530,2084530,S
2062534,2062534,2062534,2064468,2062307,2059523,2060261,2060261,2062142,2062276,2063754,2064402,2064402,2065271,2065775,2065753,2063518,2063518,2060682,2054851,2045411,2036245,2036245,2029757,2031786,2037653,2047294,2047294,2064858,2073521,2073741,2074217,2074217,2074819,2075745,2076388,2077048,2077048,2078726,2079135,2078927,2079072,2079072,S
2048663,2048663,2048663,2048663,2048663,2048663,2048663,2048663,2047353,2046681,2046681,2046402,2046392,2045516,2045516,2045516,2045312,2045466,2047838,2046665,2046665,2044498,2039443,2033485,2030465,2030465,2031503,2033761,2035668,2035668,2035668,2035904,2035736,2035355,2035292,2035292,2035292,2035292,2035292,2035292,2035292,2035292,2035292,S
2081356,2081356,2081356,2081356,2081299,2080880,2080880,2080831,2081113,2081123,2080775,2080775,2080220,2079355,2077937,2077937,2077937,2078713,2080540,2081419,2080297,2080297,2078691,2075606,2070960,2066360,2066360,2060657,2062432,2065711,2068038,2068038,2069896,2071010,2072629,2073074,2073074,2073760,2073802,2073802,2073802,2073802,2073802,S
2064117,2064117,2064117,2064117,2064117,2064117,2064117,2063681,2062959,2062477,2062057,2062057,2061778,2061452,2061452,2061507,2061507,2061871,2060183,2059759,2057342,2057342,2053826,2045040,2031868,2029002,2029002,2035692,2044295,2048642,2049763,2049763,2050770,2050776,2051037,2051110,2051110,2050551,2050551,2050551,2050551,2050551,2050551,S
2038709,2038709,2038709,2038709,2038709,2038709,2038427,2038567,2038667,2038667,2038170,2037382,2036889,2037336,2037336,2039667,2042111,2043244,2044524,2044524,2045660,2044286,2042671,2029737,2029737,2012850,2009533,2015792,2026344,2026344,2037309,2043095,2046609,2048312,2048312,2050118,2049152,2048839,2048839,2048839,2048839,2048839,2048839,S
2055181,2055181,2055181,2055272,2055272,2054961,2054038,2053069,2052317,2052317,2051300,2051235,2050437,2049571,2049571,2049165,2047874,2046539,2044103,2044103,2042490,2040935,2038947,2038781,2038781,2035802,2032969,2034543,2037465,2037465,2042220,2045813,2049499,2050815,2050815,2051571,2051352,2051440,2051564,2051564,2051564,2051564,2051564,S
2061191,2061191,2061191,2061191,2061191,2061191,2061191,2061191,2061191,2061191,2061722,2062047,2061997,2061984,2062123,2062424,2062694,2062751,2059910,2056676,2056663,2055561,2052276,2049106,2049958,2053611,2058369,2060927,2062294,2064264,2065471,2066159,2066713,2067496,2067496,2067496,2067496,2067496,2067496,2067496,2067496,2067496,2067496,S
2029777,2029777,2029777,2029777,2029777,2029383,2029039,2029039,2028525,2028582,2028513,2027780,2027780,2026927,2026935,2023186,2017455,2017455,2008098,2000148,1993148,1993719,1993719,1997862,2005294,2010714,2012368,2012368,2014762,2016210,2017288,2018908,2018908,2019399,2019844,2019732,2020447,2020447,2020447,2020447,2020447,2020447,2020447,S
2044369,2044369,2044369,2044369,2044369,2044369,2044369,2043512,2042636,2041929,2041929,2041528,2040983,2040307,2039721,2039721,2039071,2038110,2037464,2034468,2034468,2032340,2029935,2025382,2023009,2023009,2024921,2028353,2030379,2031003,2031003,2030925,2030603,2029948,2029091,2029091,2027864,2027864,2027864,2027864,2027864,2027864,2027864,S
2040889,2040889,2040889,2040889,2040189,2039095,2039095,2038090,2037179,2036483,2036129,2036129,2035450,2034332,2033329,2032828,2032828,2030045,2029735,2027176,2027039,2027039,2024963,2021223,2021720,2024640,2024640,2026962,2028960,2030451,2032083,2032083,2033688,2034772,2035678,2036530,2036530,2037333,2037815,2037815,2037815,2037815,2037815,S
2016089,2016089,2016089,2016089,2016350,2016419,2016419,2017097,2017112,2017375,2017255,2017255,2017363,2017763,2016561,2012488,2012488,2009031,2009782,2010016,2007683,2007683,2006714,2006955,2008154,2011671,2011671,2014032,2014538,2015101,2015106,2015106,2015720,2015678,2015982,2015650,2015650,2016203,2016848,2016848,2016848,2016848,2016848,S
2049491,2049491,2049491,2049491,2049491,2049491,2049491,2049162,2049162,2048871,2049065,2049038,2049505,2049505,2049693,2050113,2050365,2049027,2049027,2046446,2045590,2043808,2043369,2043369,2043531,2045733,2047536,2048661,2048661,2049469,2049578,2049752,2049752,2050207,2050253,2050633,2051020,2051020,2051020,2051020,2051020,2051020,2051020,S
2038850,2038850,2038850,2038850,2038850,2040401,2041646,2041646,2043112,2043540,2044276,2044909,2044909,2044540,2045502,2045902,2046725,2046725,2046097,2044885,2044502,2043627,2043627,2043949,2037785,2025172,2019021,2019021,2025184,2032583,2037906,2040163,2040163,2042387,2043482,2043507,2043708,2043943,2043943,2043943,2043943,2043943,2043943,S
2070283,2070283,2070283,2070283,2070283,2070283,2069217,2069217,2068662,2067582,2066478,2065370,2065370,2064078,2063313,2062907,2062442,2062732,2062732,2060815,2058788,2056515,2052335,2052335,2047145,2043918,2047386,2056237,2056237,2061412,2064150,2066286,2067964,2067964,2069393,2070315,2072244,2072244,2072244,2072244,2072244,2072244,2072244,S
2044256,2044256,2044256,2044256,2044256,2044256,2044458,2044206,2044206,2043868,2043372,2042664,2042038,2041677,2041677,2041383,2041894,2043319,2045165,2045165,2045507,2045557,2041604,2041604,2034645,2028023,2028374,2032607,2032607,2035497,2036606,2036914,2036741,2036339,2036339,2036137,2036414,2036793,2036793,2036793,2036793,2036793,2036793,S
2037024,2037024,2037024,2037024,2037024,2036864,2036368,2036368,2035871,2035338,2034542,2034433,2034433,2034017,2033376,2032291,2030188,2030188,2029919,2027586,2026701,2026701,2022914,2019741,2020840,2023974,2026616,2026616,2029018,2030447,2031090,2031606,2031606,2031195,2030942,2030920,2030864,2030864,2030864,2030864,2030864,2030864,2030864,S
2042919,2042919,2042919,2042919,2042919,2042919,2042919,2042869,2042869,2043280,2043261,2043559,2043637,2043637,2043711,2043196,2042618,2042305,2042305,2042028,2041929,2040931,2038431,2038431,2035462,2034889,2034018,2030509,2030509,2027564,2026960,2028348,2031286,2031286,2035015,2036981,2036981,2036981,2036981,2036981,2036981,2036981,2036981,S
2031164,2031164,2031164,2031164,2031164,2031164,2031164,2030920,2030249,2029484,2028679,2028679,2027843,2027217,2026416,2025873,2025873,2023321,2021850,2019309,2019302,2019302,2017405,2013440,2005529,1996701,1996701,2000426,2008950,2012942,2014534,2014534,2014661,2015512,2015310,2014846,2014654,2014654,2014654,2014654,2014654,2014654,2014654,S
1986985,1986985,1986985,1986985,1986985,1986985,1986985,1986985,1986385,1986021,1985942,1985887,1985887,1985591,1985371,1985302,1985223,1985223,1985626,1983500,1983500,1981244,1981244,1975949,1969586,1967906,1971445,1971445,1975653,1977192,1977041,1976981,1976981,1977071,1977226,1977466,1977466,1977466,1977466,1977466,1977466,1977466,1977466,S
2007163,2007163,2007163,2007163,2007163,2007163,2007163,2007036,2006579,2005928,2005928,2005015,2003974,2002740,2002637,2002637,2001788,2000459,1998154,1996719,1996719,1995115,1996573,1995910,1992047,1992047,1994458,2001116,2004279,2005435,2005435,2005456,2005997,2007362,2008067,2008067,2009161,2009161,2009161,2009161,2009161,2009161,2009161,S
2061969,2060764,2060572,2060572,2059950,2059136,2058931,2059157,2059157,2059341,2060092,2060280,2060280,2060192,2059653,2057312,2049865,2049865,2026721,2005650,2000946,2009729,2009729,2034251,2063376,2069149,2071655,2071655,2071317,2071473,2071141,2071142,2071142,2071699,2072561,2072637,2072396,2072396,2072297,2071897,2071827,2071361,2071361,S
2039946,2039946,2039946,2039946,2039946,2039946,2040022,2040022,2039131,2038785,2038305,2037709,2037709,2037208,2036778,2037268,2038441,2038441,2038844,2040121,2036926,2033781,2033781,2032511,2024678,2012523,2005414,2005414,2011056,2018675,2024869,2029017,2029017,2031273,2033244,2033768,2034695,2034695,2034695,2034695,2034695,2034695,2034695,S
2045714,2045714,2045714,2045714,2045714,2045714,2045714,2044514,2043060,2043060,2041818,2041346,2040347,2039923,2039923,2039186,2038766,2038611,2038264,2038264,2036024,2034164,2030621,2030621,2025401,2020848,2022110,2028969,2028969,2032544,2032287,2031775,2031495,2031495,2030523,2030227,2029720,2029720,2029720,2029720,2029720,2029720,2029720,S
2060840,2060840,2060840,2060840,2060840,2060840,2060058,2060058,2059733,2059354,2058889,2058734,2058734,2058562,2059212,2058527,2060039,2060039,2059622,2057234,2057234,2055320,2055320,2051769,2044013,2039893,2042311,2042311,2050918,2056600,2061930,2063784,2063784,2066084,2067711,2069256,2070525,2070525,2070525,2070525,2070525,2070525,2070525,S
2063622,2063622,2063622,2063622,2063622,2063622,2063622,2066302,2066302,2067420,2067420,2068244,2068818,2069787,2070067,2070067,2071484,2072616,2074304,2073385,2073385,2074105,2070826,2064548,2058352,2058352,2049253,2050478,2059930,2065612,2065612,2070081,2071714,2072375,2074618,2074618,2074819,2074819,2074819,2074819,2074819,2074819,2074819,S
2030405,2030405,2030405,2030405,2030192,2030192,2029756,2029389,2029460,2029186,2029186,2029018,2028861,2028357,2027243,2027243,2026272,2025545,2024954,2022600,2022600,2023728,2021749,2020933,2013430,2013430,2010122,2013254,2015893,2018689,2018689,2021964,2022841,2022946,2023069,2023069,2023302,2023150,2023163,2023163,2023163,2023163,2023163,S
2035749,2036154,2036322,2036992,2036992,2038679,2039611,2041211,2042128,2042128,2042010,2041929,2042367,2042727,2042727,2042604,2041584,2036120,2023578,2023578,2007773,1995468,1995951,2005966,2005966,2027583,2051319,2055192,2056763,2056763,2056795,2056290,2055315,2054270,2054270,2053711,2053473,2054159,2054511,2054511,2054774,2055379,2055751,S
2062310,2062310,2062310,2062310,2062310,2062310,2062137,2061525,2061525,2061656,2060827,2061141,2061000,2061000,2061394,2062069,2062163,2062117,2062117,2061892,2062952,2062097,2060267,2060267,2056648,2049400,2044216,2047060,2047060,2053252,2059636,2063863,2063863,2064802,2064758,2064970,2065719,2065537,2065537,2065537,2065537,2065537,2065537,S
2069978,2069978,2069978,2069978,2069978,2069978,2069665,2069401,2069305,2069040,2069040,2068959,2068846,2068690,2068452,2068452,2067904,2065632,2063175,2058900,2058900,2055057,2056580,2058735,2057874,2057874,2056178,2058092,2064279,2068809,2068809,2071426,2072671,2073196,2073143,2073143,2073477,2073491,2073491,2073491,2073491,2073491,2073491,S
2069972,2069972,2069972,2069972,2069972,2069972,2069972,2069972,2069713,2070081,2070082,2070138,2070138,2070334,2069896,2070104,2068938,2068938,2067011,2066179,2064321,2064481,2064481,2061245,2058204,2052233,2050394,2050394,2054785,2060926,2066611,2069863,2069863,2071846,2073119,2073119,2073119,2073119,2073119,2073119,2073119,2073119,2073119,S
2062536,2062536,2062536,2062536,2062536,2062536,2062536,2062536,2061645,2060058,2059376,2058272,2058272,2057583,2056668,2055700,2053906,2053906,2049027,2044244,2039877,2039054,2039054,2037968,2034127,2031674,2035531,2035531,2041975,2046458,2050288,2051489,2051489,2052806,2053188,2053078,2053848,2053848,2053848,2053848,2053848,2053848,2053848,S
1994127,1994127,1994127,1994127,1994127,1994127,1994127,1994127,1994250,1994544,1994544,1994695,1994766,1994579,1994036,1994036,1993582,1993081,1993158,1992675,1992675,1991694,1989870,1985909,1980620,1980620,1974189,1967750,1969323,1969323,1975873,1981231,1983825,1985023,1986981,1986981,1986981,1986981,1986981,1986981,1986981,1986981,1986981,S
2051825,2051825,2051825,2051825,2051825,2051825,2051825,2051825,2050988,2049655,2048870,2047827,2047827,2046992,2046617,2044969,2040589,2040589,2038950,2041108,2043594,2043914,2043914,2043817,2035302,2023567,2022081,2022081,2033268,2039462,2041994,2043887,2043887,2042244,2042645,2042554,2042795,2042795,2042795,2042795,2042795,2042795,2042795,S
2078998,2078998,2078998,2078998,2078998,2078998,2078998,2078354,2078354,2077513,2077083,2076596,2075729,2075729,2072986,2070645,2068623,2065923,2065923,2067354,2068325,2068827,2069404,2069404,2064690,2061439,2064870,2069601,2069601,2072940,2075302,2076623,2077934,2077934,2078621,2079572,2080442,2080442,2080442,2080442,2080442,2080442,2080442,S
2065388,2065388,2065388,2065388,2065388,2065388,2065388,2065388,2065388,2063087,2061215,2059412,2058088,2058088,2057352,2057098,2057275,2058056,2058056,2058934,2059888,2059028,2054952,2054952,2046112,2035633,2038221,2048335,2048335,2052150,2053293,2055823,2057819,2057819,2059962,2059962,2059962,2059962,2059962,2059962,2059962,2059962,2059962,S
3076847,3076847,3076847,3076847,3076847,3076847,3076847,3076114,3075728,3075728,3075539,3075389,3075341,3075228,3075228,3075625,3075859,3075893,3076312,3076312,3076297,3076639,3076676,3077093,3077093,3077829,3079112,3079840,3080418,3080418,3080868,3081212,3081367,3081367,3081367,3081623,3082031,3082031,3082031,3082031,3082031,3082031,3082031,S
2951484,2951484,2951484,2951484,2951484,2951484,2950671,2949735,2949735,2948978,2948298,2947579,2946310,2946310,2944512,2942543,2941076,2939963,2939963,2939251,2937976,2935433,2932538,2932538,2930047,2928427,2929172,2931184,2931184,2933387,2935008,2936226,2937091,2937091,2937759,2938180,2938189,2937488,2937488,2937488,2937488,2937488,2937488,S
3057954,3057954,3057954,3057954,3057954,3058528,3058528,3059180,3059373,3058936,3057465,3057465,3056188,3055248,3053823,3053823,3053823,3053243,3052921,3052585,3052696,3052696,3053007,3053845,3054545,3054666,3054666,3053656,3052964,3052154,3051761,3051761,3051366,3051930,3053210,3053406,3053406,3049253,3049253,3049253,3049253,3049253,3049253,S
3069343,3069343,3069343,3069343,3069343,3069343,3069343,3068583,3067860,3067547,3067321,3067321,3067356,3067382,3067704,3067904,3067904,3068062,3068106,3068207,3066650,3066650,3064416,3061193,3058964,3057773,3057773,3057903,3058605,3058639,3058352,3058352,3058630,3058699,3058513,3058513,3058541,3058622,3058622,3058622,3058622,3058622,3058622,S
3055248,3055248,3055248,3055248,3055248,3055248,3055770,3056331,3057057,3057977,3057977,3058181,3057354,3056207,3055123,3055123,3054378,3053698,3053180,3052540,3052540,3050553,3048691,3046872,3045879,3045879,3046012,3046531,3047541,3048736,3048736,3049899,3051008,3052099,3053073,3053073,3052822,3051974,3051974,3051974,3051974,3051974,3051974,S
3070766,3070766,3070766,3070766,3070766,3070766,3070766,3069645,3067761,3067761,3066195,3065032,3064129,3063305,3063305,3062590,3062050,3061391,3061390,3061390,3061565,3061777,3061066,3061066,3061066,3060260,3059952,3060117,3060798,3060798,3062029,3062950,3063038,3061594,3061594,3059842,3058435,3058435,3058435,3058435,3058435,3058435,3058435,S
3075258,3075258,3075258,3075258,3075258,3075258,3075258,3075258,3075924,3076510,3076052,3074575,3073037,3071900,3071427,3071003,3070811,3070141,3069138,3067877,3067877,3067009,3065995,3065667,3066154,3067031,3069118,3071231,3072907,3074804,3075700,3075500,3074683,3074091,3074173,3074173,3074173,3074173,3074173,3074173,3074173,3074173,3074173,S
2937007,2937320,2937166,2937166,2937123,2936291,2935086,2934183,2934183,2933882,2934131,2934589,2935094,2935094,2935207,2935255,2935716,2936478,2936478,2937176,2937587,2939236,2941833,2941833,2944697,2947462,2947771,2945716,2945716,2943895,2942532,2941731,2941248,2941248,2940942,2940482,2940482,2940482,2940404,2940531,2940993,2940993,2940993,S
3029643,3029643,3029643,3029643,3029200,3029200,3028905,3028775,3028875,3029281,3029281,3029430,3029582,3030089,3030601,3030601,3031063,3031148,3029803,3026909,3026909,3023791,3020651,3018375,3017603,3017603,3017971,3019324,3022483,3026045,3026045,3029158,3031813,3034434,3036357,3036357,3037804,3038934,3040117,3040117,3040117,3040117,3040117,S
2977864,2977864,2977864,2977864,2977864,2977074,2976433,2976433,2976162,2975715,2975395,2975112,2975112,2974833,2974984,2974839,2974064,2974064,2971162,2967517,2964267,2961862,2961862,2961271,2962187,2963562,2964464,2964464,2965211,2965808,2966361,2966113,2966871,2966871,2967235,2967483,2967550,2967550,2967711,2967711,2967711,2967711,2967711,S
3067753,3067753,3067753,3067753,3067888,3067888,3068043,3067475,3065928,3064209,3064209,3062923,3061792,3061322,3060369,3060369,3059875,3059527,3058374,3056698,3056698,3055095,3053342,3051871,3050254,3049137,3048446,3048815,3050168,3050168,3052143,3053467,3054416,3055002,3055002,3055476,3056079,3056153,3056354,3056354,3056354,3056354,3056354,S
3086274,3086274,3086274,3086274,3086274,3087247,3088298,3088298,3089524,3090390,3090344,3089185,3089185,3088072,3087283,3087326,3087410,3087410,3087375,3087288,3086881,3086946,3086946,3086820,3086813,3086625,3087082,3087082,3088362,3090309,3091192,3090800,3089740,3089740,3089289,3089150,3089623,3089623,3089671,3089671,3089671,3089671,3089671,S
2994980,2994980,2994980,2994924,2995358,2995610,2995610,2995536,2995325,2994171,2992684,2992684,2991004,2989622,2988373,2987242,2987242,2986234,2984967,2983775,2983002,2983002,2981122,2978915,2976004,2973216,2973216,2970387,2968489,2968610,2971123,2971123,2974568,2976251,2976666,2976917,2976917,2977100,2977089,2976961,2976961,2976961,2976961,S
2820317,2820317,2818508,2816909,2815213,2813764,2813764,2812077,2810484,2809281,2808333,2808333,2807480,2806785,2806265,2805727,2805727,2805459,2805080,2804741,2804394,2804394,2804332,2803340,2801275,2799274,2799274,2798303,2796647,2796640,2796089,2796089,2795883,2795239,2796147,2798112,2798112,2799377,2800947,2801702,2802456,2802456,2802989,S
2833945,2833945,2833105,2832907,2832907,2832683,2832637,2832759,2832906,2832906,2832723,2831985,2830156,2828180,2828180,2826623,2825116,2823984,2823264,2823264,2822398,2821457,2821238,2820754,2820754,2820121,2819515,2818931,2818213,2818213,2817929,2817884,2816961,2816747,2816747,2816320,2816258,2815991,2816086,2816086,2816190,2816190,2816190,S
2681379,2681212,2681076,2680923,2680923,2681041,2681086,2681267,2681534,2681534,2680816,2679588,2678653,2678035,2678035,2677659,2676167,2674591,2673162,2673162,2672116,2672692,2674086,2674710,2674710,2674751,2674808,2676360,2678061,2678061,2679592,2679783,2679283,2679372,2679372,2679694,2680410,2680798,2681535,2681535,2681705,2681579,2681281,S
2798686,2797805,2797180,2797180,2796670,2796328,2796195,2795701,2795701,2795454,2795491,2795801,2796112,2796112,2796525,2796856,2797318,2797252,2797252,2797429,2797496,2797365,2796367,2796367,2795172,2794647,2795045,2795824,2795824,2796333,2796448,2796535,2796795,2796795,2797463,2797765,2797802,2797802,2798229,2798599,2799047,2799436,2799436,S
2784122,2784122,2784122,2784122,2782800,2782800,2781738,2781090,2780316,2779510,2779510,2778776,2778641,2778248,2778133,2778133,2778029,2777482,2777643,2777643,2777662,2779578,2781923,2783024,2783024,2783189,2782656,2783260,2784357,2784357,2784932,2785026,2785109,2785030,2785030,2784839,2784622,2784368,2784377,2784377,2784377,2784377,2784377,S
2797475,2797475,2796775,2796118,2795482,2795482,2794818,2793816,2792089,2789991,2789991,2787986,2786623,2785709,2784530,2784530,2783946,2783420,2783078,2782522,2782522,2781900,2781038,2779814,2778563,2778563,2777374,2776589,2776202,2775927,2775927,2776345,2776873,2778281,2779029,2779029,2779595,2780078,2780199,2780673,2780673,2781379,2781379,S
2800643,2800643,2800933,2801413,2801819,2801510,2801510,2800416,2799168,2797974,2797087,2797087,2796628,2796142,2795550,2794810,2794810,2794939,2794564,2795795,2796519,2796519,2797326,2797926,2797538,2796362,2796362,2794133,2791871,2790177,2790269,2790269,2790971,2792093,2793431,2794530,2794530,2795815,2797008,2798393,2799758,2799758,2799758,S
2782343,2781926,2781739,2781739,2781508,2781346,2781174,2781150,2781150,2781170,2780458,2778688,2776720,2776720,2775179,2774176,2773416,2772590,2772590,2772028,2771578,2771306,2771198,2771198,2771563,2771263,2770064,2768302,2768302,2765848,2764564,2764168,2763839,2763839,2764034,2764824,2765472,2766072,2766072,2766487,2766809,2767411,2767849,S
2765101,2765101,2765101,2766383,2767277,2767624,2768252,2768252,2768652,2768952,2769365,2769861,2769861,2770252,2770747,2771158,2771881,2771881,2772159,2772071,2770460,2766966,2766966,2763864,2761836,2759889,2757372,2757372,2757144,2759351,2761901,2764516,2764516,2766826,2768849,2770250,2771431,2771431,2772372,2772414,2772414,2772414,2772414,S
2722322,2722322,2722322,2722322,2722322,2722322,2722322,2722340,2722097,2722097,2722197,2722325,2722852,2722941,2722638,2721480,2720379,2719518,2719034,2718605,2718380,2717247,2715414,2713215,2711617,2710994,2712422,2715729,2720143,2723984,2726878,2728518,2729645,2730265,2730278,2729501,2729501,2729501,2729501,2729501,2729501,2729501,2729501,S
2743175,2743175,2743175,2743175,2743175,2743175,2743175,2743175,2740672,2738607,2736494,2733703,2729915,2725964,2722721,2720303,2718727,2717003,2715560,2714146,2712371,2710067,2708257,2706003,2704302,2702668,2702116,2703930,2708669,2713841,2717150,2719251,2719947,2719725,2719626,2719628,2719628,2719628,2719628,2719628,2719628,2719628,2719628,S
2724195,2724195,2724195,2724013,2724063,2723837,2723905,2724042,2723973,2723767,2724010,2723956,2723268,2721952,2720745,2719857,2719249,2718642,2717303,2715643,2713897,2713897,2712839,2711100,2710510,2710979,2710972,2709900,2709407,2709789,2711965,2716463,2721516,2724826,2727305,2729619,2731336,2731936,2732746,2733558,2733558,2733558,2733558,S
2669250,2669250,2669250,2669250,2669250,2669250,2666624,2664317,2662133,2660248,2658438,2657022,2655817,2654592,2653791,2652948,2652141,2651332,2650763,2650207,2648977,2646521,2643171,2639708,2635651,2632195,2630035,2629755,2631891,2635162,2639425,2642659,2643953,2644270,2644529,2644587,2644737,2644524,2644524,2644524,2644524,2644524,2644524,S
2670924,2671213,2671126,2670385,2670385,2669772,2669298,2669191,2668987,2668987,2669336,2669981,2670711,2671427,2671427,2671831,2672353,2672944,2672944,2673798,2673825,2676238,2679337,2679337,2684558,2686057,2684468,2682570,2682570,2680764,2679898,2679339,2678763,2678763,2678741,2678774,2678609,2678673,2678673,2678864,2678845,2678533,2678222,S
2810189,2810189,2810189,2810189,2811349,2812293,2813514,2813514,2814685,2816032,2816456,2815943,2815943,2815035,2814608,2814776,2814696,2814696,2814948,2813688,2812709,2811987,2811987,2811594,2813859,2815813,2818116,2818116,2820239,2822130,2823929,2825700,2825700,2826122,2825653,2824878,2824279,2824279,2823908,2823908,2823908,2823908,2823908,S
2755777,2755777,2755777,2755777,2755777,2756846,2756846,2758159,2759537,2760790,2762307,2762307,2763536,2763341,2761711,2760120,2760120,2759097,2758426,2758439,2757640,2757640,2756345,2754479,2754269,2757167,2757167,2761144,2764815,2768001,2770717,2773188,2775541,2777214,2777682,2777682,2776672,2775393,2774487,2774487,2774487,2774487,2774487,S
2759537,2759537,2757891,2756735,2755776,2755291,2755291,2754786,2754184,2753972,2754085,2754085,2754134,2754181,2754285,2753936,2753936,2752551,2749870,2747809,2745468,2745468,2742692,2740501,2740943,2744601,2744601,2750665,2755911,2760022,2762833,2762833,2765495,2767760,2769607,2771183,2771183,2772595,2773903,2775356,2776877,2776877,2776877,S
2799399,2799399,2796608,2794254,2792440,2791019,2791019,2790180,2789153,2788707,2788423,2788423,2788416,2788970,2789565,2790369,2790369,2791369,2792659,2793116,2793461,2793461,2791437,2789345,2787340,2786864,2786864,2788998,2791724,2795080,2798021,2798021,2800372,2802511,2804378,2806110,2806110,2807728,2809196,2810683,2812306,2812306,2812306,S
2759989,2759989,2759989,2759793,2759705,2759478,2759412,2759412,2759470,2759850,2760327,2760783,2760783,2761689,2762327,2762805,2763011,2763011,2762065,2759954,2759238,2760105,2760105,2761639,2763592,2764984,2766386,2766386,2767786,2768950,2769965,2770679,2770679,2771492,2771884,2772318,2771986,2771986,2770774,2769162,2769162,2769162,2769162,S
2812700,2812700,2813163,2813642,2814028,2814268,2814268,2814960,2815523,2815241,2814034,2814034,2812534,2811381,2810674,2810437,2810437,2810347,2810257,2810512,2810333,2810333,2810740,2813118,2815619,2815825,2815825,2816086,2816409,2816576,2815834,2815834,2814422,2812848,2811779,2811328,2811328,2810890,2810371,2809959,2809754,2809754,2810148,S
2786433,2786433,2786433,2786433,2786433,2785402,2784029,2782739,2781938,2781938,2781493,2781464,2781076,2781164,2781164,2781552,2781567,2781615,2780890,2780890,2779991,2779888,2780593,2781612,2781612,2783296,2783925,2784681,2785242,2785242,2785633,2786413,2786731,2786993,2786993,2787338,2787891,2788543,2789262,2789262,2789262,2789262,2789262,S
2838092,2837492,2837114,2836703,2836703,2836595,2836519,2836830,2837289,2837289,2837603,2836915,2835627,2833862,2833862,2832716,2831895,2831253,2830359,2830359,2829338,2828840,2828021,2827825,2827825,2827976,2828764,2829880,2828813,2828813,2827134,2824844,2823728,2822912,2822912,2821998,2821135,2820898,2820715,2820715,2820405,2820769,2820839,S
2815805,2815021,2815021,2814510,2814385,2814073,2813999,2813999,2813804,2813868,2814019,2814241,2814241,2814500,2814782,2814651,2813792,2813792,2812741,2811933,2811757,2811655,2811655,2811180,2811063,2810983,2811003,2811003,2811183,2811956,2813533,2815320,2815320,2816022,2815672,2815383,2815482,2815482,2815789,2816149,2816323,2816628,2816628,S
2730449,2730449,2729737,2729389,2729351,2729241,2729241,2729141,2729277,2729607,2730376,2730376,2731090,2731698,2732334,2732334,2732782,2733258,2733893,2733497,2733497,2732116,2730006,2728808,2726584,2726584,2723908,2721047,2719061,2718680,2718680,2720225,2724253,2727638,2731519,2731519,2734499,2737098,2738969,2740141,2740141,2740993,2740349,S
2797835,2797835,2797835,2797835,2797835,2798315,2798315,2798595,2799102,2799527,2800169,2800169,2800888,2801539,2800387,2798125,2798125,2796178,2794946,2793934,2793166,2793166,2792201,2791462,2790958,2791024,2791024,2792202,2793282,2794742,2797475,2800477,2800477,2802938,2804450,2803790,2803790,2802004,2799831,2799831,2799831,2799831,2799831,S
2711509,2711509,2711509,2709089,2706625,2704509,2704509,2702862,2701672,2700508,2699514,2699514,2698583,2697722,2696850,2695340,2695340,2692312,2688442,2683415,2679408,2679408,2676659,2676964,2680490,2685378,2685378,2689652,2692159,2693957,2694543,2694543,2695019,2695237,2695334,2694703,2694703,2692952,2690949,2689565,2689565,2689565,2689565,S
2757955,2757955,2757955,2757955,2757955,2757062,2756194,2756194,2755412,2754783,2754208,2754208,2753664,2753326,2753263,2753156,2753156,2752673,2750773,2747394,2744279,2744279,2741695,2741254,2744206,2749189,2749189,2753677,2757481,2760548,2763072,2764829,2764829,2766174,2766930,2767879,2767879,2769047,2769841,2769841,2769841,2769841,2769841,S
2752232,2751304,2751304,2750623,2750125,2749742,2749775,2749775,2749963,2750151,2750480,2750863,2750863,2751119,2751460,2751909,2752166,2752166,2751611,2749734,2748135,2748571,2748571,2748147,2748637,2750052,2752489,2752489,2755677,2758882,2761882,2763984,2763984,2765356,2766434,2767297,2767664,2767664,2768081,2768242,2767373,2765357,2765357,S
2097144,2097144,2097144,2097144,2097144,2097144,2097144,2097144,2097098,2097178,2097179,2097179,2097093,2097159,2097127,2097110,2097110,2097041,2097178,2097210,2097085,2097085,2097177,2097235,2097227,2097225,2097225,2097160,2097135,2097107,2097158,2097158,2097185,2097225,2097173,2097173,2097173,2097173,2097173,2097173,2097173,2097173,2097173,S
2038712,2038712,2037927,2036673,2036483,2036423,2036423,2036015,2035321,2035373,2034981,2034981,2035055,2035103,2035297,2035850,2035518,2035518,2035903,2035878,2034142,2034712,2034712,2030886,2029664,2031129,2031720,2031720,2033520,2033992,2034914,2035785,2035785,2035262,2035676,2035261,2035579,2035579,2035867,2035976,2036192,2035932,2035932,S
2030940,2030940,2030940,2030494,2030241,2030175,2029774,2029774,2029590,2029464,2029323,2029108,2029108,2028886,2028994,2028796,2027822,2027822,2025851,2024246,2023591,2022396,2022396,2022700,2024348,2025471,2028206,2028206,2029862,2032119,2032033,2032025,2032025,2032053,2031912,2031038,2029953,2029953,2028881,2028478,2028478,2028478,2028478,S
2014677,2014158,2014260,2014260,2013883,2014053,2014343,2014711,2014711,2015398,2016241,2016512,2015588,2015588,2015807,2015975,2015254,2015378,2015378,2015397,2015769,2014198,2014658,2014658,2017733,2018403,2018669,2021944,2021944,2023769,2025964,2031261,2034016,2034016,2035333,2032840,2032206,2033224,2033224,2032294,2030694,2029696,2029073,S
2031175,2029466,2028693,2028251,2028251,2028096,2027791,2027099,2027015,2027015,2026920,2026851,2027004,2026783,2026783,2025423,2022797,2017525,2013079,2013079,2010365,2009679,2009908,2013859,2013859,2015102,2016300,2016923,2017167,2017167,2021803,2026769,2029004,2030698,2030698,2031236,2032266,2032400,2032543,2032543,2032041,2030183,2030183,S
2003521,2003521,2003865,2003849,2004595,2004883,2004883,2005139,2005906,2006124,2005458,2005458,2004262,2003650,2003524,2003532,2003532,2003321,2003418,2001348,2002158,2002158,2001188,2003980,2003086,2004378,2004378,2004853,2005489,2007827,2009528,2009528,2009268,2008544,2008062,2008142,2008142,2008358,2008388,2009050,2009067,2009067,2009067,S
2058557,2058557,2058983,2059522,2060283,2060926,2060926,2061552,2062267,2063350,2063788,2063788,2064511,2064596,2064221,2063436,2063436,2062808,2061736,2060667,2060511,2060511,2060611,2057909,2058089,2057592,2057592,2058281,2059537,2061225,2060066,2060066,2061885,2063265,2063465,2063197,2063197,2063067,2062958,2061922,2062015,2062015,2062015,S
2028568,2029564,2030050,2030050,2030682,2030960,2032032,2031726,2031726,2030651,2029579,2028626,2026975,2026975,2025085,2022681,2020203,2019631,2019631,2020431,2021527,2023210,2026142,2026142,2031501,2036501,2038705,2038737,2038737,2037589,2037518,2037729,2037710,2037710,2038022,2038018,2038041,2038158,2038158,2038363,2038619,2038956,2039597,S
2033880,2033880,2034602,2036077,2036858,2038173,2038173,2039453,2039934,2039836,2039335,2039335,2039059,2039272,2039515,2039917,2039917,2040809,2041043,2041711,2042247,2042247,2043213,2042154,2044106,2045191,2045191,2045429,2046465,2046618,2047051,2047051,2046842,2046978,2047037,2047193,2047193,2048380,2049163,2049412,2049959,2049959,2050813,S
2035868,2035868,2035523,2035352,2035517,2035880,2035880,2036594,2037717,2039965,2041309,2041309,2042385,2043528,2043986,2044748,2044748,2045063,2045406,2046158,2044772,2044772,2040665,2040993,2037343,2038447,2038447,2037289,2040544,2042050,2046681,2046681,2051465,2052896,2053212,2053932,2053932,2054221,2054722,2054863,2054863,2054710,2053744,S
2040843,2040522,2040507,2040507,2040681,2040300,2039962,2040032,2040032,2040266,2040735,2040839,2041038,2041038,2041159,2040753,2039893,2037419,2037419,2035021,2033036,2033598,2033598,2033981,2035386,2036932,2037636,2037636,2037936,2038649,2039544,2040049,2040049,2040208,2040461,2041310,2042012,2042012,2042379,2042388,2041472,2040317,2040317,S
2028253,2028253,2028253,2028253,2028253,2028560,2028560,2028711,2029113,2029268,2028952,2028952,2028022,2027508,2026456,2026158,2026158,2024849,2024234,2021978,2019723,2019723,2017040,2013895,2013139,2012552,2012552,2012983,2017530,2020890,2024146,2024146,2026648,2026598,2027514,2026892,2026892,2026827,2026827,2026827,2026827,2026827,2026827,S
2055912,2055912,2055462,2055178,2055025,2055025,2054826,2054493,2054041,2053898,2053898,2053397,2052035,2050815,2049749,2049749,2048244,2047333,2045751,2045191,2045191,2043680,2043731,2044247,2044843,2044843,2046230,2046444,2046739,2046750,2046750,2046584,2046493,2046058,2044963,2044963,2043563,2042765,2041986,2041619,2041619,2041287,2041287,S
2022871,2022871,2022064,2022064,2021525,2021092,2020701,2020053,2020053,2020098,2019950,2019923,2020096,2020096,2020042,2020039,2019991,2020798,2020798,2021431,2022640,2023197,2022990,2022990,2022439,2022337,2022302,2021863,2021863,2022282,2022296,2022024,2021732,2021732,2022205,2022934,2023745,2024029,2024029,2024344,2024793,2024948,2024948,S
2014224,2013067,2011885,2011885,2011154,2010616,2010825,2011390,2011390,2011078,2010949,2010408,2009001,2009001,2007582,2004614,2001250,1997673,1997673,1996449,1995482,1995017,1995092,1995092,1993085,1991804,1993193,1995889,1995889,2000671,2003859,2005649,2007240,2007240,2008146,2009042,2009760,2010230,2010230,2010565,2010966,2011598,2012178,S
2078366,2078546,2078642,2078642,2079094,2079252,2079652,2079035,2079035,2079209,2079513,2079892,2080212,2080212,2079871,2077380,2074957,2073587,2073587,2073263,2073447,2075054,2075960,2075960,2077836,2079078,2080217,2082020,2082020,2083084,2087857,2095190,2099584,2099584,2101315,2102284,2102746,2102510,2102510,2102289,2101967,2101911,2101316,S
2007310,2007310,2007310,2007887,2008383,2008836,2009207,2009207,2009462,2009296,2008574,2007840,2007840,2007295,2006649,2005994,2003795,2003795,2001258,2000806,2000757,2001829,2001829,2004836,2006740,2008467,2011409,2011409,2013310,2014363,2014665,2015016,2015016,2014253,2013206,2012113,2011274,2011274,2011259,2010639,2010484,2010559,2010559,S
2020024,2020024,2020024,2020089,2020164,2020348,2020306,2020306,2020318,2020564,2020726,2021176,2021176,2022039,2022400,2022541,2023063,2023063,2022822,2022428,2021002,2019752,2019752,2018790,2019385,2019540,2019734,2019734,2019802,2020002,2021680,2023016,2023016,2023646,2024296,2025186,2025454,2025454,2026076,2026105,2026105,2026105,2026105,S
2013812,2011361,2010003,2010003,2008222,2007380,2006795,2006679,2006679,2007004,2007861,2007927,2007612,2007612,2007114,2005898,2004628,2003426,2003426,2002877,2001982,2001330,2000755,2000755,1999826,1999768,1998740,2000300,2000300,1999644,2000261,2000261,2000497,2000497,2001957,2003619,2005422,2004919,2004919,2004636,2002932,2002161,2000950,S
1986822,1986822,1986822,1986227,1985361,1985446,1985253,1985253,1985173,1984850,1984914,1983796,1983796,1982567,1981621,1980802,1979502,1979454,1979454,1978785,1978648,1979252,1980086,1980086,1981033,1982208,1983926,1983926,1985007,1986460,1987006,1986562,1986562,1985926,1984650,1982926,1981504,1981504,1980379,1979302,1978883,1978149,1978149,S
1992726,1992352,1992693,1992110,1992110,1991077,1989291,1989411,1990311,1990311,1991465,1992318,1992488,1990374,1990374,1986962,1986010,1986537,1986729,1986478,1986478,1985051,1984869,1986748,1988701,1988701,1989835,1991725,1996594,2001082,2001082,2006745,2009550,2012186,2015192,2015192,2017896,2019724,2021608,2021608,2023414,2024017,2023367,S
2178547,2178547,2178547,2178547,2178547,2178420,2178296,2178296,2178496,2178496,2178423,2178060,2178060,2178130,2178130,2177979,2177778,2175588,2175987,2175987,2175426,2176269,2176965,2177781,2177781,2179533,2179366,2178974,2178649,2178649,2178555,2178370,2178513,2178630,2178630,2178513,2178116,2177794,2177168,2177168,2177168,2177168,2177168,S
2163639,2163639,2163639,2163615,2163573,2163495,2163495,2163534,2163764,2163942,2163823,2163823,2163271,2162917,2162669,2162419,2162419,2161632,2160409,2158834,2157147,2157147,2157216,2159502,2162156,2164209,2164209,2165988,2166081,2166950,2166829,2166829,2167228,2167254,2167587,2167587,2167693,2167718,2167920,2168265,2168265,2168265,2168265,S
2184252,2184252,2184252,2184252,2185239,2185239,2185373,2185373,2185489,2185399,2185399,2185673,2185673,2185582,2186164,2186347,2186542,2186542,2184377,2182368,2179537,2179887,2179887,2178497,2180673,2182416,2185632,2185632,2189427,2192374,2193924,2194075,2194075,2194160,2194549,2194670,2194975,2194975,2195275,2195275,2195275,2195275,2195275,S
2170866,2170764,2170757,2170590,2170590,2170331,2170606,2170525,2170028,2168721,2168721,2167102,2165036,2163011,2163011,2162000,2159928,2159265,2157918,2157918,2157696,2157549,2161420,2163560,2163560,2166266,2168150,2168978,2169074,2169074,2169182,2169028,2168261,2168261,2168261,2168053,2167804,2167818,2167623,2167623,2167547,2167471,2167601,S
2185484,2185011,2184266,2183290,2183290,2182504,2181850,2181395,2181243,2181243,2180908,2180618,2179775,2175982,2175982,2173765,2172005,2172418,2175497,2175497,2178075,2184758,2189752,2192241,2192241,2192528,2192944,2192264,2190932,2190932,2190143,2189661,2189601,2189199,2189199,2189258,2189068,2188668,2188504,2188504,2188295,2187948,2186823,S
2163952,2163714,2163714,2163469,2163507,2163404,2163404,2162891,2161849,2160784,2159426,2159426,2158965,2158448,2157178,2155655,2155655,2154495,2153441,2151592,2151407,2151407,2151786,2153997,2157351,2161296,2161296,2164315,2167081,2170597,2172879,2172879,2174015,2173516,2173037,2171867,2171867,2171991,2170523,2169908,2169408,2169408,2169663,S
2171316,2171605,2171328,2171328,2171784,2171946,2172084,2172304,2172304,2172611,2173014,2172851,2172217,2172217,2171583,2171066,2171547,2171486,2171486,2171850,2171346,2172627,2173607,2173607,2173645,2172835,2172478,2172563,2172342,2172342,2172386,2172814,2172817,2172817,2172251,2170955,2170955,2170484,2170484,2170183,2169482,2168993,2168729,S
2131150,2131730,2132250,2132911,2132911,2133597,2133972,2133662,2133627,2133627,2133818,2133586,2133629,2133673,2133673,2133162,2130652,2128753,2128002,2128002,2124932,2126011,2124332,2125275,2125275,2127427,2129136,2130349,2134690,2134690,2138667,2142014,2143948,2145939,2145939,2146644,2146754,2146929,2146680,2146680,2146003,2145666,2145154,S
2144016,2144016,2144016,2144016,2144016,2144016,2144167,2145153,2145783,2145808,2145739,2145251,2145901,2145373,2144226,2140955,2138712,2137947,2136466,2137827,2141300,2148194,2151857,2153877,2154899,2155045,2154729,2154467,2154591,2154318,2154351,2154450,2154442,2154632,2154414,2154199,2154244,2154144,2154144,2154144,2154144,2154144,2154144,S
2141236,2141031,2140618,2140360,2140277,2140277,2139772,2139694,2139527,2139105,2139105,2139116,2138526,2136612,2135080,2135080,2130926,2127345,2123971,2124432,2124432,2128155,2132332,2137279,2141864,2141864,2144661,2146958,2145416,2145093,2145093,2144489,2143754,2144015,2143275,2143275,2142295,2141798,2141892,2141799,2141799,2141793,2141879,S
2150456,2150315,2149708,2149708,2149092,2149092,2147861,2146463,2144556,2144171,2144171,2144133,2146672,2149110,2152270,2152270,2155724,2158102,2158670,2161654,2161654,2166372,2172738,2180879,2188706,2192885,2192885,2194077,2193434,2192516,2192516,2192610,2192336,2190050,2190050,2190050,2189477,2188376,2186858,2185472,2185472,2184327,2182142,S
2125401,2125401,2125075,2125075,2124824,2124562,2124171,2123844,2123844,2123803,2123646,2123515,2123318,2123318,2122689,2121954,2121283,2120446,2120446,2119573,2119352,2119175,2119623,2119623,2120703,2121291,2120835,2120024,2120024,2119733,2119341,2119372,2118765,2118765,2118355,2118332,2117825,2117679,2117679,2117675,2118025,2117797,2117797,S
2144030,2143669,2143332,2143206,2143206,2142497,2142497,2142511,2142187,2142187,2142295,2142248,2142274,2142619,2142619,2142748,2142748,2142852,2143368,2143368,2143785,2144127,2143904,2143788,2143788,2143497,2144080,2143709,2143528,2143528,2143008,2142816,2142805,2142707,2142707,2142808,2142877,2143135,2143369,2143369,2143709,2143773,2143904,S
2154962,2154962,2154962,2155165,2155325,2155155,2154119,2154119,2153518,2153114,2152825,2152508,2152508,2152124,2151970,2151204,2150739,2150739,2151117,2151913,2152855,2154856,2154856,2156174,2156448,2155465,2154545,2154545,2153169,2152193,2151452,2150659,2150659,2150077,2149541,2149130,2149137,2149137,2149104,2149070,2149070,2149070,2149070,S
2143280,2143280,2143280,2143062,2143099,2143099,2143096,2143059,2143317,2143337,2143337,2143081,2143213,2143772,2144489,2144489,2144531,2143783,2143716,2145070,2145070,2146397,2147806,2148761,2148652,2148652,2148372,2147760,2147706,2147680,2147680,2147618,2147531,2147775,2148386,2148386,2149048,2149589,2149552,2149764,2149764,2149764,2149764,S
2159591,2159364,2158849,2158429,2157785,2157785,2157565,2157078,2156334,2155777,2155777,2155211,2154847,2154186,2153200,2153200,2151826,2150119,2149339,2149442,2149442,2150566,2151666,2151931,2151931,2151931,2152078,2152078,2151758,2151610,2151610,2152528,2152546,2152378,2152000,2152000,2151383,2150691,2149882,2150298,2150298,2150209,2149419,S
2110484,2110484,2110292,2110312,2111091,2111222,2111222,2111043,2111039,2110964,2110747,2110747,2110442,2110133,2108844,2107042,2107042,2102186,2102186,2100970,2100970,2101409,2107358,2107358,2109900,2109900,2112625,2114976,2114976,2115055,2115055,2115463,2115090,2115023,2115184,2115184,2115255,2115152,2115481,2115602,2115602,2116001,2115785,S
2154997,2155385,2156274,2156905,2157307,2157307,2157227,2156966,2157264,2157007,2157007,2155657,2155657,2155170,2154818,2154818,2153364,2152281,2150508,2147879,2147879,2147879,2150537,2152203,2161810,2161810,2161810,2167040,2169225,2169225,2167975,2167975,2167479,2167065,2167065,2166827,2166440,2166376,2166333,2166333,2166247,2166400,2166591,S
2101316,2101571,2101702,2101702,2102056,2102277,2102512,2102371,2102371,2101519,2100791,2099861,2099349,2099349,2098332,2097519,2097290,2096139,2096139,2096268,2096434,2098230,2099840,2099840,2102274,2104116,2104810,2104583,2104583,2104642,2105018,2105533,2105822,2105822,2105556,2105640,2105595,2105764,2105764,2105882,2105943,2105926,2105522,S
2113383,2113383,2114167,2115444,2116848,2117474,2117474,2117654,2117887,2116303,2116556,2116556,2114893,2113532,2111861,2110202,2110202,2112431,2115656,2121548,2125444,2125444,2128820,2133557,2136329,2140354,2140354,2139843,2141565,2141203,2142163,2142163,2141972,2141757,2141434,2141319,2141319,2140719,2139769,2139431,2138479,2138479,2137864,S
2119717,2119898,2120475,2120303,2120605,2120605,2119575,2118409,2117185,2115883,2115883,2114272,2112957,2111501,2110862,2110161,2110161,2109489,2109970,2111007,2111007,2112795,2115992,2117499,2116611,2116335,2116335,2117356,2118932,2120233,2120233,2121122,2121664,2123778,2124034,2124034,2124823,2124872,2125066,2124351,2124351,2122767,2121108,S
1978074,1978047,1977880,1977823,1977745,1977574,1977072,1976176,1975960,1975431,1975257,1974834,1974272,1972846,1971213,1968946,1968048,1967486,1967319,1967907,1969547,1969648,1971209,1971866,1973739,1975256,1975375,1975397,1973990,1974060,1973867,1973875,1973409,1972901,1972794,1972808,1972307,1971171,1971327,1971012,1970335,1970264,1970510,S
