0,5393.5,37.1,2350.8,1734.79,3009512.61,5356.4,-197.1,-1417.4,-1201.2,364.13,132591.76,1220.3,H
1,1802.8,20.9,613.8,665.21,442508.97,1781.9,-8.3,-429.3,-254.65,135.76,18431.41,421.0,H
2,1979.0,32.6,585.0,672.75,452590.95,1946.4,-5.2,-601.0,-360.3,173.21,30001.87,595.8,H
3,3333.7,33.3,1144.2,1269.86,1612551.31,3300.4,-18.5,-1770.1,-351.1,601.6,361918.62,1751.6,H
4,842.4,9.4,262.0,264.58,70004.5,833.0,-6.8,-599.8,-299.9,192.28,36973.21,593.0,H
5,680.2,51.2,408.8,203.12,41258.35,629.0,-6.4,-356.7,-182.8,112.85,12734.57,350.3,H
6,2611.7,24.3,1235.2,942.51,888332.02,2587.4,-21.7,-563.7,-155.7,163.4,26699.21,542.0,H
7,1537.2,6.4,205.4,489.99,240094.91,1530.8,-10.3,-422.2,-369.2,155.17,24077.1,411.9,H
8,402.5,47.6,214.6,108.2,11706.44,354.9,-64.9,-1370.6,-333.3,427.9,183094.31,1305.7,H
9,3201.8,1.2,500.3,1064.73,1133643.26,3200.6,-23.5,-369.4,-112.8,116.13,13485.84,345.9,H
10,997.2,53.3,490.7,294.09,86488.1,943.9,-37.0,-834.2,-389.45,260.03,67613.11,797.2,H
11,2001.2,1.9,1458.0,717.9,515383.86,1999.3,-79.2,-520.0,-316.75,152.73,23327.0,440.8,H
12,868.3,12.3,202.9,294.16,86530.4,856.0,-1.1,-242.0,-127.45,71.59,5125.79,240.9,H
13,378.7,8.7,237.3,152.44,23239.1,370.0,-79.5,-1316.3,-724.9,361.84,130925.32,1236.8,H
14,693.2,39.5,325.6,187.56,35178.21,653.7,-1.3,-813.3,-252.25,306.04,93657.44,812.0,H
15,2571.3,11.0,440.85,891.78,795265.93,2560.3,-94.2,-1053.2,-755.6,321.64,103450.31,959.0,H
16,7451.3,99.2,3957.3,2599.79,6758927.83,7352.1,-43.8,-2844.1,-979.4,1015.81,1031863.8,2800.3,H
17,462.8,36.0,154.1,122.98,15125.24,426.8,-6.7,-16.6,-11.65,4.95,24.5,9.9,H
18,1343.2,107.8,879.05,407.18,165792.29,1235.4,-47.0,-1585.4,-417.15,448.71,201340.46,1538.4,H
19,468.2,3.8,159.45,150.6,22681.15,464.4,-40.5,-134.1,-107.9,32.29,1042.33,93.6,H
20,1710.4,20.6,969.7,580.72,337230.7,1689.8,-42.1,-1246.7,-750.55,437.38,191297.51,1204.6,H
21,2508.2,207.1,1071.8,840.8,706951.95,2301.1,-57.9,-426.9,-208.6,107.05,11459.77,369.0,H
22,2585.2,0.4,631.6,867.26,752133.53,2584.8,0.0,0.0,0.0,0.0,0.0,0.0,H
23,924.5,13.2,274.4,245.15,60100.89,911.3,-25.3,-860.0,-398.75,222.78,49631.21,834.7,H
24,887.2,18.0,369.8,263.89,69640.52,869.2,-1.1,-388.3,-222.75,124.04,15385.97,387.2,H
25,3758.0,7.7,469.7,1264.19,1598183.55,3750.3,-2.9,-1308.6,-451.45,369.61,136608.04,1305.7,H
26,456.8,10.0,118.0,137.2,18823.19,446.8,-2.1,-1117.4,-618.55,364.6,132934.11,1115.3,H
27,1222.6,7.4,409.2,337.17,113686.9,1215.2,-59.7,-194.0,-85.8,49.45,2445.16,134.3,H
28,1371.0,50.7,539.3,384.17,147584.46,1320.3,-271.5,-675.6,-597.5,158.91,25253.07,404.1,H
29,4429.2,12.5,871.2,1572.38,2472388.55,4416.7,-211.1,-1054.2,-779.3,297.22,88342.46,843.1,H
30,0.0,0.0,0.0,0.0,0.0,0.0,-143.2,-2276.6,-1310.8,536.18,287488.34,2133.4,H
31,536.3,23.3,307.6,153.14,23450.5,513.0,-120.5,-879.4,-410.2,205.67,42298.19,758.9,H
32,5310.5,16.4,655.6,1893.93,3586985.74,5294.1,-19.4,-2155.2,-577.05,747.98,559478.61,2135.8,H
33,1179.5,36.9,336.4,357.74,127980.6,1142.6,-55.6,-716.6,-474.5,169.23,28638.61,661.0,H
34,860.0,175.2,569.8,217.09,47128.44,684.8,-43.4,-1865.6,-1455.6,630.03,396937.19,1822.2,H
35,239.0,40.4,136.6,61.61,3795.71,198.6,-18.0,-889.4,-467.2,250.93,62966.78,871.4,H
36,2495.6,51.1,884.8,922.47,850950.79,2444.5,-44.2,-1686.2,-674.75,438.59,192365.44,1642.0,H
37,3518.9,16.7,1768.1,1186.76,1408387.55,3502.2,-16.0,-449.4,-275.55,125.08,15645.82,433.4,H
38,8317.5,377.0,4622.0,2465.01,6076256.67,7940.5,-43.1,-1812.1,-1067.8,559.93,313521.92,1769.0,H
39,4892.8,66.1,1806.9,1498.33,2245006.75,4826.7,-117.0,-760.8,-451.15,205.93,42407.91,643.8,H
40,0.0,0.0,0.0,0.0,0.0,0.0,-116.8,-1691.4,-969.3,385.92,148936.36,1574.6,H
41,9550.9,1.7,4653.7,3598.2,12947029.34,9549.2,-174.3,-3135.7,-825.2,992.25,984561.04,2961.4,H
42,847.4,10.0,435.4,217.62,47360.1,837.4,-4.2,-35.2,-19.7,15.5,240.25,31.0,S
43,639.9,46.4,402.6,194.39,37789.21,593.5,-8.5,-334.7,-225.2,86.71,7518.81,326.2,S
44,3.0,1.5,2.25,0.75,0.56,1.5,-9.2,-1376.8,-234.4,436.48,190511.97,1367.6,S
45,451.6,9.2,219.6,171.24,29323.25,442.4,-9.2,-720.9,-131.85,250.31,62655.91,711.7,S
46,1074.8,20.3,417.7,380.64,144886.78,1054.5,-18.8,-416.7,-240.5,124.33,15458.11,397.9,S
47,0.0,0.0,0.0,0.0,0.0,0.0,-62.5,-756.2,-259.6,217.59,47345.19,693.7,S
48,411.4,121.4,287.2,104.35,10889.38,290.0,-14.8,-734.4,-222.8,215.7,46525.81,719.6,S
49,579.4,26.2,357.35,171.22,29317.16,553.2,-11.3,-391.8,-199.2,117.51,13807.95,380.5,S
50,675.9,0.3,256.55,218.75,47851.27,675.6,-3.7,-291.1,-111.05,108.71,11818.88,287.4,S
51,2569.3,203.4,1584.95,805.59,648982.14,2365.9,-7.6,-694.8,-420.95,260.19,67697.67,687.2,S
52,482.0,14.5,271.2,163.54,26745.17,467.5,0.0,0.0,0.0,0.0,0.0,0.0,S
53,355.3,6.0,175.3,111.88,12516.63,349.3,-29.0,-529.3,-285.9,157.52,24812.88,500.3,S
54,186.9,50.4,71.6,59.98,3597.31,136.5,-28.2,-2250.2,-823.7,756.88,572869.14,2222.0,S
55,647.1,23.7,429.85,223.19,49815.67,623.4,-10.9,-55.0,-21.7,16.71,279.27,44.1,S
56,1155.4,1.9,257.7,431.47,186169.05,1153.5,-29.6,-944.6,-128.9,316.89,100421.71,915.0,S
57,568.8,20.7,352.0,129.5,16771.07,548.1,-1.6,-468.6,-283.8,187.98,35335.15,467.0,S
58,240.5,0.9,155.9,95.0,9025.91,239.6,-13.3,-1146.7,-402.0,317.9,101062.9,1133.4,S
59,990.2,151.9,842.8,291.63,85046.08,838.3,-3.8,-690.1,-117.5,220.42,48585.57,686.3,S
60,415.3,52.4,323.65,125.91,15852.26,362.9,-100.5,-371.8,-288.05,108.84,11846.75,271.3,S
61,1867.5,10.5,614.7,623.0,388135.21,1857.0,-43.1,-271.4,-205.25,84.66,7167.37,228.3,S
62,698.4,23.9,264.85,178.02,31690.14,674.5,-38.1,-800.8,-516.75,269.4,72577.69,762.7,S
63,202.6,6.9,131.0,63.06,3976.25,195.7,-25.3,-602.6,-359.7,196.96,38793.61,577.3,S
64,277.9,2.0,67.6,87.85,7717.32,275.9,-16.4,-315.9,-212.2,94.74,8976.56,299.5,S
65,232.5,8.2,88.9,71.15,5062.24,224.3,-147.1,-605.1,-309.9,149.37,22310.38,458.0,S
66,250.8,6.6,71.5,78.67,6188.25,244.2,-0.6,-687.8,-289.8,196.58,38645.34,687.2,S
67,486.2,21.9,288.1,162.62,26444.82,464.3,-3.8,-367.8,-192.65,106.6,11362.89,364.0,S
68,16.9,11.8,15.7,2.18,4.74,5.1,-13.9,-534.2,-254.45,164.83,27169.31,520.3,S
69,205.2,0.6,112.55,61.36,3765.58,204.6,-49.2,-1260.8,-757.9,399.22,159374.14,1211.6,S
70,921.0,82.3,680.6,312.3,97532.55,838.7,-28.6,-990.9,-340.7,266.84,71202.96,962.3,S
71,128.3,26.0,73.25,37.4,1398.43,102.3,-6.6,-640.4,-295.3,201.68,40672.88,633.8,S
72,0.0,0.0,0.0,0.0,0.0,0.0,-95.5,-992.4,-753.55,270.89,73381.95,896.9,S
73,1494.8,25.6,284.55,470.35,221231.88,1469.2,-32.4,-32.4,-32.4,0.0,0.0,0.0,S
74,810.6,75.8,327.5,240.45,57816.7,734.8,-50.9,-328.4,-188.0,83.16,6915.6,277.5,S
75,457.4,15.2,179.45,132.88,17656.08,442.2,-28.0,-539.8,-292.4,137.58,18929.44,511.8,S
76,972.4,7.9,492.0,323.03,104348.15,964.5,-0.7,-0.7,-0.7,0.0,0.0,0.0,S
77,0.0,0.0,0.0,0.0,0.0,0.0,-120.2,-1570.0,-944.55,465.45,216643.09,1449.8,S
78,171.0,32.6,114.85,51.63,2665.82,138.4,-10.1,-702.0,-215.8,205.14,42080.71,691.9,S
79,387.4,19.1,268.2,137.9,19016.59,368.3,-10.4,-782.9,-137.3,271.23,73566.69,772.5,S
80,748.5,10.8,356.7,205.76,42335.64,737.7,-2.4,-805.8,-429.05,217.87,47468.37,803.4,S
81,517.3,43.9,271.4,137.55,18920.97,473.4,-140.9,-906.6,-699.8,225.84,51004.09,765.7,S
82,0.0,0.0,0.0,0.0,0.0,0.0,-88.5,-2236.4,-1285.6,572.21,327422.52,2147.9,S
83,1381.3,11.2,405.4,485.18,235402.49,1370.1,-66.2,-588.4,-350.9,174.27,30369.35,522.2,S
0,2124.8,189.4,1703.25,707.48,500523.42,1935.4,-150.6,-1509.0,-713.8,424.41,180127.9,1358.4,H
1,1390.0,1.6,725.4,443.21,196438.29,1388.4,-3.6,-3352.7,-451.2,1212.5,1470158.7,3349.1,H
2,1350.6,71.9,403.9,426.7,182071.97,1278.7,-4.6,-392.1,-217.9,140.25,19669.88,387.5,H
3,1118.9,88.6,416.1,400.12,160097.88,1030.3,-75.0,-892.8,-525.4,270.23,73021.9,817.8,H
4,3047.6,103.3,1280.05,803.08,644941.45,2944.3,-80.5,-655.4,-542.6,199.01,39603.97,574.9,H
5,30800.0,85.5,1850.0,10500.0,110000000.0,30700.0,-100.0,-16100.0,-5950.0,6250.0,39000000.0,16000.0,H
6,1477.5,144.7,1044.2,380.92,145098.4,1332.8,-209.5,-3126.8,-523.8,896.13,803043.2,2917.3,H
7,2285.2,71.2,426.35,774.16,599326.06,2214.0,-72.6,-1192.5,-666.2,393.06,154496.38,1119.9,H
8,1691.0,33.2,690.8,524.63,275232.06,1657.8,-117.3,-298.8,-208.05,90.75,8235.56,181.5,H
9,1638.0,29.5,701.4,481.1,231456.53,1608.5,-46.4,-1016.5,-395.95,281.74,79376.45,970.1,H
10,2926.1,0.2,2098.15,948.3,899278.04,2925.9,-41.5,-802.6,-557.7,206.86,42790.74,761.1,H
11,1411.0,191.1,1122.8,319.03,101779.47,1219.9,-143.2,-2003.0,-506.5,516.47,266744.61,1859.8,H
12,1328.8,55.5,369.5,337.85,114140.18,1273.3,-104.5,-1074.8,-499.1,261.22,68238.03,970.3,H
13,3020.5,42.8,1506.3,856.87,734232.78,2977.7,-342.4,-1958.9,-449.35,539.58,291145.1,1616.5,H
14,507.7,14.3,304.9,173.77,30197.2,493.4,-66.6,-1394.2,-729.8,421.28,177474.25,1327.6,H
15,760.5,69.0,356.95,237.89,56591.83,691.5,-9.5,-1399.4,-451.0,396.35,157090.95,1389.9,H
16,1691.0,104.2,1401.1,424.92,180560.64,1586.8,-530.9,-1549.3,-929.9,321.22,103179.59,1018.4,H
17,2909.8,472.2,1673.6,915.07,837349.84,2437.6,-69.9,-951.4,-297.0,242.94,59017.55,881.5,H
18,3414.8,34.6,904.4,1158.88,1343005.55,3380.2,-25.2,-1188.6,-467.6,378.61,143345.66,1163.4,H
19,1630.8,4.3,284.8,332.2,110359.7,1626.5,-14.7,-2178.7,-538.8,775.82,601892.75,2164.0,H
20,938.6,38.8,813.9,271.33,73622.13,899.8,-62.1,-666.8,-355.6,220.31,48534.53,604.7,H
21,1577.5,45.0,771.85,402.33,161872.4,1532.5,-65.2,-941.4,-303.9,320.05,102434.67,876.2,H
22,1497.4,125.8,1255.7,423.97,179751.95,1371.6,-73.1,-1590.7,-976.9,397.6,158089.31,1517.6,H
23,719.1,20.4,535.45,231.94,53797.63,698.7,-32.8,-1555.2,-409.2,532.28,283321.35,1522.4,H
24,1143.9,97.6,508.75,315.75,99700.22,1046.3,-97.0,-1944.0,-1313.9,501.54,251537.6,1847.0,H
25,2799.9,158.2,724.85,883.23,780092.62,2641.7,-11.9,-754.9,-521.4,179.71,32295.62,743.0,H
26,1659.6,7.5,429.3,525.44,276089.22,1652.1,-16.8,-792.8,-343.2,255.69,65378.58,776.0,H
27,2268.4,26.7,487.4,599.22,359065.41,2241.7,0.0,0.0,0.0,0.0,0.0,0.0,H
28,1252.9,214.4,646.7,376.99,142120.86,1038.5,-251.9,-2396.6,-1647.85,539.38,290928.24,2144.7,H
29,1602.6,10.6,527.65,456.76,208628.58,1592.0,-73.4,-1232.3,-382.9,379.1,143718.82,1158.9,H
30,583.3,6.8,235.0,198.19,39280.13,576.5,-4.0,-1483.2,-420.1,432.29,186871.67,1479.2,H
31,2498.4,151.6,1236.65,738.73,545724.85,2346.8,-5.0,-325.4,-226.0,133.91,17930.84,320.4,H
32,1957.7,266.5,1135.65,533.16,284263.77,1691.2,-28.2,-1313.0,-635.8,400.04,160030.33,1284.8,H
33,18830.2,882.8,3805.45,6191.4,38333484.8,17947.4,-227.0,-12105.1,-3184.1,4397.73,19340066.72,11878.1,H
34,984.2,82.3,754.5,330.96,109533.95,901.9,-358.4,-2685.4,-963.85,714.01,509804.32,2327.0,H
35,2620.6,28.7,991.7,1084.22,1175534.97,2591.9,-16.8,-1249.5,-505.35,335.27,112406.19,1232.7,H
36,3074.8,18.4,441.6,1094.54,1198010.54,3056.4,-136.9,-1564.2,-1306.2,457.75,209536.16,1427.3,H
37,1123.0,151.6,629.85,251.47,63236.2,971.4,-151.2,-1186.6,-346.7,340.34,115831.18,1035.4,H
38,3785.4,837.4,2294.05,993.28,986600.64,2948.0,-31.3,-2864.6,-1443.1,715.27,511604.74,2833.3,H
39,1163.6,16.5,287.0,301.68,91011.51,1147.1,-1.4,-702.8,-402.5,262.95,69143.33,701.4,H
40,1530.1,91.8,692.6,489.21,239329.36,1438.3,-236.1,-3557.4,-941.9,996.56,993135.52,3321.3,H
41,23168.4,27.8,311.9,7204.44,51903915.64,23140.6,-33.3,-17533.6,-494.1,6903.15,47653447.02,17500.3,H
42,246.6,12.9,112.3,85.77,7356.97,233.7,-0.6,-290.4,-155.2,83.94,7045.99,289.8,S
43,344.4,13.9,62.35,107.87,11636.61,330.5,-3.0,-654.8,-206.1,178.24,31770.36,651.8,S
44,107.0,20.1,49.65,27.0,729.18,86.9,-9.8,-593.0,-285.9,172.26,29674.88,583.2,S
45,914.2,8.6,264.35,345.58,119424.91,905.6,-17.3,-273.7,-193.2,84.9,7207.97,256.4,S
46,82.2,2.2,74.4,32.99,1088.09,80.0,-41.2,-995.9,-567.5,270.77,73319.02,954.7,S
47,1036.8,5.7,456.3,298.99,89393.27,1031.1,-5.6,-151.4,-44.7,51.41,2643.11,145.8,S
48,1238.2,26.0,399.15,428.88,183935.2,1212.2,-25.1,-917.9,-203.1,308.03,94881.65,892.8,S
49,1918.4,80.0,570.1,741.35,549594.76,1838.4,-20.0,-845.8,-308.35,206.87,42796.92,825.8,S
50,447.4,60.9,221.75,126.88,16098.45,386.5,-46.9,-706.9,-409.8,254.39,64716.42,660.0,S
51,1552.5,59.1,756.5,397.13,157713.49,1493.4,-118.5,-259.4,-193.35,60.1,3612.19,140.9,S
52,537.4,18.2,413.2,132.95,17674.52,519.2,-72.3,-231.8,-167.2,52.56,2762.45,159.5,S
53,137.4,11.2,63.4,46.97,2206.57,126.2,-1.8,-412.4,-55.55,129.75,16836.19,410.6,S
54,0.0,0.0,0.0,0.0,0.0,0.0,-3.0,-608.2,-400.9,186.05,34614.92,605.2,S
55,71.4,3.4,71.4,32.06,1027.56,68.0,-28.7,-762.0,-317.45,203.28,41321.54,733.3,S
56,943.2,8.0,222.4,274.98,75615.85,935.2,-50.6,-203.9,-129.1,52.84,2792.44,153.3,S
57,669.7,21.4,191.4,219.97,48386.28,648.3,-62.3,-577.1,-375.75,168.64,28440.03,514.8,S
58,0.0,0.0,0.0,0.0,0.0,0.0,-25.6,-386.9,-172.9,105.43,11114.62,361.3,S
59,388.2,29.8,89.1,129.79,16846.17,358.4,-9.5,-871.7,-455.5,293.51,86151.05,862.2,S
60,524.0,37.0,430.5,152.88,23372.82,487.0,-53.5,-703.2,-415.3,220.52,48627.96,649.7,S
61,534.8,45.5,392.85,151.61,22984.31,489.3,-2.8,-56.0,-29.4,26.6,707.56,53.2,S
62,820.6,15.3,490.3,228.5,52214.29,805.3,-61.2,-202.4,-173.7,55.37,3066.01,141.2,S
63,571.9,32.0,307.5,170.72,29144.0,539.9,-72.4,-554.9,-193.1,146.65,21506.3,482.5,S
64,606.2,19.2,349.7,223.56,49980.51,587.0,-1.0,-1501.8,-366.9,447.37,200141.58,1500.8,S
65,354.7,1.0,133.2,106.82,11410.78,353.7,-11.2,-994.8,-532.75,348.69,121583.0,983.6,S
66,1256.2,1.6,672.2,313.48,98272.22,1254.6,-52.0,-1171.0,-731.45,325.99,106269.74,1119.0,S
67,288.5,7.4,131.8,104.46,10911.47,281.1,-30.8,-1040.8,-374.1,251.19,63096.53,1010.0,S
68,1369.9,19.8,750.4,400.23,160185.48,1350.1,-63.0,-518.7,-246.9,123.97,15368.31,455.7,S
69,2781.4,15.8,452.85,1005.61,1011247.15,2765.6,-14.5,-2807.3,-470.7,892.0,795656.03,2792.8,S
70,1494.4,147.7,691.6,298.7,89219.29,1346.7,-74.4,-306.6,-182.1,83.77,7017.17,232.2,S
71,629.0,11.7,436.2,188.49,35530.21,617.3,-29.5,-620.3,-339.9,172.49,29753.76,590.8,S
72,1033.9,116.2,755.2,300.72,90434.03,917.7,-21.3,-561.0,-254.7,176.07,31001.38,539.7,S
73,846.6,343.6,521.8,150.33,22597.96,503.0,0.0,0.0,0.0,0.0,0.0,0.0,S
74,0.0,0.0,0.0,0.0,0.0,0.0,-132.5,-924.0,-434.6,234.64,55057.18,791.5,S
75,2256.8,532.7,1726.1,601.4,361675.99,1724.1,-21.6,-1353.3,-268.8,333.86,111464.95,1331.7,S
76,351.8,258.0,287.9,35.54,1263.18,93.8,-52.7,-1193.9,-594.7,294.64,86810.01,1141.2,S
77,1512.1,1.9,440.9,532.42,283468.29,1510.2,-28.3,-746.4,-355.2,224.82,50543.49,718.1,S
78,627.8,24.8,271.05,143.0,20447.77,603.0,-46.0,-561.7,-419.5,191.44,36647.56,515.7,S
79,278.4,16.9,167.8,76.95,5920.89,261.5,-21.9,-1164.1,-334.55,316.37,100091.65,1142.2,S
80,1449.6,32.1,792.3,432.27,186860.96,1417.5,-86.5,-314.0,-277.45,81.37,6620.54,227.5,S
81,1225.5,44.4,635.7,451.5,203850.61,1181.1,-28.9,-942.7,-325.2,303.74,92254.99,913.8,S
82,463.5,6.1,214.15,164.55,27075.27,457.4,-227.6,-1496.4,-734.1,352.38,124171.01,1268.8,S
83,2060.0,2.8,694.6,546.29,298431.28,2057.2,-10.1,-10.1,-10.1,0.0,0.0,0.0,S
0,321.8,29.1,136.35,82.75,6847.37,292.7,-50.9,-1935.7,-535.6,539.59,291155.39,1884.8,H
1,0.0,0.0,0.0,0.0,0.0,0.0,-25.9,-1318.6,-560.4,394.21,155404.41,1292.7,H
2,2713.2,3.8,679.1,753.87,568326.21,2709.4,-27.8,-958.4,-485.25,288.25,83088.84,930.6,H
3,154.0,43.4,120.0,41.62,1732.25,110.6,-115.3,-1532.4,-596.5,503.22,253226.8,1417.1,H
4,2154.5,11.8,1007.7,712.45,507578.53,2142.7,-8.4,-1707.3,-872.7,605.62,366780.95,1698.9,H
5,14996.9,18.5,1001.3,3551.82,12615456.13,14978.4,-17.4,-8118.7,-369.7,2796.84,7822322.28,8101.3,H
6,2502.2,3.2,583.7,860.48,740433.0,2499.0,-73.4,-2838.9,-810.75,964.02,929332.74,2765.5,H
7,1775.6,91.0,344.7,590.99,349272.47,1684.6,-31.4,-732.6,-355.6,200.18,40070.33,701.2,H
8,2310.2,29.3,704.6,752.7,566553.24,2280.9,-9.4,-1933.5,-527.25,578.16,334272.98,1924.1,H
9,1879.2,351.8,1363.9,571.55,326672.04,1527.4,-48.7,-1993.4,-350.45,538.03,289477.42,1944.7,H
10,4191.6,183.9,2329.0,1390.63,1933838.64,4007.7,-76.4,-1454.7,-536.1,420.8,177069.24,1378.3,H
11,3261.1,7.2,1232.4,1021.28,1043007.77,3253.9,-65.1,-817.6,-332.6,207.89,43218.93,752.5,H
12,2654.8,126.4,1199.75,743.69,553082.2,2528.4,0.0,0.0,0.0,0.0,0.0,0.0,H
13,1392.6,81.8,1090.8,443.52,196705.78,1310.8,-80.5,-522.4,-327.55,145.33,21120.35,441.9,H
14,1653.3,63.1,904.3,438.84,192582.65,1590.2,-61.7,-2977.6,-2037.8,941.82,887021.25,2915.9,H
15,818.6,0.7,376.4,286.21,81915.19,817.9,-28.0,-2662.8,-1821.8,878.55,771847.08,2634.8,H
16,2740.0,25.4,679.35,799.33,638930.73,2714.6,-63.3,-126.6,-96.8,25.86,668.58,63.3,H
17,5540.1,124.9,2153.3,2045.03,4182153.25,5415.2,-6.2,-9183.3,-487.2,2925.87,8560689.51,9177.1,H
18,5780.1,23.5,1449.95,2208.98,4879585.62,5756.6,-88.8,-456.0,-298.1,117.54,13814.76,367.2,H
19,2615.3,19.4,1327.6,991.0,982084.1,2595.9,-105.8,-2013.2,-619.0,668.36,446698.6,1907.4,H
20,2424.6,15.1,1281.1,584.32,341430.5,2409.5,-43.5,-299.8,-187.2,104.89,11002.02,256.3,H
21,2926.2,28.4,967.25,941.33,886109.6,2897.8,-40.4,-1081.7,-404.85,335.79,112755.29,1041.3,H
22,1526.8,28.0,966.8,417.54,174342.24,1498.8,-61.8,-553.7,-314.9,177.28,31429.76,491.9,H
23,15961.7,171.8,626.05,4121.69,16988321.35,15789.9,-67.1,-11738.2,-1053.7,3981.14,15849454.02,11671.1,H
24,2519.8,31.5,1122.8,925.92,857324.4,2488.3,-0.5,-95.5,-56.1,31.88,1016.56,95.0,H
25,2800.9,19.2,1241.45,921.73,849580.09,2781.7,-47.4,-448.7,-397.8,148.43,22030.44,401.3,H
26,3251.6,75.0,1479.2,1222.17,1493689.76,3176.6,-47.7,-3387.5,-1319.5,1160.03,1345658.06,3339.8,H
27,4435.2,72.4,560.6,1474.08,2172898.42,4362.8,-60.6,-1882.0,-859.45,724.96,525568.02,1821.4,H
28,1753.6,172.0,671.65,505.06,255081.97,1581.6,-51.9,-912.1,-345.15,302.02,91216.9,860.2,H
29,18.6,0.3,9.55,4.72,22.23,18.3,-0.4,-26.8,-5.2,8.64,74.6,26.4,H
30,28.6,0.2,11.1,9.25,85.65,28.4,-0.2,-24.4,-6.5,6.74,45.47,24.2,H
31,2052.8,86.5,1123.8,656.0,430341.98,1966.3,-7.3,-447.3,-226.7,113.01,12771.89,440.0,H
32,1805.6,5.9,332.6,585.77,343129.5,1799.7,-56.2,-467.2,-237.0,150.61,22684.66,411.0,H
33,23.6,1.0,8.35,7.13,50.78,22.6,-0.2,-22.4,-9.0,6.62,43.82,22.2,H
34,2338.0,19.8,1057.3,799.66,639448.93,2318.2,-0.6,-1846.0,-909.45,586.88,344431.43,1845.4,H
35,5332.6,37.4,476.6,1223.26,1496369.6,5295.2,-480.6,-3608.8,-1875.35,1305.74,1704955.79,3128.2,H
36,2434.2,74.8,896.7,600.79,360953.17,2359.4,0.0,0.0,0.0,0.0,0.0,0.0,H
37,0.0,0.0,0.0,0.0,0.0,0.0,-91.7,-1970.8,-1011.4,575.77,331516.56,1879.1,H
38,5275.2,41.6,1013.8,1863.74,3473517.79,5233.6,-55.8,-331.7,-186.7,110.59,12231.13,275.9,H
39,3245.9,2.3,1914.2,1077.65,1161322.51,3243.6,-18.1,-740.6,-245.4,259.63,67408.97,722.5,H
40,2169.9,57.1,1040.5,786.33,618317.89,2112.8,-30.0,-1051.9,-419.5,386.47,149358.43,1021.9,H
41,4867.6,4.0,1063.25,1687.43,2847409.1,4863.6,-92.7,-1092.8,-708.4,353.43,124915.54,1000.1,H
42,485.2,9.9,368.55,144.23,20802.58,475.3,-1.0,-670.9,-349.8,179.26,32132.85,669.9,S
43,460.0,6.3,192.6,129.33,16726.63,453.7,-78.4,-172.0,-134.4,39.14,1532.27,93.6,S
44,202.3,92.3,147.3,55.0,3025.0,110.0,-34.6,-1272.3,-773.8,404.93,163967.16,1237.7,S
45,398.9,11.5,95.55,100.38,10076.77,387.4,-1.6,-614.5,-204.8,174.28,30372.95,612.9,S
46,482.2,2.0,144.1,157.6,24837.79,480.2,-88.2,-649.4,-303.25,170.93,29217.74,561.2,S
47,131.4,61.9,117.4,28.76,827.14,69.5,-32.2,-1572.7,-399.8,437.79,191662.29,1540.5,S
48,942.9,9.4,494.55,271.66,73798.11,933.5,-9.6,-285.2,-183.45,90.41,8173.14,275.6,S
49,841.3,5.3,374.6,270.28,73050.37,836.0,-25.3,-209.3,-153.25,66.3,4395.25,184.0,S
50,201.3,4.8,82.2,76.68,5880.38,196.5,-71.9,-1475.8,-996.5,466.42,217546.65,1403.9,S
51,1179.6,129.7,614.25,317.37,100725.81,1049.9,-20.7,-606.8,-227.7,168.54,28406.45,586.1,S
52,334.4,18.6,241.4,105.98,11231.46,315.8,-16.7,-597.2,-302.0,211.9,44902.66,580.5,S
53,272.1,16.1,101.5,91.68,8405.18,256.0,-46.5,-1136.0,-834.6,346.85,120306.73,1089.5,S
54,0.0,0.0,0.0,0.0,0.0,0.0,-43.4,-1399.0,-415.0,424.2,179943.08,1355.6,S
55,776.2,1.4,192.4,260.05,67626.29,774.8,-8.6,-2695.3,-921.1,1028.99,1058817.96,2686.7,S
56,506.0,7.0,249.7,149.69,22408.21,499.0,-6.9,-445.5,-128.0,147.8,21844.59,438.6,S
57,788.5,34.2,481.9,252.96,63989.62,754.3,-49.2,-2234.6,-983.8,748.34,560013.2,2185.4,S
58,196.4,10.6,111.9,54.91,3015.5,185.8,-18.3,-1337.4,-809.3,386.06,149041.38,1319.1,S
59,651.6,13.8,217.5,202.72,41096.76,637.8,-138.0,-1703.8,-562.55,446.02,198933.36,1565.8,S
60,51.2,51.2,51.2,0.0,0.0,0.0,-5.0,-1039.6,-483.25,297.72,88638.83,1034.6,S
61,1199.6,1.8,615.5,398.89,159115.94,1197.8,-20.6,-1219.4,-563.9,357.95,128126.92,1198.8,S
62,227.4,47.2,170.8,65.92,4345.01,180.2,-9.8,-1029.5,-592.75,264.57,69996.61,1019.7,S
63,45.4,14.7,28.6,10.17,103.51,30.7,-41.5,-1372.0,-537.2,355.22,126181.55,1330.5,S
64,586.8,22.6,323.6,163.99,26891.12,564.2,-32.8,-884.2,-364.75,308.31,95057.05,851.4,S
65,156.8,25.1,84.3,43.2,1866.15,131.7,-4.2,-1671.1,-513.8,509.96,260057.47,1666.9,S
66,1481.0,18.5,416.35,412.61,170244.69,1462.5,-84.4,-648.7,-217.8,201.39,40559.54,564.3,S
67,1620.7,19.0,452.15,622.8,387875.89,1601.7,-50.6,-1020.9,-747.5,350.59,122912.59,970.3,S
68,613.7,7.3,160.0,170.56,29089.65,606.4,-154.2,-853.3,-676.3,248.67,61835.72,699.1,S
69,1202.6,8.3,252.75,362.92,131708.85,1194.3,-48.8,-971.4,-364.95,282.99,80082.67,922.6,S
70,3231.6,0.9,1315.9,1188.45,1412415.56,3230.7,-11.2,-233.4,-88.1,73.27,5368.7,222.2,S
71,652.0,1.0,269.6,195.51,38223.68,651.0,-12.7,-1476.8,-695.7,511.3,261426.37,1464.1,S
72,325.4,0.9,50.85,121.6,14785.67,324.5,-2.2,-814.6,-323.8,217.84,47452.24,812.4,S
73,1531.4,13.1,182.2,503.54,253547.57,1518.3,-9.3,-361.9,-212.0,125.61,15777.01,352.6,S
74,24.8,0.4,7.9,5.85,34.21,24.4,-0.4,-21.1,-6.55,5.8,33.64,20.7,S
75,303.5,14.7,186.0,104.09,10835.71,288.8,-29.6,-376.2,-184.1,107.15,11481.46,346.6,S
76,161.0,0.8,36.7,54.83,3005.95,160.2,-1.7,-759.2,-476.5,287.08,82414.65,757.5,S
77,318.5,7.2,111.5,89.16,7949.34,311.3,0.0,0.0,0.0,0.0,0.0,0.0,S
78,211.8,7.2,135.2,73.04,5334.19,204.6,-1.4,-511.6,-69.5,175.66,30856.58,510.2,S
79,518.1,3.8,318.8,175.46,30785.36,514.3,-7.6,-918.8,-244.1,287.12,82436.72,911.2,S
80,761.9,140.5,326.15,191.58,36701.74,621.4,-53.1,-428.1,-272.95,134.55,18102.96,375.0,S
81,1196.3,6.0,818.3,301.39,90834.15,1190.3,-13.3,-293.2,-107.05,101.59,10319.55,279.9,S
82,80.2,42.2,61.2,19.0,361.0,38.0,-126.8,-1340.4,-480.1,374.52,140263.74,1213.6,S
83,860.3,22.3,379.05,316.67,100280.31,838.0,-38.6,-784.0,-578.2,240.61,57895.18,745.4,S
0,14640.4,965.7,9266.85,4447.17,19777335.32,13674.7,-97.6,-8471.2,-4377.4,2749.6,7560314.62,8373.6,H
1,16163.4,110.1,4856.1,4830.07,23329610.92,16053.3,-199.5,-5427.2,-1641.4,1502.44,2257326.06,5227.7,H
2,1872.8,45.6,911.2,567.96,322581.21,1827.2,-43.0,-4767.5,-1778.65,1276.42,1629248.23,4724.5,H
3,11066.4,103.9,2454.3,3463.81,11997948.21,10962.5,-141.7,-2615.1,-1428.8,829.68,688361.5,2473.4,H
4,10684.3,207.7,3773.5,3550.41,12605445.21,10476.6,-161.6,-9328.7,-7254.1,2800.68,7843826.36,9167.1,H
5,45000.0,422.0,15600.0,16100.0,260000000.0,44600.0,-415.0,-11900.0,-5840.0,2980.0,8880000.0,11500.0,H
6,17332.0,2650.8,6896.8,4398.24,19344546.08,14681.2,0.0,0.0,0.0,0.0,0.0,0.0,H
7,10877.3,78.2,4609.9,3363.13,11310628.49,10799.1,-134.6,-10620.2,-3918.4,3336.36,11131310.16,10485.6,H
8,128.2,128.2,128.2,0.0,0.0,0.0,-261.2,-2051.1,-1032.75,427.88,183080.74,1789.9,H
9,1826.0,107.8,1220.3,584.4,341519.08,1718.2,-120.5,-2449.1,-1686.0,574.43,329975.04,2328.6,H
10,16540.1,4135.6,13712.0,3481.12,12118231.24,12404.5,-898.6,-17675.8,-7694.95,4016.1,16129052.21,16777.2,H
11,13003.5,628.0,5203.8,3997.38,15979011.38,12375.5,-709.8,-14717.6,-5939.2,5176.18,26792798.0,14007.8,H
12,10152.8,86.2,2275.3,3095.05,9579320.4,10066.6,-212.8,-20086.6,-11015.6,6465.69,41805177.48,19873.8,H
13,12961.8,1232.5,4808.6,3458.74,11962850.25,11729.3,-72.8,-4048.0,-2152.95,1244.96,1549919.26,3975.2,H
14,13701.4,386.3,6929.5,4423.11,19563876.85,13315.1,-2512.8,-13194.0,-5693.2,2785.67,7759978.61,10681.2,H
15,9498.6,547.9,3622.5,3206.71,10282986.69,8950.7,-174.4,-5060.4,-1341.95,1510.31,2281025.51,4886.0,H
16,10342.0,638.5,2701.9,2768.41,7664088.33,9703.5,-17.9,-3414.0,-1829.5,1179.38,1390945.47,3396.1,H
17,13821.6,17.5,2380.3,5686.48,32336021.38,13804.1,-7.0,-7818.4,-1388.8,1930.85,3728169.92,7811.4,H
18,14857.2,143.0,4219.5,4560.65,20799528.25,14714.2,-34.8,-4539.8,-2414.0,1591.04,2531397.11,4505.0,H
19,16024.7,180.0,4242.5,6202.7,38473482.87,15844.7,-1145.7,-9368.8,-5656.35,2303.65,5306797.28,8223.1,H
20,9375.4,5.5,5717.1,2744.97,7534882.16,9369.9,-804.8,-981.5,-842.45,68.85,4740.52,176.7,H
21,3971.5,503.8,1555.35,1404.78,1973411.9,3467.7,-59.6,-5701.1,-3916.4,1683.66,2834695.99,5641.5,H
22,11120.9,266.0,3380.65,3690.93,13622936.09,10854.9,-1279.1,-15813.0,-9839.0,5842.79,34138152.98,14533.9,H
23,64900.0,29.7,20700.0,26000.0,678000000.0,64800.0,-222.0,-11300.0,-2270.0,3110.0,9690000.0,11100.0,H
24,22334.9,575.0,5856.2,7796.3,60782304.83,21759.9,-217.5,-4872.0,-2490.3,1405.02,1974080.49,4654.5,H
25,15719.6,263.0,9235.4,4577.3,20951640.64,15456.6,-463.6,-13738.4,-12298.6,4474.0,20016710.17,13274.8,H
26,18763.2,2199.6,12268.85,5971.61,35660134.0,16563.6,-765.9,-11405.2,-6194.5,2986.23,8917548.88,10639.3,H
27,10675.1,56.2,5217.35,2993.86,8963214.84,10618.9,-211.5,-6541.4,-3846.6,2512.37,6312002.88,6329.9,H
28,8848.0,614.2,6878.7,2406.07,5789177.91,8233.8,-273.6,-11381.7,-7750.8,3549.01,12595503.82,11108.1,H
29,6816.4,54.5,2188.95,1466.81,2151529.05,6761.9,-37.2,-1017.5,-571.5,331.96,110200.37,980.3,H
30,4846.2,251.9,1827.15,1242.79,1544522.41,4594.3,-161.6,-12313.6,-2329.0,3029.38,9177122.85,12152.0,H
31,7283.6,1347.2,4042.8,1434.24,2057057.09,5936.4,-2155.9,-26169.0,-22507.25,7816.14,61091991.26,24013.1,H
32,7906.8,210.8,2276.8,2324.64,5403959.84,7696.0,-38.0,-2754.4,-1960.85,964.9,931033.05,2716.4,H
33,9362.0,10.4,2987.3,3610.43,13035197.16,9351.6,-1423.9,-11096.6,-9273.3,3023.05,9138826.97,9672.7,H
34,12290.6,151.9,4198.75,3796.95,14416802.65,12138.7,-88.8,-3110.3,-2207.1,1091.74,1191892.94,3021.5,H
35,59500.0,941.0,32900.0,21200.0,450000000.0,58600.0,-4.0,-17100.0,-6580.0,5230.0,27300000.0,17100.0,H
36,13544.5,462.2,6420.95,4208.99,17715555.23,13082.3,-149.1,-8847.8,-4698.3,2822.72,7967753.84,8698.7,H
37,17696.7,853.1,9524.4,5261.61,27684526.03,16843.6,-643.1,-10591.7,-4815.4,2826.84,7991039.55,9948.6,H
38,2519.8,921.9,1720.85,798.95,638321.1,1597.9,-508.8,-13199.1,-6432.4,4123.1,16999962.14,12690.3,H
39,10500.0,339.0,3380.0,2940.0,8650000.0,10200.0,-168.0,-33100.0,-9540.0,11800.0,140000000.0,32900.0,H
40,24167.8,2754.7,17112.7,5942.48,35313055.48,21413.1,-1562.4,-10635.0,-8344.6,2368.92,5611782.69,9072.6,H
41,7163.6,196.8,1681.6,1939.99,3763542.42,6966.8,-12.5,-9621.0,-6117.7,3408.26,11616248.76,9608.5,H
42,2643.8,85.0,1250.6,827.05,684012.74,2558.8,-142.6,-4732.8,-1639.8,1192.23,1421401.99,4590.2,S
43,1863.8,62.1,1333.35,551.42,304068.49,1801.7,-59.8,-4295.2,-2517.4,1520.04,2310521.47,4235.4,S
44,1517.2,130.7,702.6,403.58,162874.04,1386.5,-115.2,-5557.8,-1844.6,1571.31,2469020.12,5442.6,S
45,7084.0,1390.7,5206.0,1887.28,3561819.28,5693.3,-158.2,-9512.2,-2364.6,2561.85,6563068.07,9354.0,S
46,2407.5,170.6,1299.2,644.6,415513.29,2236.9,-297.7,-2249.8,-1452.8,694.7,482608.15,1952.1,S
47,5878.9,305.8,4212.6,1693.78,2868896.66,5573.1,-399.9,-8829.3,-5230.55,2622.23,6876090.45,8429.4,S
48,3666.6,229.6,2112.05,1282.24,1644149.3,3437.0,-332.8,-9301.6,-3135.3,2641.88,6979510.95,8968.8,S
49,4306.5,22.8,1685.25,1357.15,1841847.83,4283.7,-45.9,-3946.4,-2258.1,1327.93,1763402.76,3900.5,S
50,2194.6,464.4,1363.95,504.18,254197.9,1730.2,-71.9,-4380.6,-2514.7,1208.45,1460356.7,4308.7,S
51,8456.6,42.1,1112.5,2206.28,4867674.55,8414.5,-16.6,-2855.0,-885.75,968.25,937516.98,2838.4,S
52,3138.8,139.9,1552.4,920.72,847730.14,2998.9,-239.9,-5185.8,-1437.0,1439.53,2072250.83,4945.9,S
53,2251.8,530.3,1772.4,496.29,246306.07,1721.5,-117.5,-7087.3,-4365.0,2502.52,6262592.52,6969.8,S
54,4381.6,421.7,2832.45,1194.66,1427202.25,3959.9,-45.4,-2508.7,-1298.65,798.05,636883.63,2463.3,S
55,3228.8,188.6,1126.25,1097.11,1203654.48,3040.2,-158.2,-7994.3,-4642.7,2020.84,4083798.77,7836.1,S
56,9130.8,285.4,6639.0,2208.49,4877440.86,8845.4,-2193.6,-10135.9,-6909.7,2606.64,6794568.11,7942.3,S
57,7849.7,167.1,788.0,2835.26,8038716.96,7682.6,-77.8,-5334.4,-1929.6,1496.63,2239892.7,5256.6,S
58,2911.8,181.8,926.4,780.77,609604.51,2730.0,-142.2,-3216.9,-2269.4,1064.41,1132962.74,3074.7,S
59,12264.2,650.4,2542.7,4078.29,16632418.0,11613.8,-852.6,-7817.7,-6880.3,2610.18,6813059.2,6965.1,S
60,5258.6,271.4,2715.2,1506.66,2270024.67,4987.2,-381.3,-3812.5,-1710.1,1192.21,1421370.86,3431.2,S
61,14929.6,31.7,7604.75,5224.14,27291601.1,14897.9,-62.7,-7941.8,-3089.4,2848.59,8114452.81,7879.1,S
62,7288.0,146.2,4099.5,2632.94,6932357.05,7141.8,-172.4,-3736.1,-1533.6,1076.02,1157828.27,3563.7,S
63,6957.8,41.1,3244.4,2265.43,5132178.58,6916.7,-61.4,-3606.8,-1196.4,1190.78,1417967.97,3545.4,S
64,10012.5,101.1,5609.0,3467.87,12026151.8,9911.4,-54.7,-3821.6,-1387.6,1083.04,1172970.75,3766.9,S
65,10788.8,74.5,5392.4,3849.66,14819895.72,10714.3,-87.7,-4119.6,-1715.4,1040.44,1082515.38,4031.9,S
66,12214.1,79.5,5443.8,3792.07,14379798.76,12134.6,-872.9,-9748.9,-6060.6,2748.05,7551778.73,8876.0,S
67,5386.0,312.7,3547.6,1422.83,2024449.7,5073.3,-173.6,-4650.6,-2963.95,1385.67,1920088.29,4477.0,S
68,11034.1,88.1,4055.4,4130.93,17064590.29,10946.0,-299.4,-7299.7,-4706.1,2123.26,4508248.41,7000.3,S
69,5885.0,53.1,1554.25,1678.11,2816059.4,5831.9,-71.3,-3303.0,-659.9,825.17,680913.75,3231.7,S
70,7750.8,423.4,4135.65,1765.8,3118064.01,7327.4,-603.6,-603.6,-603.6,0.0,0.0,0.0,S
71,4831.3,528.5,2914.2,1386.87,1923397.46,4302.8,-387.4,-7803.4,-2281.5,1998.77,3995096.94,7416.0,S
72,7479.2,1096.0,3870.95,2299.2,5286297.68,6383.2,-495.5,-7481.6,-5038.6,1876.56,3521491.27,6986.1,S
73,15158.8,976.7,4822.9,3994.7,15957617.51,14182.1,-287.1,-5564.4,-3729.35,1606.19,2579835.39,5277.3,S
74,2970.6,833.4,1512.0,562.89,316842.46,2137.2,-199.8,-3617.1,-2679.6,1255.45,1576155.57,3417.3,S
75,14291.7,1061.4,9216.25,4841.28,23438019.9,13230.3,-390.8,-6767.6,-2941.1,1711.83,2930356.32,6376.8,S
76,7544.8,190.1,4249.25,2323.82,5400156.12,7354.7,-1572.4,-7347.8,-4359.2,1680.53,2824194.22,5775.4,S
77,6156.3,138.9,2266.9,1787.74,3196002.1,6017.4,-1048.6,-6737.4,-3589.85,1719.52,2956754.27,5688.8,S
78,12233.6,1434.1,8513.2,3303.43,10912626.57,10799.5,-3768.0,-11043.5,-9100.95,1930.93,3728496.64,7275.5,S
79,5697.0,277.2,2646.8,1808.7,3271398.82,5419.8,-29.8,-5679.4,-3295.0,1845.12,3404462.24,5649.6,S
80,4444.9,339.8,2046.05,1532.52,2348630.02,4105.1,-459.4,-14381.6,-8323.4,4873.83,23754253.49,13922.2,S
81,11310.7,648.3,9113.6,3647.34,13303109.58,10662.4,-432.8,-8994.6,-2395.4,2720.66,7401977.3,8561.8,S
82,11232.1,34.6,5513.6,2920.01,8526447.34,11197.5,-493.4,-7740.6,-3978.65,2089.62,4366500.06,7247.2,S
83,4182.9,52.8,1203.85,1320.16,1742828.76,4130.1,-112.5,-3574.0,-1268.4,1071.91,1148996.04,3461.5,S
0,12.6,0.1,4.6,3.76,14.17,12.5,-0.8,-31.8,-6.55,7.08,50.13,31.0,H
1,12.8,1.4,8.15,3.44,11.86,11.4,-0.9,-30.2,-7.6,9.36,87.64,29.3,H
2,26.8,0.1,9.5,7.2,51.89,26.7,-0.2,-21.2,-9.05,6.6,43.55,21.0,H
3,26.6,0.6,5.9,6.96,48.49,26.0,-1.2,-21.7,-7.8,6.32,39.94,20.5,H
4,1697.1,39.5,552.3,430.5,185328.36,1657.6,-80.4,-1255.3,-656.15,372.88,139043.1,1174.9,H
5,41100.0,11.0,269.0,13200.0,174000000.0,41100.0,-8.6,-39300.0,-77.8,13700.0,187000000.0,39300.0,H
6,477.9,7.1,182.15,157.54,24818.49,470.8,-51.9,-1511.2,-387.6,439.25,192939.41,1459.3,H
7,1123.6,10.8,197.75,328.72,108055.9,1112.8,-51.7,-921.8,-353.4,270.48,73159.96,870.1,H
8,2332.0,96.5,725.0,724.97,525583.55,2235.5,-7.9,-2646.7,-393.0,944.37,891826.09,2638.8,H
9,1315.8,55.1,503.4,453.97,206091.31,1260.7,-0.1,-1403.0,-165.05,350.58,122903.64,1402.9,H
10,2191.6,23.3,638.8,755.46,570722.35,2168.3,-43.0,-1997.8,-693.8,587.09,344677.55,1954.8,H
11,1306.5,2.6,216.1,460.24,211816.28,1303.9,-48.9,-2926.9,-535.6,756.91,572916.91,2878.0,H
12,3238.4,12.0,446.4,913.18,833895.69,3226.4,-13.3,-645.8,-264.0,243.99,59533.55,632.5,H
13,1657.5,29.2,504.15,571.14,326196.16,1628.3,-6.9,-678.0,-231.5,198.29,39320.45,671.1,H
14,2995.2,945.2,1728.0,673.46,453542.66,2050.0,-121.7,-1060.9,-566.75,231.58,53631.18,939.2,H
15,449.2,70.0,337.7,134.44,18073.82,379.2,-21.6,-1297.7,-626.65,329.64,108660.45,1276.1,H
16,1178.1,8.9,468.6,403.03,162429.61,1169.2,-26.0,-2268.4,-939.65,813.2,661288.94,2242.4,H
17,1718.0,55.4,579.05,496.25,246263.09,1662.6,-68.6,-1223.8,-202.4,398.45,158764.77,1155.2,H
18,237.6,31.4,124.55,75.36,5678.96,206.2,-10.2,-1161.1,-540.8,369.89,136817.87,1150.9,H
19,3040.8,16.6,678.6,997.64,995281.69,3024.2,-12.8,-425.4,-164.75,104.14,10846.14,412.6,H
20,2308.0,5.5,533.2,783.75,614263.53,2302.5,-9.1,-1838.6,-445.8,482.31,232618.55,1829.5,H
21,2027.5,12.8,437.3,660.32,436027.04,2014.7,-15.8,-1043.9,-301.25,330.62,109306.81,1028.1,H
22,2141.6,88.4,442.9,585.12,342367.69,2053.2,-19.1,-732.1,-404.8,190.4,36250.66,713.0,H
23,33400.0,3.2,11900.0,13500.0,182000000.0,33300.0,-14.5,-27900.0,-213.0,8590.0,73800000.0,27900.0,H
24,978.8,48.8,643.2,334.61,111966.79,930.0,-8.8,-1525.6,-331.25,457.99,209752.19,1516.8,H
25,2267.3,91.9,772.9,789.07,622627.25,2175.4,-22.8,-1275.7,-257.9,359.66,129354.03,1252.9,H
26,2863.9,21.3,848.0,943.37,889946.1,2842.6,-34.4,-1553.7,-470.75,449.98,202479.05,1519.3,H
27,1332.8,35.5,639.4,433.17,187632.31,1297.3,-57.4,-901.4,-195.05,210.92,44488.24,844.0,H
28,1414.8,10.7,437.2,406.85,165525.44,1404.1,-92.0,-1319.8,-352.4,454.66,206719.19,1227.8,H
29,2335.4,90.2,562.1,788.56,621833.12,2245.2,-16.7,-1059.8,-244.0,330.23,109052.82,1043.1,H
30,1276.8,51.4,393.1,354.63,125765.16,1225.4,-62.5,-729.1,-428.6,195.93,38389.32,666.6,H
31,1831.7,112.9,801.8,543.61,295507.6,1718.8,-30.5,-1578.2,-406.4,455.32,207319.49,1547.7,H
32,2178.8,16.6,684.5,605.85,367052.69,2162.2,-60.2,-1064.1,-640.8,288.81,83412.51,1003.9,H
33,1172.8,51.6,382.2,354.24,125483.92,1121.2,-50.3,-978.8,-157.0,293.0,85851.35,928.5,H
34,1877.3,213.8,1273.25,572.44,327681.9,1663.5,-43.5,-1355.5,-529.2,350.94,123156.99,1312.0,H
35,46300.0,0.2,494.0,15100.0,228000000.0,46300.0,-38.6,-43500.0,-1170.0,13600.0,186000000.0,43400.0,H
36,1705.9,51.9,417.55,524.8,275417.25,1654.0,-52.7,-685.3,-447.8,218.31,47659.03,632.6,H
37,1997.6,2.1,232.0,680.97,463717.38,1995.5,-79.8,-1813.0,-815.9,638.41,407567.42,1733.2,H
38,993.3,16.8,442.7,285.51,81513.43,976.5,-13.3,-872.4,-245.75,284.98,81213.91,859.1,H
39,2488.1,2.8,1405.4,889.0,790319.94,2485.3,-37.3,-1711.4,-326.3,600.99,361190.85,1674.1,H
40,1809.4,166.5,1130.4,571.17,326230.38,1642.9,-145.1,-1938.0,-497.0,533.14,284236.07,1792.9,H
41,1708.5,49.3,664.5,489.44,239549.69,1659.2,-14.2,-1516.6,-460.4,565.58,319876.64,1502.4,H
42,22.1,0.1,8.0,7.09,50.21,22.0,-0.4,-21.0,-7.85,5.98,35.77,20.6,S
43,19.2,1.5,9.7,5.85,34.26,17.7,-1.7,-20.5,-11.5,5.73,32.85,18.8,S
44,15.3,1.7,8.0,4.61,21.26,13.6,-0.2,-22.4,-13.0,6.93,48.0,22.2,S
45,27.9,1.0,11.8,8.09,65.47,26.9,-0.6,-32.9,-12.15,7.75,60.05,32.3,S
46,23.2,5.6,14.35,5.07,25.73,17.6,-0.8,-28.2,-12.95,10.16,103.19,27.4,S
47,2228.7,18.7,1370.35,699.74,489640.81,2210.0,-61.3,-477.2,-264.95,130.7,17083.48,415.9,S
48,714.3,19.5,232.1,241.52,58329.65,694.8,-7.8,-454.2,-337.9,126.08,15895.17,446.4,S
49,10735.0,78.6,4035.8,4274.36,18270135.85,10656.4,-21.5,-7984.4,-364.85,2487.48,6187552.8,7962.9,S
50,1022.0,0.1,191.1,355.87,126641.53,1021.9,-2.0,-1515.0,-369.2,402.67,162140.44,1513.0,S
51,541.9,3.3,164.6,172.1,29618.86,538.6,-40.0,-486.4,-191.0,137.79,18987.07,446.4,S
52,0.0,0.0,0.0,0.0,0.0,0.0,-30.6,-1103.5,-368.3,289.09,83574.13,1072.9,S
53,487.4,2.0,225.1,147.79,21842.19,485.4,-16.2,-479.0,-163.9,146.1,21344.5,462.8,S
54,154.0,3.6,63.3,51.53,2655.43,150.4,-12.6,-1706.0,-414.05,492.92,242968.41,1693.4,S
55,333.8,1.3,69.5,118.26,13986.61,332.5,-5.4,-1359.0,-681.1,487.73,237875.91,1353.6,S
56,1058.7,23.5,380.0,376.84,142010.47,1035.2,-17.9,-1660.8,-684.1,550.83,303416.83,1642.9,S
57,1500.9,79.6,955.9,478.5,228966.14,1421.3,-4.7,-892.2,-354.35,304.16,92514.74,887.5,S
58,493.5,41.7,331.5,165.63,27431.71,451.8,-12.3,-1031.4,-456.2,373.38,139414.28,1019.1,S
59,709.6,8.8,305.8,210.67,44383.74,700.8,-11.4,-1527.5,-1001.55,470.18,221068.41,1516.1,S
60,858.0,101.0,676.85,269.35,72547.71,757.0,-13.0,-943.7,-233.5,262.41,68857.56,930.7,S
61,2058.5,1.4,716.35,743.89,553373.79,2057.1,-67.8,-1498.5,-415.5,481.42,231765.46,1430.7,S
62,189.6,55.8,181.1,56.62,3206.38,133.8,-13.6,-737.6,-395.3,234.23,54863.29,724.0,S
63,896.8,155.3,491.95,261.79,68532.07,741.5,-15.1,-279.0,-148.0,86.48,7478.35,263.9,S
64,407.0,54.6,285.7,119.34,14242.34,352.4,-12.3,-966.7,-634.4,298.75,89250.25,954.4,S
65,28.2,0.1,10.3,8.54,72.89,28.1,-0.5,-38.0,-9.7,10.63,113.06,37.5,S
66,808.3,16.1,250.85,236.16,55773.11,792.2,-97.1,-1656.8,-850.4,430.59,185408.34,1559.7,S
67,572.4,12.3,277.6,164.06,26914.54,560.1,-8.8,-660.2,-231.8,207.93,43234.61,651.4,S
68,1153.8,302.3,824.25,314.1,98656.05,851.5,-67.0,-1183.7,-558.0,328.6,107978.2,1116.7,S
69,9188.0,159.7,323.8,3121.58,9744272.35,9028.3,-114.2,-5114.3,-1361.2,1816.19,3298547.16,5000.1,S
70,744.5,8.4,270.4,266.13,70825.3,736.1,-23.9,-730.7,-195.0,235.78,55590.43,706.8,S
71,1383.4,245.3,856.05,361.74,130858.93,1138.1,-17.0,-1365.4,-694.3,439.48,193146.01,1348.4,S
72,1197.0,18.8,651.75,363.1,131841.29,1178.2,-1.1,-1709.3,-483.2,470.15,221036.72,1708.2,S
73,1429.8,20.7,734.05,438.59,192364.4,1409.1,-26.5,-1014.5,-645.7,299.87,89923.19,988.0,S
74,254.2,0.1,131.2,93.24,8693.79,254.1,-31.4,-917.0,-260.0,239.8,57505.14,885.6,S
75,6348.4,143.4,804.9,2381.45,5671290.31,6205.0,-52.1,-5534.9,-353.2,1812.86,3286443.82,5482.8,S
76,199.4,1.3,43.8,72.15,5205.54,198.1,-3.7,-299.7,-113.8,85.55,7318.67,296.0,S
77,1433.6,22.3,290.8,446.31,199188.72,1411.3,-149.9,-1131.7,-830.0,349.79,122354.83,981.8,S
78,478.3,9.0,109.1,136.58,18653.3,469.3,-5.7,-816.0,-337.8,245.69,60365.34,810.3,S
79,1064.8,14.5,529.4,323.21,104465.85,1050.3,-12.7,-614.8,-338.9,234.47,54976.12,602.1,S
80,1665.5,7.4,645.3,628.93,395551.12,1658.1,-29.3,-663.6,-112.1,219.6,48226.11,634.3,S
81,641.7,5.9,118.3,235.7,55554.87,635.8,-59.2,-577.1,-243.6,122.26,14946.91,517.9,S
82,1026.3,9.4,322.8,286.49,82078.75,1016.9,-5.7,-756.4,-369.25,260.7,67965.08,750.7,S
83,488.1,37.4,221.7,121.19,14687.69,450.7,-29.9,-238.9,-119.45,72.63,5275.66,209.0,S
0,451.7,80.2,219.95,129.29,16715.94,371.5,-38.4,-3757.2,-1443.8,1067.32,1139177.57,3718.8,H
1,1133.0,15.3,532.6,341.26,116455.91,1117.7,-56.2,-737.0,-366.8,234.5,54990.9,680.8,H
2,2152.6,20.6,802.2,667.67,445788.44,2132.0,-1.9,-1296.2,-445.7,450.28,202755.1,1294.3,H
3,2396.5,81.8,960.2,761.09,579254.58,2314.7,-55.2,-4561.0,-1264.2,1409.49,1986657.64,4505.8,H
4,1139.2,155.3,751.7,333.02,110902.94,983.9,-290.5,-4475.2,-1790.25,1138.59,1296386.46,4184.7,H
5,6254.8,60.4,1504.6,1871.41,3502183.65,6194.4,0.0,0.0,0.0,0.0,0.0,0.0,H
6,3029.4,31.5,1085.0,950.33,903125.84,2997.9,-49.3,-5658.5,-2365.0,1664.7,2771216.56,5609.2,H
7,3636.8,116.5,1940.5,986.87,973903.26,3520.3,-148.8,-4142.8,-2222.55,1129.61,1276013.08,3994.0,H
8,4226.3,131.8,1379.0,1372.73,1884386.56,4094.5,-457.1,-6001.5,-3681.85,1804.27,3255385.66,5544.4,H
9,1669.4,135.1,1244.3,504.15,254164.82,1534.3,-64.2,-6833.8,-1575.35,2178.47,4745718.31,6769.6,H
10,3439.3,136.8,1660.0,985.98,972152.03,3302.5,-177.1,-501.8,-429.85,123.61,15280.66,324.7,H
11,2978.4,37.0,1511.4,1083.24,1173418.81,2941.4,-73.5,-6123.6,-1767.9,1971.02,3884933.65,6050.1,H
12,4100.6,38.2,1257.7,1233.31,1521063.85,4062.4,-164.6,-3579.0,-702.15,1139.59,1298671.54,3414.4,H
13,3795.4,3.2,495.2,1236.6,1529190.48,3792.2,-155.7,-1492.3,-850.6,400.2,160156.92,1336.6,H
14,2906.3,35.9,1193.9,1138.57,1296337.38,2870.4,-21.5,-6498.9,-1301.3,2360.15,5570329.42,6477.4,H
15,2655.4,34.9,881.65,678.56,460441.92,2620.5,-8.8,-1330.4,-686.6,492.43,242482.69,1321.6,H
16,4452.0,70.5,1748.3,1373.75,1887187.47,4381.5,-173.6,-2222.8,-938.9,756.8,572740.19,2049.2,H
17,6134.2,2.8,3855.8,1880.2,3535148.55,6131.4,-59.9,-5105.6,-1289.0,1510.89,2282797.86,5045.7,H
18,3331.9,6.8,1137.55,1366.84,1868244.35,3325.1,-18.7,-3313.2,-2275.4,874.11,764071.44,3294.5,H
19,2874.7,438.0,1905.45,777.56,604600.37,2436.7,-50.4,-3320.4,-1380.15,926.36,858139.59,3270.0,H
20,5971.6,169.6,1970.85,1947.81,3793969.63,5802.0,-92.6,-2964.0,-1269.0,867.86,753174.3,2871.4,H
21,4607.3,7.0,2235.6,1555.47,2419481.32,4600.3,-251.5,-5679.3,-1200.75,1916.17,3671718.75,5427.8,H
22,1256.9,407.6,681.0,347.04,120436.23,849.3,-66.9,-6464.4,-2754.2,2127.16,4524824.75,6397.5,H
23,6458.9,104.2,1291.95,1775.86,3153663.43,6354.7,-60.2,-4670.8,-973.6,1350.59,1824103.87,4610.6,H
24,2743.8,125.8,1224.15,815.67,665322.7,2618.0,-101.4,-4344.9,-1862.4,1340.64,1797307.67,4243.5,H
25,1266.0,51.0,754.9,431.82,186469.29,1215.0,-180.0,-3946.4,-699.8,1211.29,1467221.91,3766.4,H
26,6190.4,138.6,2177.05,2472.73,6114394.15,6051.8,-205.9,-4582.2,-1607.6,1559.8,2432987.67,4376.3,H
27,7476.8,57.4,2575.2,2709.38,7340740.15,7419.4,-270.0,-4101.5,-2549.4,1264.66,1599366.21,3831.5,H
28,4957.0,130.1,2953.6,1566.82,2454939.23,4826.9,-19.6,-1974.3,-360.9,606.83,368236.92,1954.7,H
29,7409.4,193.5,4284.9,2486.71,6183735.64,7215.9,-34.8,-7108.0,-930.8,2376.76,5649009.11,7073.2,H
30,5131.4,526.6,3193.0,1589.72,2527206.46,4604.8,-191.9,-6205.1,-2129.8,1754.73,3079086.42,6013.2,H
31,3825.3,16.3,1132.6,1257.74,1581909.69,3809.0,-243.0,-4460.5,-3149.6,1413.59,1998239.48,4217.5,H
32,6766.5,187.1,1129.9,1864.98,3478137.34,6579.4,-88.0,-4824.6,-3047.65,1447.01,2093834.14,4736.6,H
33,5223.7,123.2,3266.0,1723.74,2971278.71,5100.5,-79.0,-5742.2,-2993.7,1600.43,2561370.61,5663.2,H
34,1905.3,201.2,714.5,462.89,214263.44,1704.1,-79.8,-915.8,-617.9,268.83,72271.38,836.0,H
35,8736.1,62.8,1787.5,3158.54,9976381.47,8673.3,-391.2,-8159.5,-3232.0,2275.61,5178397.56,7768.3,H
36,1189.2,56.8,610.75,344.17,118451.4,1132.4,-47.0,-5299.9,-3202.5,1617.11,2615041.12,5252.9,H
37,4262.4,23.0,1863.0,1214.94,1476073.82,4239.4,-123.4,-2893.4,-629.2,1035.55,1072371.51,2770.0,H
38,2021.3,60.8,412.6,526.39,277083.33,1960.5,-69.8,-5397.7,-2755.1,1443.63,2084061.3,5327.9,H
39,6921.7,1091.1,4452.8,2069.21,4281624.62,5830.6,-61.2,-8282.1,-1899.55,2685.5,7211900.04,8220.9,H
40,1074.0,424.7,599.3,274.35,75268.42,649.3,-14.0,-5579.8,-1825.4,1671.19,2792892.2,5565.8,H
41,2851.1,151.7,780.9,841.46,708053.99,2699.4,-80.8,-4032.0,-1866.4,1287.66,1658073.81,3951.2,H
42,1624.9,176.9,859.5,504.54,254556.45,1448.0,-41.8,-1340.0,-638.2,419.47,175956.45,1298.2,S
43,2403.8,41.4,1436.75,912.42,832505.69,2362.4,-108.2,-4763.2,-1803.2,1401.05,1962933.95,4655.0,S
44,2493.0,114.6,1102.7,714.59,510636.45,2378.4,-305.4,-3130.3,-1388.65,750.16,562742.67,2824.9,S
45,746.6,11.3,470.4,203.35,41351.65,735.3,-73.2,-2529.9,-1170.75,752.6,566413.96,2456.7,S
46,2832.7,56.9,1781.6,853.34,728186.2,2775.8,-10.0,-1488.8,-757.9,499.72,249716.02,1478.8,S
47,1071.0,52.5,296.3,376.69,141895.07,1018.5,-48.4,-3803.1,-1457.4,1085.42,1178138.52,3754.7,S
48,3791.3,261.0,2095.2,1091.05,1190386.13,3530.3,-39.4,-11549.6,-981.5,4059.32,16478061.69,11510.2,S
49,3493.9,107.6,1315.7,1082.86,1172586.47,3386.3,-32.0,-3369.1,-1049.8,1131.69,1280726.59,3337.1,S
50,852.0,23.0,213.15,273.09,74579.8,829.0,-17.0,-3836.5,-1256.2,1316.84,1734066.54,3819.5,S
51,533.1,12.8,271.2,151.24,22874.79,520.3,-79.6,-2028.3,-1208.3,646.36,417776.42,1948.7,S
52,2619.3,275.9,1942.05,815.43,664933.59,2343.4,-133.7,-7951.0,-920.6,2607.61,6799606.14,7817.3,S
53,2047.7,144.9,1094.8,521.88,272357.76,1902.8,-68.1,-1044.5,-240.9,361.09,130387.67,976.4,S
54,2235.0,35.0,1160.1,704.96,496973.67,2200.0,-50.5,-4493.3,-1450.25,1572.3,2472139.25,4442.8,S
55,1385.6,14.8,755.6,519.91,270304.79,1370.8,-49.8,-4687.9,-1058.7,1407.81,1981916.85,4638.1,S
56,2034.8,85.4,395.4,772.97,597479.32,1949.4,-262.2,-4569.0,-2266.4,1076.98,1159883.31,4306.8,S
57,747.4,62.4,470.1,279.88,78334.88,685.0,-297.5,-7868.8,-3936.6,2510.76,6303901.27,7571.3,S
58,2555.6,294.8,669.9,821.31,674551.28,2260.8,-23.1,-2232.9,-778.3,672.21,451866.3,2209.8,S
59,1719.8,11.2,838.4,523.83,274401.59,1708.6,-814.3,-2919.2,-2151.85,740.14,547811.13,2104.9,S
60,0.0,0.0,0.0,0.0,0.0,0.0,-57.0,-2783.0,-641.8,742.9,551894.09,2726.0,S
61,2505.0,281.4,2136.1,808.71,654006.52,2223.6,-55.5,-4244.0,-1993.9,1216.39,1479611.64,4188.5,S
62,715.6,107.0,475.4,209.02,43689.1,608.6,-91.0,-2483.6,-1666.5,911.67,831148.07,2392.6,S
63,662.3,3.3,258.1,250.66,62828.58,659.0,-21.6,-4779.0,-1512.6,1457.24,2123534.19,4757.4,S
64,3897.6,48.6,1498.3,1475.8,2177977.05,3849.0,-47.9,-3509.5,-2056.1,1079.56,1165448.85,3461.6,S
65,1974.9,46.0,372.5,739.95,547523.72,1928.9,-107.6,-4210.0,-2843.9,1191.22,1419007.79,4102.4,S
66,833.7,139.1,509.75,247.84,61424.51,694.6,-152.9,-2226.1,-991.5,561.71,315518.12,2073.2,S
67,6340.6,85.2,1160.8,1733.58,3005282.79,6255.4,-327.1,-2805.9,-2064.95,994.27,988573.04,2478.8,S
68,1622.3,173.8,378.6,539.37,290922.68,1448.5,-54.3,-4976.5,-1570.5,1409.77,1987449.8,4922.2,S
69,2656.2,68.8,1476.4,825.05,680710.33,2587.4,-87.5,-6390.1,-990.4,2026.13,4105183.07,6302.6,S
70,265.4,51.0,230.0,93.84,8806.84,214.4,-74.0,-7239.4,-1614.7,2201.98,4848732.12,7165.4,S
71,915.2,92.1,566.9,258.63,66890.68,823.1,-239.1,-2432.3,-995.3,620.21,384666.01,2193.2,S
72,0.0,0.0,0.0,0.0,0.0,0.0,-43.4,-2930.1,-1225.5,710.74,505156.71,2886.7,S
73,4420.6,21.2,1604.7,1257.99,1582531.57,4399.4,-6.3,-1510.0,-1129.7,546.18,298311.61,1503.7,S
74,1325.2,100.9,880.8,344.52,118692.86,1224.3,-75.4,-1890.1,-1258.85,721.38,520391.08,1814.7,S
75,2138.4,110.2,1280.15,610.73,372992.03,2028.2,-61.2,-3602.8,-599.6,1115.64,1244655.53,3541.6,S
76,2394.0,16.2,1530.4,722.75,522363.54,2377.8,-104.1,-4553.4,-1863.0,1374.21,1888455.84,4449.3,S
77,2349.4,30.4,1378.0,709.16,502907.86,2319.0,-31.5,-3331.0,-1151.5,1093.96,1196743.44,3299.5,S
78,1377.7,25.6,827.2,435.99,190085.57,1352.1,-8.6,-3552.0,-1554.8,1168.57,1365554.38,3543.4,S
79,1589.4,4.1,378.7,608.48,370245.2,1585.3,-90.0,-6258.5,-1786.2,1855.17,3441671.28,6168.5,S
80,2294.0,20.8,765.2,805.45,648743.93,2273.2,-59.7,-6853.2,-1915.05,2192.99,4809195.75,6793.5,S
81,2458.6,3.0,819.3,851.23,724596.77,2455.6,-178.0,-4604.6,-2060.6,1506.76,2270321.14,4426.6,S
82,2811.7,41.1,1031.7,1110.52,1233252.74,2770.6,-59.8,-3665.1,-1245.4,1136.95,1292658.99,3605.3,S
83,5960.5,139.5,1632.7,2008.1,4032448.68,5821.0,-47.3,-3255.3,-1403.2,1095.83,1200846.14,3208.0,S
0,6045.4,162.4,1188.8,1875.28,3516690.24,5883.0,-451.9,-5652.4,-2929.0,1445.67,2089962.39,5200.5,H
1,2694.2,21.6,828.05,781.19,610251.77,2672.6,-243.1,-1768.2,-939.4,532.11,283141.3,1525.1,H
2,1412.2,25.1,180.45,445.5,198467.12,1387.1,-38.5,-3373.0,-1739.2,1046.36,1094875.61,3334.5,H
3,1794.2,45.7,883.5,542.11,293880.21,1748.5,-17.8,-2301.0,-500.75,749.56,561843.2,2283.2,H
4,3427.7,56.7,931.2,1166.53,1360781.25,3371.0,-106.2,-1041.0,-389.0,336.31,113104.79,934.8,H
5,4943.7,263.5,1155.25,1261.49,1591361.43,4680.2,-229.8,-3801.2,-1765.6,1025.6,1051860.17,3571.4,H
6,4932.4,74.4,2422.4,1553.55,2413521.05,4858.0,-232.0,-3030.6,-1427.95,725.97,527027.34,2798.6,H
7,3245.2,412.6,1680.15,953.27,908723.15,2832.6,-51.2,-3039.0,-491.7,966.84,934785.4,2987.8,H
8,2720.9,144.8,1083.1,836.43,699620.81,2576.1,-128.0,-3651.8,-2079.6,951.55,905453.5,3523.8,H
9,112.9,101.0,106.95,5.95,35.4,11.9,-7.2,-3326.8,-1307.8,877.72,770388.34,3319.6,H
10,4974.4,84.6,1214.6,1837.9,3377879.98,4889.8,-145.8,-971.6,-510.6,242.11,58618.8,825.8,H
11,2071.8,52.4,883.1,526.99,277716.86,2019.4,-34.2,-2279.0,-889.7,666.75,444561.46,2244.8,H
12,3782.0,3.0,151.1,1376.96,1896020.49,3779.0,-38.9,-3471.6,-383.8,1168.51,1365407.74,3432.7,H
13,2558.2,19.9,1394.0,844.09,712491.67,2538.3,-28.0,-3329.1,-2155.8,1065.91,1136161.08,3301.1,H
14,7917.4,988.4,4957.05,2551.81,6511720.14,6929.0,-165.0,-2795.8,-958.9,776.14,602388.57,2630.8,H
15,2469.1,44.8,636.9,769.13,591568.34,2424.3,-12.2,-1985.5,-167.35,615.04,378279.82,1973.3,H
16,2749.4,7.8,867.5,958.51,918747.14,2741.6,-232.7,-2848.5,-1737.2,789.49,623289.97,2615.8,H
17,3357.0,40.4,1853.3,1119.26,1252753.83,3316.6,-47.8,-1328.2,-512.1,440.13,193716.3,1280.4,H
18,4724.1,129.0,852.8,1297.22,1682770.71,4595.1,-66.0,-5188.2,-2069.2,2017.11,4068747.82,5122.2,H
19,5142.2,191.6,1688.05,2055.33,4224384.48,4950.6,-105.4,-3219.9,-1832.5,928.05,861284.89,3114.5,H
20,2019.0,379.0,1658.8,577.3,333273.06,1640.0,-95.3,-2729.0,-1897.15,810.78,657371.74,2633.7,H
21,4926.0,582.2,2311.5,1377.55,1897645.99,4343.8,-25.8,-2293.2,-1113.3,628.56,395088.99,2267.4,H
22,3397.8,819.2,2065.4,579.01,335251.39,2578.6,-824.2,-6056.6,-2109.4,1507.04,2271179.03,5232.4,H
23,2364.0,88.8,547.4,460.33,211902.63,2275.2,-214.3,-3487.9,-1413.9,1267.16,1605702.16,3273.6,H
24,868.8,393.8,753.7,195.38,38171.97,475.0,-198.9,-2495.9,-1242.7,579.38,335685.41,2297.0,H
25,2487.7,211.7,1025.35,747.91,559370.17,2276.0,-303.7,-3956.4,-1283.1,1021.06,1042555.59,3652.7,H
26,3587.0,243.1,2410.9,948.24,899150.2,3343.9,-204.8,-4720.0,-1130.9,1494.47,2233432.67,4515.2,H
27,5014.0,62.4,623.0,1667.74,2781350.36,4951.6,-111.1,-876.0,-266.5,219.29,48086.81,764.9,H
28,4483.8,46.6,2708.4,1633.1,2667026.19,4437.2,-53.3,-2956.1,-1072.9,923.16,852232.5,2902.8,H
29,736.6,57.7,345.6,198.43,39374.69,678.9,-62.0,-4590.4,-1603.25,1305.95,1705507.02,4528.4,H
30,2722.6,36.5,1319.05,798.84,638153.01,2686.1,-22.2,-5833.1,-1587.0,1857.05,3448641.88,5810.9,H
31,2159.1,162.0,557.65,607.36,368880.55,1997.1,-116.4,-5642.0,-2179.4,1665.32,2773282.98,5525.6,H
32,1141.5,697.8,959.8,182.13,33169.84,443.7,-92.6,-4939.9,-2339.6,1303.7,1699640.77,4847.3,H
33,8164.0,1.1,2181.55,2954.85,8731142.69,8162.9,-53.5,-1235.4,-673.8,403.43,162757.22,1181.9,H
34,1080.2,46.6,360.1,308.6,95236.73,1033.6,-38.8,-2895.1,-1256.9,742.78,551726.67,2856.3,H
35,12707.4,121.3,1364.5,3580.16,12817533.9,12586.1,-279.6,-12683.2,-2290.0,3915.34,15329902.75,12403.6,H
36,5804.7,292.6,1331.7,1931.25,3729744.99,5512.1,-766.8,-4619.4,-2929.05,1205.95,1454323.61,3852.6,H
37,3387.1,106.2,1679.75,1086.53,1180541.92,3280.9,-37.4,-3122.1,-1301.8,898.19,806739.46,3084.7,H
38,1796.7,79.1,980.55,493.85,243885.74,1717.6,-32.7,-2846.2,-1266.8,770.06,592987.12,2813.5,H
39,3461.3,101.2,1098.05,850.56,723460.14,3360.1,-958.8,-3648.4,-2524.65,923.62,853081.08,2689.6,H
40,4689.4,27.7,520.5,1492.33,2227055.29,4661.7,-40.8,-2407.2,-351.0,791.67,626736.37,2366.4,H
41,4659.6,117.4,3323.8,1639.94,2689402.14,4542.2,-82.3,-3608.4,-1765.6,905.23,819438.37,3526.1,H
42,3756.4,297.2,1289.3,979.79,959996.36,3459.2,-32.7,-2347.4,-921.8,738.9,545976.3,2314.7,S
43,2452.5,110.2,1266.2,477.99,228470.99,2342.3,-166.6,-1771.1,-541.35,625.41,391135.18,1604.5,S
44,1144.4,81.2,416.1,361.03,130342.81,1063.2,-42.8,-2614.6,-1454.55,726.22,527397.73,2571.8,S
45,2227.2,66.0,489.1,670.23,449211.26,2161.2,-49.6,-5884.6,-1176.5,2214.91,4905839.32,5835.0,S
46,5106.9,748.5,2127.4,1559.33,2431518.4,4358.4,-202.7,-3413.5,-1386.05,939.81,883243.87,3210.8,S
47,6091.0,132.2,905.05,2037.6,4151803.49,5958.8,-173.8,-5155.0,-2308.8,1629.08,2653905.05,4981.2,S
48,2577.8,224.3,1831.35,718.93,516859.06,2353.5,-32.8,-1677.0,-1316.8,550.85,303437.19,1644.2,S
49,794.3,31.1,404.4,222.25,49393.67,763.2,-117.6,-1491.8,-628.7,411.15,169041.35,1374.2,S
50,2634.7,10.9,826.2,757.44,573716.67,2623.8,-440.4,-2399.3,-1109.7,615.22,378491.64,1958.9,S
51,2939.6,65.0,924.3,896.87,804379.35,2874.6,-105.6,-1938.2,-1232.25,506.53,256570.8,1832.6,S
52,943.8,23.9,483.1,240.52,57851.18,919.9,-2.0,-854.8,-615.7,228.59,52254.2,852.8,S
53,3171.9,294.3,1616.2,870.17,757189.11,2877.6,-54.0,-2656.7,-1167.4,823.23,677704.49,2602.7,S
54,1255.0,80.4,342.0,305.7,93452.92,1174.6,-193.1,-2988.6,-643.8,817.45,668226.45,2795.5,S
55,3961.8,131.5,742.65,1340.2,1796147.24,3830.3,-173.5,-1643.2,-1064.7,473.63,224326.5,1469.7,S
56,1970.9,90.2,1070.1,522.6,273109.8,1880.7,-6.3,-4007.6,-1259.9,1466.04,2149271.22,4001.3,S
57,5330.6,17.8,503.6,1705.09,2907348.01,5312.8,-158.9,-1393.3,-709.3,346.93,120357.58,1234.4,S
58,3889.3,519.8,2728.35,1216.23,1479213.88,3369.5,-48.0,-2014.2,-1108.9,587.76,345456.57,1966.2,S
59,4224.8,94.4,2703.3,1498.72,2246154.89,4130.4,-157.0,-2029.1,-1523.4,633.29,401059.74,1872.1,S
60,1834.3,225.8,1367.6,526.59,277294.09,1608.5,-240.4,-3147.3,-1856.1,787.75,620544.93,2906.9,S
61,574.2,72.7,435.0,171.59,29442.88,501.5,-20.6,-4130.5,-959.4,1213.59,1472803.45,4109.9,S
62,1300.6,32.4,594.8,408.99,167274.42,1268.2,-229.5,-3598.5,-999.1,1308.79,1712920.51,3369.0,S
63,2331.6,0.8,964.7,847.84,718837.49,2330.8,-37.1,-2249.8,-467.6,641.92,412054.95,2212.7,S
64,1603.2,259.6,1161.4,465.62,216800.39,1343.6,-37.1,-2222.0,-1231.8,653.28,426780.6,2184.9,S
65,5155.1,7.9,1762.3,1911.74,3654759.38,5147.2,-111.4,-2895.2,-1196.25,832.7,693395.42,2783.8,S
66,3585.3,88.8,1593.75,1125.91,1267679.3,3496.5,-14.5,-3851.5,-3059.2,1358.05,1844311.94,3837.0,S
67,3074.4,85.7,1108.8,774.49,599834.21,2988.7,-269.0,-1522.3,-931.4,393.32,154701.65,1253.3,S
68,1850.8,99.5,742.5,500.0,249996.92,1751.3,-57.5,-3622.2,-342.6,1326.53,1759688.41,3564.7,S
69,4042.4,169.5,1335.4,1468.22,2155667.82,3872.9,-43.6,-2829.2,-1780.95,776.63,603149.88,2785.6,S
70,1430.6,139.2,358.6,395.9,156732.87,1291.4,-247.0,-2960.4,-1667.7,761.82,580371.91,2713.4,S
71,5863.3,218.4,2761.0,2059.47,4241410.84,5644.9,-97.7,-3469.3,-1394.7,809.94,655997.6,3371.6,S
72,2071.3,107.1,1064.35,662.19,438491.18,1964.2,-152.5,-4236.5,-559.45,1331.93,1774034.42,4084.0,S
73,3101.5,85.6,1348.3,886.41,785727.38,3015.9,-33.4,-2789.0,-1512.15,982.52,965347.44,2755.6,S
74,2979.6,28.7,1301.2,1174.56,1379585.5,2950.9,-6.8,-3212.4,-1878.4,948.69,900005.94,3205.6,S
75,1201.4,47.5,635.7,281.27,79114.48,1153.9,-11.8,-1872.0,-919.0,537.73,289157.76,1860.2,S
76,2060.8,140.5,963.5,479.14,229575.49,1920.3,-595.0,-3749.4,-2487.0,1103.3,1217264.34,3154.4,S
77,2535.4,347.6,1695.3,648.8,420943.11,2187.8,-225.4,-2487.2,-965.2,689.67,475651.2,2261.8,S
78,5281.6,138.8,1229.2,1944.81,3782276.38,5142.8,-31.8,-4568.3,-539.15,1606.58,2581100.14,4536.5,S
79,2432.3,27.5,828.25,630.14,397075.66,2404.8,-733.9,-2755.9,-2256.3,713.78,509476.88,2022.0,S
80,4437.8,59.5,1423.4,1416.48,2006412.25,4378.3,-843.7,-1488.8,-1151.5,290.44,84357.05,645.1,S
81,2910.0,147.4,2003.9,778.07,605387.48,2762.6,-584.2,-3413.0,-1981.1,907.75,824005.22,2828.8,S
82,2575.4,273.4,787.7,730.37,533446.22,2302.0,-109.3,-3926.6,-1554.2,1181.18,1395194.22,3817.3,S
83,2208.7,36.1,1017.45,633.45,401257.67,2172.6,-109.4,-4117.8,-1173.3,1103.84,1218473.76,4008.4,S
0,7581.6,34.4,639.85,2123.33,4508533.1,7547.2,-49.0,-10215.0,-1204.3,3541.82,12544461.11,10166.0,H
1,7023.6,38.4,1774.0,2117.93,4485614.68,6985.2,-264.9,-11257.4,-2875.4,3774.06,14243511.73,10992.5,H
2,3993.0,63.2,653.8,1261.41,1591143.47,3929.8,-45.4,-9674.8,-1294.3,3398.93,11552705.04,9629.4,H
3,6389.2,28.9,1900.45,2071.08,4289384.17,6360.3,-136.5,-8337.4,-2321.9,2465.07,6076558.46,8200.9,H
4,5428.1,42.4,3124.0,2061.72,4250703.61,5385.7,-4.1,-6327.7,-466.5,2022.69,4091289.92,6323.6,H
5,45200.0,39.5,646.0,15400.0,236000000.0,45200.0,-72.7,-38300.0,-6960.0,14800.0,219000000.0,38200.0,H
6,8036.3,5.2,1512.9,2585.43,6684439.58,8031.1,-163.7,-10479.8,-2548.05,2928.74,8577491.32,10316.1,H
7,6208.6,0.5,875.4,2227.7,4962664.52,6208.1,-1.1,-8005.1,-605.5,2634.47,6940411.65,8004.0,H
8,4477.1,64.9,934.75,1424.49,2029180.49,4412.2,-2.8,-6778.5,-1041.9,2182.88,4764951.5,6775.7,H
9,5928.0,8.6,270.6,1981.85,3927718.88,5919.4,-10.2,-9862.9,-876.75,3030.79,9185689.68,9852.7,H
10,6751.9,29.5,861.7,2374.56,5638512.74,6722.4,-8.9,-6703.8,-404.9,2637.63,6957100.74,6694.9,H
11,7145.9,50.0,816.35,2113.41,4466483.91,7095.9,-43.5,-11127.8,-2912.6,4205.48,17686034.15,11084.3,H
12,10083.7,88.2,1373.8,3416.21,11670502.96,9995.5,-65.0,-11524.5,-1012.65,3530.2,12462334.24,11459.5,H
13,3836.2,66.9,871.6,1268.54,1609186.84,3769.3,-12.5,-4132.7,-637.4,1495.99,2237990.89,4120.2,H
14,5016.4,6.4,1672.7,1782.74,3178147.88,5010.0,-2.0,-6079.1,-403.0,1762.17,3105236.33,6077.1,H
15,6689.9,21.1,782.9,2094.92,4388707.82,6668.8,-29.5,-8096.2,-283.55,3067.67,9410586.31,8066.7,H
16,7199.7,13.0,1557.0,2324.1,5401451.93,7186.7,-27.6,-7482.4,-957.75,2494.52,6222605.64,7454.8,H
17,5913.9,103.4,2755.5,2109.37,4449449.92,5810.5,-7.5,-5523.9,-615.2,1992.11,3968493.98,5516.4,H
18,8925.7,16.9,1830.3,2932.13,8597404.71,8908.8,-33.1,-7674.5,-2345.8,2453.56,6019979.73,7641.4,H
19,6261.9,29.6,2320.15,1789.25,3201413.06,6232.3,-91.4,-6410.6,-907.5,1939.66,3762275.26,6319.2,H
20,3414.6,102.7,1504.0,943.47,890126.75,3311.9,-198.6,-6755.8,-1252.65,2384.77,5687125.86,6557.2,H
21,4895.7,55.0,967.0,1606.38,2580463.12,4840.7,-5.2,-6970.3,-929.8,2326.01,5410303.01,6965.1,H
22,10934.4,48.0,307.9,3582.21,12832264.17,10886.4,-495.7,-11563.6,-5983.1,3479.52,12107029.84,11067.9,H
23,42100.0,36.6,1270.0,13200.0,175000000.0,42100.0,-121.0,-31400.0,-7240.0,11800.0,139000000.0,31300.0,H
24,4918.4,6.4,595.75,1520.5,2311911.0,4912.0,-40.4,-7078.5,-3041.05,2285.34,5222781.2,7038.1,H
25,6127.8,5.7,1088.0,1887.45,3562448.72,6122.1,-131.2,-6191.2,-1830.5,1920.31,3687584.94,6060.0,H
26,5066.4,14.1,786.6,1829.77,3348050.55,5052.3,-15.6,-5486.2,-1689.3,1549.22,2400083.93,5470.6,H
27,5752.7,33.4,1253.7,2040.79,4164820.98,5719.3,-35.8,-7253.7,-719.45,2092.45,4378351.85,7217.9,H
28,5380.2,14.0,1584.3,1988.32,3953427.43,5366.2,-4.0,-5293.2,-1437.65,1897.57,3600774.83,5289.2,H
29,5505.9,81.9,1595.95,1648.15,2716404.95,5424.0,-11.5,-8903.1,-420.5,2705.66,7320581.63,8891.6,H
30,6001.4,4.5,370.95,2222.69,4940341.64,5996.9,-77.0,-5714.0,-2015.45,1809.26,3273421.22,5637.0,H
31,5662.7,25.0,462.7,1836.96,3374429.72,5637.7,-235.2,-7743.2,-1347.6,2815.24,7925552.66,7508.0,H
32,4565.2,102.5,1120.6,1250.02,1562549.53,4462.7,-599.4,-6461.4,-3202.9,1782.32,3176676.27,5862.0,H
33,5247.4,165.7,1225.25,1786.43,3191323.48,5081.7,-32.6,-5615.1,-1489.5,1710.25,2924964.03,5582.5,H
34,8323.3,21.9,1186.0,2709.66,7342260.91,8301.4,-65.2,-8407.1,-1360.65,2947.57,8688145.25,8341.9,H
35,43200.0,143.0,2100.0,14700.0,217000000.0,43000.0,-31.7,-35100.0,-703.0,12500.0,156000000.0,35000.0,H
36,8306.0,13.0,2874.7,3018.81,9113236.44,8293.0,-26.3,-8002.0,-1489.6,2930.51,8587867.7,7975.7,H
37,10066.6,5.4,1099.9,3335.33,11124414.47,10061.2,-11.6,-7848.3,-1834.15,2234.78,4994220.42,7836.7,H
38,6180.3,187.5,2567.5,2220.63,4931219.29,5992.8,-90.4,-6862.4,-789.8,2235.22,4996191.39,6772.0,H
39,6897.0,5.3,2644.5,2367.06,5602975.34,6891.7,-53.7,-8991.0,-1951.6,2760.18,7618571.65,8937.3,H
40,5582.1,18.4,1499.0,1944.65,3781648.25,5563.7,-36.3,-5726.5,-1156.7,1575.83,2483251.78,5690.2,H
41,6226.5,183.9,2312.25,2041.07,4165971.03,6042.6,-25.5,-5957.7,-1736.3,1736.3,3014737.98,5932.2,H
42,2197.4,23.4,156.8,752.18,565775.82,2174.0,-8.4,-2428.4,-161.3,734.42,539378.78,2420.0,S
43,2466.5,89.3,455.5,586.01,343402.48,2377.2,-66.9,-1199.4,-622.5,392.19,153811.49,1132.5,S
44,2743.0,179.7,1583.55,761.69,580169.1,2563.3,-44.8,-4295.6,-286.9,1440.58,2075262.29,4250.8,S
45,2782.1,33.5,544.25,918.46,843560.95,2748.6,-277.2,-2928.8,-638.5,920.1,846580.42,2651.6,S
46,3095.6,41.7,457.4,1018.33,1037005.67,3053.9,-89.2,-1984.3,-322.2,619.26,383477.84,1895.1,S
47,2600.2,39.2,368.6,870.83,758342.48,2561.0,-15.9,-2844.2,-493.45,917.89,842520.15,2828.3,S
48,5660.6,93.8,1306.6,1708.27,2918185.0,5566.8,-10.5,-5502.1,-764.5,1710.24,2924922.32,5491.6,S
49,7782.3,111.5,673.8,2385.62,5691162.52,7670.8,-176.8,-5819.8,-1076.75,2146.64,4608065.68,5643.0,S
50,1040.6,33.5,347.1,354.44,125628.55,1007.1,-6.3,-3240.0,-329.2,1024.19,1048958.08,3233.7,S
51,1781.7,8.4,472.0,507.58,257633.67,1773.3,-21.0,-3197.1,-395.8,1069.84,1144556.38,3176.1,S
52,4152.2,112.8,1602.9,1516.51,2299812.28,4039.4,-43.6,-5668.0,-296.2,1741.6,3033184.48,5624.4,S
53,6437.9,16.6,1336.2,2017.52,4070399.33,6421.3,-8.4,-6756.3,-266.2,2153.31,4636736.66,6747.9,S
54,2830.6,20.5,629.1,1103.57,1217871.12,2810.1,-44.0,-1465.4,-646.4,411.1,169004.23,1421.4,S
55,2749.4,53.1,274.1,881.24,776590.33,2696.3,-24.4,-2127.9,-1120.8,681.9,464984.31,2103.5,S
56,3729.8,71.5,1117.7,1265.73,1602063.74,3658.3,-78.8,-5682.5,-416.75,1951.16,3807021.11,5603.7,S
57,1598.8,181.9,1062.25,535.48,286738.38,1416.9,-85.7,-2354.1,-497.3,629.45,396211.37,2268.4,S
58,1646.8,96.4,928.4,497.62,247630.5,1550.4,-40.0,-1396.8,-660.2,334.78,112078.1,1356.8,S
59,1490.1,66.0,202.6,410.96,168885.73,1424.1,-16.3,-1631.3,-953.4,460.67,212221.01,1615.0,S
60,1123.0,38.7,233.0,336.79,113424.58,1084.3,-11.0,-1221.5,-190.9,448.62,201255.92,1210.5,S
61,4228.4,23.5,546.4,1133.51,1284850.17,4204.9,-201.7,-4921.2,-1660.75,1759.87,3097155.13,4719.5,S
62,3913.2,192.9,1313.45,1113.9,1240774.63,3720.3,-106.6,-2854.0,-713.45,765.99,586734.57,2747.4,S
63,1712.3,15.2,194.8,478.32,228787.4,1697.1,-10.0,-3466.7,-443.85,1040.98,1083629.34,3456.7,S
64,1888.4,32.5,998.0,605.61,366765.83,1855.9,-5.6,-1745.2,-384.3,481.26,231610.27,1739.6,S
65,1865.4,31.1,155.4,640.3,409983.09,1834.3,-5.0,-1584.4,-556.1,589.77,347823.19,1579.4,S
66,3566.6,11.3,893.0,1342.1,1801245.4,3555.3,-19.2,-4520.2,-610.45,1211.6,1467977.64,4501.0,S
67,1674.1,24.0,121.1,578.67,334856.16,1650.1,-60.0,-2950.8,-214.1,900.94,811699.66,2890.8,S
68,2677.6,109.4,633.7,812.95,660893.58,2568.2,-12.7,-1259.1,-666.2,342.52,117318.33,1246.4,S
69,13012.9,34.7,254.6,4886.15,23874440.84,12978.2,-6.6,-11036.9,-324.8,3563.59,12699182.63,11030.3,S
70,4720.6,7.6,566.1,1555.2,2418631.66,4713.0,-30.5,-5673.4,-481.4,1921.88,3693617.51,5642.9,S
71,2110.4,50.5,884.1,747.54,558821.49,2059.9,-50.7,-2803.9,-521.2,698.02,487237.41,2753.2,S
72,4351.0,94.3,1260.9,1464.43,2144547.64,4256.7,-50.4,-3056.2,-327.3,997.6,995203.32,3005.8,S
73,4206.4,20.1,663.6,977.11,954746.86,4186.3,-1154.6,-4520.0,-2751.6,1095.22,1199508.87,3365.4,S
74,2142.9,2.6,571.8,731.33,534850.63,2140.3,-4.5,-2277.6,-428.75,646.51,417970.29,2273.1,S
75,11509.2,24.9,564.9,3752.01,14077572.25,11484.3,-91.5,-8628.5,-1599.4,2910.02,8468214.87,8537.0,S
76,3645.0,38.5,226.4,1248.14,1557848.7,3606.5,-17.3,-3143.3,-202.65,1087.83,1183373.06,3126.0,S
77,2982.7,1.4,638.5,999.67,999331.66,2981.3,-31.3,-2239.9,-176.0,742.72,551634.74,2208.6,S
78,3893.8,21.9,651.2,1420.87,2018877.58,3871.9,-15.0,-2817.4,-891.4,881.73,777456.42,2802.4,S
79,3457.2,48.4,733.45,1244.62,1549077.88,3408.8,-89.1,-3067.5,-863.0,909.51,827200.93,2978.4,S
80,3335.8,12.3,229.5,1224.27,1498832.07,3323.5,-17.9,-3962.5,-509.9,1339.05,1793066.54,3944.6,S
81,4361.2,24.1,742.1,1530.92,2343724.29,4337.1,-53.2,-4366.6,-699.35,1246.93,1554842.48,4313.4,S
82,2561.6,39.4,696.2,759.45,576763.07,2522.2,-64.4,-1961.2,-620.1,569.57,324407.65,1896.8,S
83,3526.2,155.0,1080.8,1032.28,1065610.2,3371.2,-6.4,-4506.2,-1000.05,1216.53,1479933.54,4499.8,S
0,1524.0,4.6,268.0,513.35,263523.95,1519.4,-44.2,-770.6,-236.35,165.96,27543.56,726.4,H
1,1831.0,51.8,698.6,500.09,250094.92,1779.2,-117.4,-2138.0,-449.3,449.01,201609.95,2020.6,H
2,1054.3,2.4,405.5,330.09,108959.55,1051.9,-90.7,-1999.5,-550.35,549.96,302454.76,1908.8,H
3,3162.9,54.0,1064.35,1032.71,1066489.23,3108.9,-18.0,-3069.0,-884.0,1094.86,1198711.3,3051.0,H
4,5366.1,66.4,1099.2,1660.2,2756274.24,5299.7,-282.8,-2597.2,-2228.4,915.62,838356.8,2314.4,H
5,5256.2,0.4,403.6,1473.85,2172225.55,5255.8,-34.0,-5029.8,-167.9,1634.58,2671867.21,4995.8,H
6,1952.1,182.8,1258.0,471.05,221891.84,1769.3,-187.6,-1732.7,-722.8,442.32,195650.98,1545.1,H
7,2100.4,87.2,810.0,749.68,562023.2,2013.2,-35.2,-1409.2,-731.7,364.36,132761.14,1374.0,H
8,2490.8,4.2,472.2,838.43,702969.56,2486.6,-18.8,-1035.2,-615.8,325.51,105956.47,1016.4,H
9,1482.0,23.6,652.35,438.29,192100.26,1458.4,-4.5,-2963.6,-381.0,957.35,916526.49,2959.1,H
10,3564.3,251.8,1409.2,1097.68,1204911.99,3312.5,-524.5,-2256.6,-1409.9,562.1,315954.71,1732.1,H
11,1295.4,2.3,550.2,371.63,138108.16,1293.1,-90.0,-1817.2,-395.4,668.39,446748.53,1727.2,H
12,2211.4,4.0,976.1,822.33,676234.72,2207.4,-14.1,-1255.7,-296.45,312.56,97694.9,1241.6,H
13,1570.4,31.5,415.65,459.11,210784.72,1538.9,-93.7,-902.0,-471.3,277.7,77119.66,808.3,H
14,1667.9,43.0,767.4,458.79,210485.17,1624.9,-122.6,-636.2,-279.6,163.59,26761.58,513.6,H
15,570.1,3.0,343.7,170.59,29101.16,567.1,-41.3,-1234.0,-669.7,388.66,151053.53,1192.7,H
16,1773.6,15.4,689.65,500.47,250467.39,1758.2,-314.4,-2200.7,-1490.0,559.05,312532.27,1886.3,H
17,1827.0,55.4,1013.6,535.54,286802.26,1771.6,-20.1,-3293.6,-1210.1,1163.08,1352758.08,3273.5,H
18,2033.0,52.5,1161.0,655.83,430108.44,1980.5,-77.4,-1695.5,-525.8,455.94,207881.73,1618.1,H
19,1013.0,6.9,317.15,344.19,118469.21,1006.1,-22.4,-2155.4,-512.6,606.05,367293.64,2133.0,H
20,1107.5,26.7,427.15,314.04,98622.76,1080.8,-122.5,-1901.2,-1075.4,452.6,204849.58,1778.7,H
21,1949.2,101.8,1134.45,579.35,335652.08,1847.4,-36.5,-868.9,-383.7,314.98,99213.7,832.4,H
22,2692.4,24.5,408.2,802.63,644221.05,2667.9,-29.6,-1010.3,-395.4,236.82,56081.84,980.7,H
23,876.9,34.6,435.6,214.36,45948.19,842.3,-27.6,-1106.3,-254.05,353.68,125087.93,1078.7,H
24,1766.0,34.4,617.3,438.63,192395.69,1731.6,-88.5,-969.8,-315.9,288.66,83327.44,881.3,H
25,2038.5,174.4,464.2,529.82,280708.94,1864.1,-45.0,-2777.2,-700.9,901.36,812452.13,2732.2,H
26,1266.8,47.9,671.0,376.58,141815.13,1218.9,-87.7,-1951.6,-471.75,574.72,330306.02,1863.9,H
27,1888.6,2.0,608.5,578.8,335008.29,1886.6,-31.0,-1334.5,-452.5,441.53,194945.91,1303.5,H
28,1961.4,107.4,832.5,561.96,315801.49,1854.0,-16.9,-153.2,-85.05,68.15,4644.42,136.3,H
29,2297.5,24.8,500.3,671.04,450292.78,2272.7,-143.8,-1390.8,-529.8,422.04,178118.44,1247.0,H
30,3972.4,45.0,1426.8,1186.97,1408890.04,3927.4,-20.0,-2716.4,-430.5,936.85,877695.47,2696.4,H
31,1677.2,0.6,455.4,416.13,173168.33,1676.6,-106.7,-1439.8,-291.2,389.55,151752.5,1333.1,H
32,1865.2,3.1,939.6,535.31,286553.84,1862.1,-54.3,-723.6,-397.9,182.28,33226.84,669.3,H
33,871.2,4.5,365.8,305.69,93447.49,866.7,-28.5,-611.3,-248.45,121.68,14806.2,582.8,H
34,4041.3,98.0,612.85,1258.24,1583155.48,3943.3,-47.3,-683.9,-286.4,160.37,25720.1,636.6,H
35,2640.6,151.8,852.25,539.93,291529.28,2488.8,-34.3,-1457.7,-527.2,486.92,237086.94,1423.4,H
36,3147.4,42.0,1609.05,1180.69,1394036.77,3105.4,-71.5,-1879.2,-762.2,535.73,287003.21,1807.7,H
37,4939.8,328.4,2599.7,1466.38,2150265.56,4611.4,-62.0,-1775.6,-975.9,415.53,172669.03,1713.6,H
38,1118.3,31.7,564.2,329.85,108804.21,1086.6,-64.0,-1775.0,-760.5,483.19,233467.97,1711.0,H
39,1667.0,62.8,539.15,543.76,295679.38,1604.2,-64.6,-777.2,-354.3,171.82,29523.51,712.6,H
40,1329.8,10.3,175.7,317.95,101091.97,1319.5,-19.5,-733.1,-467.9,238.19,56732.56,713.6,H
41,1253.1,34.0,460.5,332.02,110238.98,1219.1,-40.8,-893.1,-330.25,319.91,102345.28,852.3,H
42,813.0,14.1,128.4,283.79,80538.97,798.9,-29.4,-1123.1,-271.8,284.36,80863.07,1093.7,S
43,1493.3,198.2,903.55,446.27,199156.66,1295.1,-99.7,-1085.2,-295.0,298.0,88802.34,985.5,S
44,2466.4,14.3,497.0,832.74,693462.98,2452.1,-42.0,-830.2,-149.6,234.26,54876.4,788.2,S
45,2706.2,156.0,1032.3,796.57,634530.38,2550.2,-32.7,-2876.2,-436.7,969.7,940325.97,2843.5,S
46,1030.0,83.2,329.0,279.33,78027.78,946.8,-30.2,-485.6,-276.0,126.13,15909.1,455.4,S
47,733.2,51.9,531.4,159.53,25451.01,681.3,-70.2,-647.9,-484.25,204.38,41772.72,577.7,S
48,3046.9,4.1,335.2,972.77,946287.61,3042.8,-59.4,-1576.7,-882.95,525.3,275944.06,1517.3,S
49,914.4,26.1,437.2,237.92,56606.4,888.3,-98.3,-105.6,-101.95,3.65,13.32,7.3,S
50,2652.8,2.4,681.3,713.68,509333.67,2650.4,-95.4,-1514.0,-925.6,475.62,226210.64,1418.6,S
51,807.6,2.0,409.1,227.1,51574.12,805.6,-89.0,-1401.2,-339.0,444.38,197477.47,1312.2,S
52,2525.9,40.8,292.5,898.57,807433.91,2485.1,-6.5,-1917.8,-596.7,625.99,391867.83,1911.3,S
53,526.3,40.3,381.4,167.35,28005.12,486.0,-63.2,-985.5,-495.7,299.37,89620.0,922.3,S
54,580.7,3.3,235.9,179.47,32208.51,577.4,-1.3,-418.1,-160.2,146.08,21338.42,416.8,S
55,2451.1,25.7,710.1,804.22,646765.64,2425.4,-8.4,-2265.6,-591.5,721.2,520132.35,2257.2,S
56,3579.5,37.6,585.2,1124.71,1264983.02,3541.9,-115.2,-1325.0,-545.2,480.42,230805.44,1209.8,S
57,1916.0,65.1,721.4,624.1,389500.0,1850.9,-21.4,-1188.0,-502.05,312.04,97371.28,1166.6,S
58,813.8,51.1,267.0,228.24,52095.11,762.7,-3.6,-734.3,-467.75,265.73,70612.17,730.7,S
59,958.3,31.1,201.4,316.98,100474.47,927.2,-63.7,-1286.4,-584.55,301.74,91047.4,1222.7,S
60,1034.8,38.2,662.1,326.57,106649.05,996.6,-89.1,-1089.5,-589.0,305.74,93476.92,1000.4,S
61,3473.5,12.6,1523.8,1046.2,1094538.87,3460.9,-141.1,-1225.9,-444.0,329.36,108480.12,1084.8,S
62,720.4,173.6,358.8,177.23,31412.11,546.8,-3.8,-469.6,-72.9,143.27,20527.24,465.8,S
63,1583.4,4.4,139.5,498.06,248067.72,1579.0,-24.9,-1054.4,-292.55,344.25,118504.81,1029.5,S
64,2320.9,32.0,182.9,700.36,490508.29,2288.9,-33.6,-1346.5,-1060.6,457.74,209530.12,1312.9,S
65,1917.1,16.1,1115.6,564.04,318146.19,1901.0,-22.4,-1389.5,-194.2,480.44,230825.18,1367.1,S
66,3407.8,120.3,2263.9,1212.1,1469198.29,3287.5,-97.0,-1597.0,-369.2,389.84,151974.42,1500.0,S
67,2633.0,142.8,2053.05,783.22,613430.25,2490.2,-85.8,-1059.3,-612.2,276.88,76662.83,973.5,S
68,424.2,38.4,140.75,113.86,12964.43,385.8,-11.3,-466.6,-256.8,135.83,18448.86,455.3,S
69,2647.7,1.3,562.0,910.34,828712.89,2646.4,-16.5,-1390.1,-452.2,460.39,211963.35,1373.6,S
70,3448.3,1.6,332.4,1175.31,1381350.61,3446.7,-5.6,-1686.1,-87.95,579.49,335803.72,1680.5,S
71,3486.4,16.2,1829.5,1301.39,1693610.3,3470.2,-42.1,-2382.2,-361.75,693.12,480417.9,2340.1,S
72,5828.3,344.1,2051.1,1628.41,2651720.91,5484.2,-64.4,-1246.8,-709.3,309.5,95790.05,1182.4,S
73,359.9,9.0,80.2,134.5,18089.15,350.9,-33.5,-598.8,-246.15,143.89,20705.39,565.3,S
74,243.1,13.2,132.55,61.44,3775.29,229.9,-13.9,-306.6,-122.1,86.32,7450.69,292.7,S
75,959.2,38.6,645.65,339.39,115183.71,920.6,-12.7,-826.8,-304.4,235.53,55474.2,814.1,S
76,906.8,3.4,197.45,243.41,59249.1,903.4,-16.0,-202.7,-98.3,69.54,4836.37,186.7,S
77,508.1,12.9,104.9,184.67,34104.82,495.2,-49.4,-957.5,-410.3,218.4,47700.01,908.1,S
78,2014.6,16.1,147.7,681.6,464576.44,1998.5,-7.9,-1620.3,-302.6,600.93,361122.37,1612.4,S
79,3352.5,5.9,946.7,1182.34,1397933.27,3346.6,-4.9,-1387.8,-330.8,376.17,141504.82,1382.9,S
80,1426.2,0.4,192.2,435.71,189842.87,1425.8,-11.6,-645.9,-547.35,237.08,56207.89,634.3,S
81,3429.0,42.3,1181.1,1188.88,1413447.35,3386.7,-33.8,-1270.8,-441.7,346.93,120360.28,1237.0,S
82,1403.2,56.5,750.2,382.83,146562.13,1346.7,-138.6,-1113.6,-770.95,326.86,106834.22,975.0,S
83,1154.1,220.1,827.0,343.68,118119.02,934.0,-100.0,-1357.2,-368.65,343.68,118115.7,1257.2,S
0,2555.4,33.0,427.5,876.92,768985.25,2522.4,-168.5,-3852.6,-2261.35,1220.26,1489033.15,3684.1,H
1,4073.5,170.0,1828.55,1353.13,1830972.13,3903.5,-486.3,-3620.0,-938.1,1040.46,1082566.74,3133.7,H
2,5236.7,79.4,1377.6,1365.11,1863520.16,5157.3,-136.0,-10352.5,-962.2,3000.21,9001284.32,10216.5,H
3,20149.6,80.9,822.8,7322.47,53618510.83,20068.7,-26.6,-13541.0,-1205.5,4644.51,21571428.88,13514.4,H
4,7390.0,207.0,4300.0,2640.0,6990000.0,7180.0,-384.0,-51500.0,-6300.0,15200.0,231000000.0,51100.0,H
5,18117.9,131.7,832.6,5719.0,32707011.66,17986.2,-53.8,-13682.9,-2463.4,4650.69,21628874.16,13629.1,H
6,3554.6,39.5,1108.2,1306.78,1707677.26,3515.1,-165.0,-3076.4,-1081.9,818.3,669622.37,2911.4,H
7,34600.0,482.0,3310.0,9950.0,99000000.0,34100.0,-95.1,-105000.0,-3860.0,33600.0,1130000000.0,105000.0,H
8,6989.6,228.0,1310.65,2023.06,4092772.13,6761.6,-9.5,-8094.8,-4540.0,2488.46,6192437.05,8085.3,H
9,4529.4,16.0,590.4,1355.39,1837074.79,4513.4,-33.6,-10724.8,-2639.3,3971.23,15770632.74,10691.2,H
10,169000.0,3670.0,69500.0,59100.0,3490000000.0,165000.0,-169.0,-78100.0,-8390.0,25300.0,638000000.0,77900.0,H
11,2257.8,38.3,554.55,686.23,470908.07,2219.5,-69.1,-3675.0,-1196.7,1257.4,1581055.32,3605.9,H
12,8257.2,720.0,4854.8,2690.79,7240344.44,7537.2,-80.0,-3200.8,-1544.8,837.93,702132.53,3120.8,H
13,140000.0,152.0,3130.0,57900.0,3360000000.0,140000.0,-517.0,-98800.0,-2020.0,35400.0,1250000000.0,98300.0,H
14,6406.0,151.8,3221.5,2192.03,4805013.47,6254.2,-25.8,-2937.0,-1967.45,707.08,499956.63,2911.2,H
15,984.4,4.5,269.2,302.86,91723.4,979.9,-55.3,-2015.9,-328.0,751.17,564258.91,1960.6,H
16,2052.9,324.2,745.7,529.97,280869.26,1728.7,-405.4,-4606.2,-2475.15,1214.65,1475363.77,4200.8,H
17,8650.3,108.6,5102.2,2835.6,8040633.93,8541.7,-56.8,-3780.4,-1294.85,1040.99,1083657.51,3723.6,H
18,66400.0,56.0,980.0,22900.0,524000000.0,66300.0,-19.2,-63000.0,-892.0,25500.0,651000000.0,63000.0,H
19,5132.7,265.9,3050.2,1646.21,2709999.52,4866.8,-33.2,-1581.7,-527.0,486.47,236651.45,1548.5,H
20,15712.8,73.4,4075.4,5594.48,31298260.23,15639.4,-90.5,-22646.0,-1584.7,6716.75,45114690.74,22555.5,H
21,2197.0,50.7,540.6,631.53,398833.73,2146.3,-65.2,-4555.7,-534.8,1381.81,1909386.06,4490.5,H
22,3039.4,301.9,1902.2,986.76,973691.49,2737.5,-113.6,-5309.5,-2255.8,1817.44,3303099.47,5195.9,H
23,9999.4,839.0,1629.1,3229.26,10428101.64,9160.4,-13.1,-2032.8,-1204.5,551.27,303899.84,2019.7,H
24,17690.4,15.4,2814.9,6326.33,40022498.65,17675.0,-11.7,-14183.0,-1241.4,3943.38,15550234.6,14171.3,H
25,3642.3,194.3,888.6,1210.93,1466339.55,3448.0,-20.1,-2518.2,-534.55,593.77,352562.54,2498.1,H
26,258000.0,473.0,157000.0,99900.0,9980000000.0,257000.0,-211.0,-249000.0,-1190.0,73500.0,5400000000.0,249000.0,H
27,3432.8,88.6,1082.7,966.79,934686.61,3344.2,-12.1,-1877.0,-505.0,564.11,318220.49,1864.9,H
28,5921.9,217.6,2386.3,1824.32,3328159.08,5704.3,-32.2,-4585.9,-956.5,1404.55,1972772.9,4553.7,H
29,75800.0,392.0,1930.0,26400.0,700000000.0,75400.0,-519.0,-76800.0,-1580.0,27000.0,731000000.0,76300.0,H
30,130000.0,104.0,4570.0,46700.0,2180000000.0,130000.0,-222.0,-128000.0,-2830.0,46900.0,2200000000.0,127000.0,H
31,3937.5,92.5,1108.1,1254.98,1574964.38,3845.0,-82.4,-3363.5,-1663.85,1118.22,1250420.5,3281.1,H
32,803.3,1.6,572.6,283.16,80178.24,801.7,-23.2,-3370.7,-877.55,846.0,715721.87,3347.5,H
33,11206.8,10.4,1738.6,4007.96,16063775.48,11196.4,-306.4,-4336.6,-1007.8,1416.76,2007218.5,4030.2,H
34,114000.0,1010.0,24400.0,43200.0,1860000000.0,113000.0,-166.0,-96400.0,-3150.0,33400.0,1110000000.0,96200.0,H
35,12502.8,33.9,6569.55,4171.25,17399316.18,12468.9,-473.8,-5787.3,-1030.0,1304.96,1702926.44,5313.5,H
36,2527.9,2.5,865.3,646.56,418040.88,2525.4,-2.2,-329.2,-121.2,103.47,10705.69,327.0,H
37,2222.0,187.4,1415.9,733.11,537450.22,2034.6,-177.9,-2241.4,-531.5,630.3,397279.48,2063.5,H
38,20847.8,767.0,7288.0,6535.96,42718821.64,20080.8,-178.2,-23778.7,-3880.1,7064.58,49908290.46,23600.5,H
39,5154.8,37.0,2547.6,1773.48,3145215.26,5117.8,-109.8,-3302.6,-1014.7,939.63,882907.16,3192.8,H
40,3280.4,32.7,1910.9,1073.26,1151883.52,3247.7,-0.3,-6353.9,-581.8,2267.66,5142279.12,6353.6,H
41,8931.9,260.5,2115.3,2570.46,6607280.0,8671.4,-732.0,-12373.4,-3127.6,3483.7,12136179.93,11641.4,H
42,842.2,11.4,168.6,286.3,81967.96,830.8,-13.5,-3393.0,-1251.9,904.89,818830.23,3379.5,S
43,27500.0,21.7,993.0,7520.0,56600000.0,27500.0,-194.0,-37900.0,-6540.0,14600.0,214000000.0,37700.0,S
44,3868.0,68.4,1723.0,1026.66,1054038.26,3799.6,-139.8,-10113.0,-935.65,3207.95,10290968.21,9973.2,S
45,2429.1,103.4,672.75,737.23,543509.25,2325.7,-33.4,-2425.4,-1099.7,713.71,509380.08,2392.0,S
46,1707.5,28.3,1560.6,458.74,210444.88,1679.2,-231.2,-3248.7,-1295.95,733.69,538296.82,3017.5,S
47,19400.0,1890.0,8740.0,5840.0,34100000.0,17500.0,-422.0,-59700.0,-5430.0,22000.0,485000000.0,59300.0,S
48,242.1,18.7,132.75,70.07,4909.39,223.4,-6.2,-1888.1,-461.1,500.52,250518.57,1881.9,S
49,939.6,116.9,270.2,256.15,65610.78,822.7,-57.1,-616.8,-304.05,173.84,30218.72,559.7,S
50,9792.8,1.8,1675.75,3494.98,12214885.47,9791.0,-20.0,-8027.7,-1269.0,2618.82,6858237.34,8007.7,S
51,6424.6,1789.0,3519.2,1255.15,1575402.6,4635.6,-211.6,-14092.2,-992.5,4171.23,17399134.88,13880.6,S
52,6359.3,92.5,2751.5,2147.52,4611821.86,6266.8,-253.8,-3267.8,-1047.2,863.42,745486.96,3014.0,S
53,2357.6,96.2,597.4,657.34,432090.67,2261.4,-11.8,-3156.2,-1264.2,1210.65,1465673.68,3144.4,S
54,743.0,33.8,412.95,245.75,60394.98,709.2,-181.8,-1939.4,-468.1,560.1,313706.48,1757.6,S
55,867.8,22.8,246.8,251.64,63322.17,845.0,-16.2,-562.0,-116.7,154.03,23724.36,545.8,S
56,1350.6,64.2,922.4,444.4,197492.09,1286.4,-48.0,-1458.2,-1064.1,452.65,204889.29,1410.2,S
57,3138.6,641.6,2319.3,910.65,829289.15,2497.0,-57.9,-3330.8,-1503.9,873.33,762704.46,3272.9,S
58,1382.4,86.2,626.1,443.83,196987.67,1296.2,-41.4,-921.2,-417.2,262.88,69105.87,879.8,S
59,5628.6,259.1,1902.0,1535.73,2358459.74,5369.5,-874.5,-3734.2,-2925.7,1068.6,1141906.19,2859.7,S
60,0.0,0.0,0.0,0.0,0.0,0.0,-433.4,-2628.6,-1890.8,564.5,318662.67,2195.2,S
61,1641.6,28.0,383.8,486.22,236414.32,1613.6,-22.7,-3014.8,-743.8,1117.04,1247781.41,2992.1,S
62,2476.6,106.4,1075.7,883.54,780636.98,2370.2,-750.4,-3992.8,-2204.0,801.91,643058.37,3242.4,S
63,1733.9,27.0,509.3,476.38,226934.55,1706.9,-224.5,-2241.8,-1621.15,790.59,625029.6,2017.3,S
64,4879.0,131.2,1156.3,1686.22,2843330.08,4747.8,-1.2,-1897.1,-528.3,531.33,282306.78,1895.9,S
65,3413.1,14.1,799.9,1243.06,1545200.52,3399.0,-109.8,-2159.3,-1217.0,630.57,397620.96,2049.5,S
66,2256.1,16.8,1546.95,830.17,689186.01,2239.3,-34.3,-1937.5,-901.2,559.88,313469.96,1903.2,S
67,8470.7,109.7,5124.5,2773.49,7692240.66,8361.0,-389.2,-3530.2,-1635.15,869.21,755524.02,3141.0,S
68,2335.8,80.9,1761.2,665.04,442275.98,2254.9,-329.2,-2706.3,-899.2,750.2,562802.53,2377.1,S
69,1302.3,448.5,1127.1,348.51,121459.08,853.8,-262.0,-2166.3,-1124.3,526.24,276933.03,1904.3,S
70,1508.0,18.3,501.3,451.83,204151.69,1489.7,-97.2,-932.2,-258.4,251.65,63327.1,835.0,S
71,4208.1,18.3,2009.85,1485.51,2206747.7,4189.8,-81.1,-2397.9,-530.8,708.36,501775.91,2316.8,S
72,2662.2,0.8,505.7,753.89,568351.42,2661.4,-45.6,-2027.7,-154.55,728.09,530115.17,1982.1,S
73,3978.8,16.5,269.2,1287.38,1657342.03,3962.3,-96.6,-973.0,-398.8,256.46,65770.71,876.4,S
74,721.0,30.0,501.9,219.53,48192.49,691.0,-101.5,-1284.3,-748.6,278.06,77316.51,1182.8,S
75,292.7,229.9,261.3,31.4,985.96,62.8,-18.9,-2516.5,-1119.3,716.3,513085.61,2497.6,S
76,1271.0,22.1,763.8,397.15,157728.03,1248.9,-13.4,-1580.2,-730.8,437.48,191387.44,1566.8,S
77,341.2,138.0,192.3,85.9,7378.88,203.2,-1.1,-2508.9,-1525.0,698.2,487477.33,2507.8,S
78,1929.3,59.1,656.55,592.8,351411.48,1870.2,-5.6,-1054.8,-478.4,318.07,101171.63,1049.2,S
79,1024.5,67.0,430.0,316.94,100451.19,957.5,-105.5,-921.0,-649.15,281.17,79058.82,815.5,S
80,6258.0,257.6,3915.6,2061.52,4249851.45,6000.4,-774.0,-30490.4,-3277.05,9127.45,83310389.08,29716.4,S
81,6473.8,126.2,2929.4,2218.53,4921873.92,6347.6,-52.1,-1624.8,-827.65,435.43,189596.63,1572.7,S
82,76000.0,11.6,210.0,25800.0,665000000.0,76000.0,-15.8,-58800.0,-2710.0,20600.0,424000000.0,58800.0,S
83,5696.4,324.8,3123.1,1798.55,3234796.68,5371.6,-203.6,-7490.4,-1313.15,2399.23,5756294.29,7286.8,S
0,2073.9,14.6,585.5,683.69,467429.6,2059.3,-8.9,-2379.0,-607.85,674.68,455192.4,2370.1,H
1,3247.0,15.4,319.3,1188.82,1413293.51,3231.6,-5.8,-2193.9,-421.8,798.09,636944.23,2188.1,H
2,1364.2,20.0,181.1,447.15,199943.1,1344.2,-38.4,-2356.3,-273.15,766.45,587439.19,2317.9,H
3,1027.0,30.8,123.8,308.32,95062.36,996.2,-79.0,-2053.3,-580.2,676.02,457004.25,1974.3,H
4,1465.4,15.1,940.7,524.76,275377.11,1450.3,-15.1,-1649.6,-747.4,494.56,244586.92,1634.5,H
5,11467.7,98.3,1610.0,3706.48,13738001.54,11369.4,-64.5,-785.1,-299.4,211.91,44904.41,720.6,H
6,6224.5,4.5,867.05,2084.08,4343387.3,6220.0,-39.7,-2150.9,-281.0,783.46,613810.69,2111.2,H
7,849.4,48.6,449.3,216.41,46831.39,800.8,-58.6,-1477.4,-532.7,458.86,210549.34,1418.8,H
8,4428.6,58.9,676.9,1659.2,2752943.06,4369.7,-29.4,-2009.4,-926.35,711.41,506108.13,1980.0,H
9,1541.1,38.1,368.2,513.92,264118.67,1503.0,-60.2,-951.4,-384.3,263.5,69432.46,891.2,H
10,1574.9,145.0,807.3,340.17,115716.8,1429.9,-128.6,-2359.2,-721.3,790.63,625103.52,2230.6,H
11,742.8,11.0,606.4,202.94,41183.76,731.8,-11.8,-1616.5,-717.2,513.37,263547.58,1604.7,H
12,155.2,10.8,72.4,47.94,2298.07,144.4,-35.9,-464.1,-195.75,123.67,15294.26,428.2,H
13,605.2,4.0,115.3,225.07,50655.66,601.2,-11.6,-1283.2,-103.6,415.43,172579.12,1271.6,H
14,2566.6,17.9,921.8,846.57,716677.78,2548.7,-28.4,-891.7,-206.05,290.49,84385.53,863.3,H
15,1220.6,7.1,552.2,354.95,125988.68,1213.5,-14.6,-763.4,-391.35,255.75,65406.38,748.8,H
16,2073.1,45.2,503.8,717.03,514134.46,2027.9,-72.2,-1002.0,-669.6,278.96,77818.72,929.8,H
17,1019.6,11.7,363.8,283.0,80091.66,1007.9,-15.0,-1844.9,-559.7,569.24,324030.1,1829.9,H
18,3392.2,170.2,778.8,1025.69,1052049.85,3222.0,-0.5,-4598.0,-1545.85,1790.54,3206019.34,4597.5,H
19,1593.6,27.8,784.2,495.11,245138.57,1565.8,-164.2,-3670.0,-1504.8,1158.76,1342734.33,3505.8,H
20,5602.2,17.8,1445.4,1685.74,2841710.99,5584.4,-83.5,-2493.8,-946.5,707.85,501053.39,2410.3,H
21,2142.8,1.9,876.6,767.38,588874.61,2140.9,-40.9,-2017.2,-1066.65,679.12,461207.16,1976.3,H
22,3784.9,48.0,1138.85,1289.56,1662959.01,3736.9,-72.0,-3186.7,-2338.3,887.58,787802.76,3114.7,H
23,12207.8,20.5,1429.6,4224.05,17842591.69,12187.3,-81.6,-5009.7,-1224.1,1363.14,1858141.31,4928.1,H
24,5912.9,27.5,3060.6,2067.23,4273447.18,5885.4,-122.8,-3836.0,-721.4,1027.55,1055862.02,3713.2,H
25,3836.8,309.4,1103.3,1105.96,1223152.54,3527.4,-88.0,-3175.8,-321.6,1141.65,1303375.44,3087.8,H
26,7921.8,233.3,4305.4,2518.67,6343679.86,7688.5,-48.3,-2696.8,-374.95,817.14,667711.75,2648.5,H
27,2619.0,185.2,1329.55,824.94,680525.17,2433.8,-102.7,-1463.6,-830.3,430.01,184911.68,1360.9,H
28,1886.7,10.1,462.1,529.24,280091.39,1876.6,-103.1,-1998.4,-809.5,534.82,286031.64,1895.3,H
29,3227.5,116.4,1765.1,931.12,866982.95,3111.1,-198.3,-1935.4,-598.2,598.61,358328.51,1737.1,H
30,5029.4,244.6,2095.5,1382.0,1909931.69,4784.8,-140.8,-1798.3,-696.8,529.25,280107.3,1657.5,H
31,3895.8,114.8,1026.55,1131.46,1280212.16,3781.0,-234.6,-2438.5,-1296.5,712.48,507629.95,2203.9,H
32,2772.0,50.9,773.1,933.42,871269.7,2721.1,-62.2,-961.6,-625.45,285.3,81395.09,899.4,H
33,2760.5,12.0,742.4,874.99,765605.94,2748.5,-13.2,-2322.0,-1008.55,852.01,725917.73,2308.8,H
34,3222.0,38.3,1858.65,1046.83,1095862.54,3183.7,-61.4,-2111.6,-1251.5,748.65,560478.73,2050.2,H
35,6154.4,36.0,548.85,1912.23,3656614.99,6118.4,-33.9,-2457.5,-602.3,629.56,396346.95,2423.6,H
36,2663.2,16.0,1526.25,833.18,694194.16,2647.2,-23.4,-1991.1,-876.0,564.89,319103.07,1967.7,H
37,3169.4,221.8,1029.6,926.92,859189.17,2947.6,-6.8,-2869.1,-1039.5,804.0,646418.99,2862.3,H
38,5726.8,6.2,878.2,1844.89,3403625.43,5720.6,-162.1,-1908.6,-623.65,503.87,253881.8,1746.5,H
39,3074.8,87.6,830.6,892.44,796441.58,2987.2,-212.6,-5273.3,-1546.05,1790.47,3205773.21,5060.7,H
40,3117.1,172.4,571.3,1040.82,1083297.27,2944.7,-27.2,-1439.0,-705.1,383.31,146922.76,1411.8,H
41,3983.4,81.4,1859.55,1249.59,1561467.28,3902.0,-116.4,-2406.0,-1195.2,765.76,586388.64,2289.6,H
42,665.0,40.8,167.0,187.57,35183.29,624.2,-41.4,-276.6,-185.2,78.21,6117.47,235.2,S
43,1363.5,12.6,754.4,484.49,234734.26,1350.9,-70.1,-1875.3,-775.3,523.56,274118.64,1805.2,S
44,394.0,2.2,261.9,116.74,13627.3,391.8,-8.1,-923.8,-479.0,266.73,71143.64,915.7,S
45,143.0,3.2,54.5,51.78,2681.36,139.8,-3.2,-1812.0,-326.4,609.68,371710.13,1808.8,S
46,903.5,17.3,483.9,286.01,81802.2,886.2,-84.8,-1332.2,-640.8,380.03,144423.5,1247.4,S
47,591.9,150.1,371.7,174.01,30280.8,441.8,-53.6,-1125.0,-434.6,329.83,108789.76,1071.4,S
48,1731.9,8.2,334.1,626.1,391997.52,1723.7,-42.8,-1013.2,-627.85,273.46,74777.71,970.4,S
49,1841.0,10.0,292.45,540.05,291656.11,1831.0,-125.5,-1097.0,-521.7,297.14,88294.73,971.5,S
50,2444.0,16.2,607.3,824.43,679682.13,2427.8,-68.7,-2192.5,-726.55,779.52,607653.33,2123.8,S
51,756.1,32.2,255.4,221.18,48918.5,723.9,-128.7,-2440.4,-313.3,773.25,597914.6,2311.7,S
52,1062.2,1.2,292.0,373.58,139561.89,1061.0,-178.9,-1421.0,-806.3,338.68,114703.51,1242.1,S
53,828.5,9.6,299.7,279.97,78382.54,818.9,-12.0,-612.5,-102.45,176.35,31099.47,600.5,S
54,1581.8,8.8,167.4,552.98,305783.83,1573.0,-9.5,-2116.1,-948.7,579.74,336094.15,2106.6,S
55,1126.3,153.0,795.6,289.61,83872.57,973.3,-190.1,-1310.6,-726.75,382.37,146206.63,1120.5,S
56,39.8,3.9,13.1,15.23,231.82,35.9,-0.2,-1304.1,-402.1,355.9,126662.92,1303.9,S
57,981.6,6.5,318.0,257.14,66119.52,975.1,-46.4,-1041.6,-661.7,316.31,100051.29,995.2,S
58,329.1,1.7,243.6,85.59,7325.78,327.4,-83.8,-516.9,-291.05,138.66,19225.8,433.1,S
59,1090.8,1.8,359.45,351.45,123520.07,1089.0,-23.6,-709.6,-212.4,221.28,48964.4,686.0,S
60,645.5,236.3,356.2,148.82,22148.46,409.2,-74.5,-1402.5,-710.55,325.02,105639.56,1328.0,S
61,1045.6,35.0,574.9,340.2,115736.7,1010.6,-31.4,-1345.4,-577.0,375.43,140946.76,1314.0,S
62,468.6,156.4,382.0,91.88,8442.82,312.2,-78.0,-1259.5,-574.9,391.25,153075.64,1181.5,S
63,1918.0,62.6,404.0,530.86,281814.8,1855.4,-47.3,-2080.6,-1476.2,653.45,427002.67,2033.3,S
64,3198.0,1.8,808.0,1174.58,1379646.16,3196.2,-12.2,-1437.4,-489.5,455.11,207129.29,1425.2,S
65,3315.2,0.2,1452.3,1217.1,1481343.27,3315.0,-9.5,-3207.7,-1765.4,956.49,914867.17,3198.2,S
66,3517.0,22.4,1417.3,1202.91,1446999.12,3494.6,-12.3,-1200.6,-585.35,425.84,181342.18,1188.3,S
67,2682.2,24.9,1088.45,995.36,990738.61,2657.3,-6.8,-3326.8,-1205.0,901.49,812686.63,3320.0,S
68,2299.2,3.3,487.35,641.57,411613.04,2295.9,-0.5,-1128.8,-279.6,337.51,113915.13,1128.3,S
69,1691.6,277.9,901.25,457.8,209579.02,1413.7,-47.2,-606.3,-284.2,158.78,25211.42,559.1,S
70,3041.8,213.8,1047.4,940.89,885265.89,2828.0,-94.6,-935.4,-530.6,232.12,53878.52,840.8,S
71,3731.1,16.4,1545.0,1120.47,1255456.17,3714.7,-29.8,-1922.8,-662.25,610.53,372741.07,1893.0,S
72,2253.1,67.5,1158.3,654.54,428422.24,2185.6,-6.0,-1676.0,-903.6,513.4,263575.22,1670.0,S
73,1256.2,58.9,483.05,371.57,138067.64,1197.3,-17.8,-647.3,-344.0,228.7,52303.48,629.5,S
74,1098.4,1.8,330.95,370.73,137438.55,1096.6,-20.8,-930.3,-429.7,302.35,91413.67,909.5,S
75,812.5,16.2,380.1,224.98,50616.29,796.3,-30.0,-899.0,-297.05,282.63,79880.5,869.0,S
76,284.7,14.6,149.9,82.46,6799.95,270.1,-11.8,-1205.3,-576.6,335.06,112266.45,1193.5,S
77,915.6,18.3,181.1,297.59,88562.39,897.3,-7.1,-574.3,-204.4,159.34,25389.5,567.2,S
78,2711.9,14.4,491.65,913.58,834623.31,2697.5,-47.7,-1870.6,-1158.7,664.06,440978.12,1822.9,S
79,1936.4,96.0,443.85,629.96,396854.95,1840.4,-118.4,-1304.6,-675.4,327.76,107426.13,1186.2,S
80,2866.2,32.0,1323.6,965.71,932592.82,2834.2,-190.7,-3186.4,-1090.7,782.04,611587.52,2995.7,S
81,3256.9,158.8,982.0,1045.06,1092159.85,3098.1,-178.6,-2049.7,-456.6,605.03,366066.39,1871.1,S
82,2332.5,76.4,583.5,765.17,585491.65,2256.1,-63.4,-736.9,-458.75,208.2,43346.41,673.5,S
83,28.0,0.3,8.1,7.0,48.99,27.7,-1.2,-22.0,-6.4,6.11,37.27,20.8,S
0,2313.5,55.8,921.25,749.31,561462.01,2257.7,-23.7,-468.5,-228.5,168.41,28363.27,444.8,H
1,1606.6,28.8,452.45,473.14,223858.62,1577.8,-3.2,-59.6,-31.4,23.03,530.16,56.4,H
2,1286.2,92.7,675.75,342.51,117315.44,1193.5,-75.6,-627.2,-556.6,155.44,24161.01,551.6,H
3,2682.3,63.0,1524.3,843.17,710928.75,2619.3,-24.8,-1123.4,-651.3,270.45,73145.46,1098.6,H
4,3046.3,87.1,564.2,1085.89,1179160.0,2959.2,-26.8,-551.8,-311.7,174.8,30556.33,525.0,H
5,2616.8,26.0,330.0,904.69,818471.28,2590.8,-13.4,-1491.3,-343.55,480.54,230915.3,1477.9,H
6,1423.5,60.0,665.25,427.02,182350.04,1363.5,-80.6,-1374.7,-975.6,423.28,179164.08,1294.1,H
7,954.6,40.1,636.1,290.08,84143.7,914.5,-70.2,-1073.5,-448.2,248.42,61712.69,1003.3,H
8,2852.6,39.4,1305.8,957.45,916705.17,2813.2,-69.6,-244.2,-212.6,55.76,3109.18,174.6,H
9,4422.2,110.0,2579.6,1313.73,1725898.25,4312.2,-31.3,-653.7,-222.85,221.31,48977.22,622.4,H
10,3031.0,215.0,1786.2,1029.92,1060744.23,2816.0,-24.4,-352.6,-266.8,99.72,9943.3,328.2,H
11,1529.2,9.8,534.3,456.62,208498.32,1519.4,-4.2,-417.4,-128.2,123.91,15352.55,413.2,H
12,419.8,14.9,199.75,127.26,16195.98,404.9,-18.4,-422.6,-262.55,117.98,13919.28,404.2,H
13,1047.8,221.4,739.4,238.23,56752.59,826.4,-52.1,-835.5,-162.0,272.7,74364.54,783.4,H
14,2541.9,49.2,1365.05,651.95,425040.16,2492.7,-245.0,-1837.8,-862.2,548.16,300480.08,1592.8,H
15,2563.5,60.7,2079.0,860.45,740378.09,2502.8,-41.0,-620.3,-263.35,188.59,35566.63,579.3,H
16,2935.1,261.3,743.55,969.27,939485.7,2673.8,-87.1,-1640.2,-925.0,512.73,262887.28,1553.1,H
17,3346.6,110.3,658.1,1161.77,1349719.71,3236.3,-166.3,-654.8,-349.65,170.68,29132.23,488.5,H
18,8393.0,316.0,4755.7,2564.21,6575159.2,8077.0,-27.2,-1030.3,-598.25,311.33,96924.01,1003.1,H
19,4052.3,6.5,777.7,1436.92,2064748.15,4045.8,-21.8,-470.0,-377.7,138.36,19144.29,448.2,H
20,9732.1,404.7,4394.8,2897.11,8393226.44,9327.4,-455.4,-1485.9,-1029.9,305.14,93110.32,1030.5,H
21,3940.7,104.9,280.1,1372.16,1882822.12,3835.8,-3.7,-3879.0,-372.1,1112.06,1236688.54,3875.3,H
22,3616.4,17.2,1718.65,1260.0,1587601.92,3599.2,-137.0,-1411.4,-429.0,351.78,123748.59,1274.4,H
23,1686.4,65.8,372.55,493.5,243545.57,1620.6,-121.4,-809.0,-276.7,269.25,72494.57,687.6,H
24,2638.4,5.2,1920.4,868.01,753444.56,2633.2,-26.2,-1149.2,-580.95,343.93,118290.52,1123.0,H
25,3980.0,199.6,1919.7,1145.48,1312131.06,3780.4,-288.2,-894.0,-725.4,178.91,32010.07,605.8,H
26,1178.8,220.9,607.1,270.18,72995.41,957.9,-11.9,-846.0,-532.1,234.73,55099.2,834.1,H
27,27.4,0.4,12.4,7.1,50.47,27.0,-0.2,-24.4,-7.15,6.2,38.43,24.2,H
28,17.8,1.4,7.1,5.17,26.76,16.4,-1.2,-27.0,-7.45,6.06,36.75,25.8,H
29,32.4,0.3,6.9,8.51,72.42,32.1,-0.1,-23.0,-5.3,6.71,45.04,22.9,H
30,35.6,0.2,6.65,9.24,85.42,35.4,-1.6,-26.2,-13.0,8.08,65.29,24.6,H
31,35.8,0.7,6.8,7.78,60.47,35.1,-0.8,-32.2,-14.8,8.97,80.42,31.4,H
32,29.8,0.4,8.25,7.79,60.69,29.4,-0.4,-29.8,-10.0,8.64,74.67,29.4,H
33,18.9,0.4,6.8,4.77,22.74,18.5,-0.1,-14.0,-7.95,4.41,19.49,13.9,H
34,25.6,0.7,8.0,6.92,47.88,24.9,-0.4,-20.9,-8.7,6.57,43.14,20.5,H
35,22.8,1.3,4.9,5.64,31.8,21.5,-1.3,-19.9,-7.8,5.29,27.94,18.6,H
36,3022.1,35.4,306.25,1024.96,1050535.37,2986.7,-23.6,-560.0,-204.4,186.06,34617.03,536.4,H
37,2474.4,5.0,988.2,937.98,879798.83,2469.4,-119.1,-754.5,-489.7,182.45,33289.56,635.4,H
38,4375.7,400.9,2525.05,1352.66,1829695.22,3974.8,-39.6,-1194.0,-656.9,407.07,165704.24,1154.4,H
39,708.4,30.2,327.65,199.85,39941.67,678.2,-6.2,-1205.1,-537.6,415.43,172584.06,1198.9,H
40,1043.4,23.2,481.8,330.73,109381.88,1020.2,-47.4,-1168.7,-911.1,370.33,137147.67,1121.3,H
41,892.1,5.4,365.0,285.25,81367.14,886.7,-5.2,-1415.8,-441.15,508.82,258899.91,1410.6,H
42,486.9,97.1,201.4,142.21,20223.71,389.8,-35.2,-743.9,-381.5,227.43,51724.48,708.7,S
43,374.9,14.5,210.3,101.69,10340.87,360.4,-32.7,-156.6,-83.8,35.28,1244.97,123.9,S
44,1998.4,4.0,380.4,636.62,405287.15,1994.4,-69.7,-504.3,-339.3,150.72,22717.99,434.6,S
45,527.1,17.7,326.3,165.15,27273.26,509.4,-32.0,-303.0,-180.95,89.21,7957.69,271.0,S
46,430.0,32.1,299.0,133.03,17695.74,397.9,-11.4,-379.0,-101.2,128.13,16416.32,367.6,S
47,911.7,29.3,324.3,288.13,83021.66,882.4,-0.7,-614.8,-169.8,171.98,29577.85,614.1,S
48,687.5,33.6,320.05,212.55,45179.56,653.9,-38.0,-1216.7,-399.3,346.98,120397.8,1178.7,S
49,130.0,11.1,54.5,40.56,1645.15,118.9,-24.2,-674.4,-385.9,161.57,26103.55,650.2,S
50,461.9,5.0,119.4,134.79,18167.06,456.9,-3.8,-86.8,-58.2,26.45,699.37,83.0,S
51,985.5,19.4,588.75,289.02,83534.83,966.1,-538.4,-1125.2,-984.2,160.11,25635.15,586.8,S
52,545.6,15.8,384.4,182.64,33356.75,529.8,-48.7,-288.6,-193.7,77.47,6001.65,239.9,S
53,900.9,16.9,447.8,264.36,69884.22,884.0,-26.7,-580.4,-292.2,182.84,33430.34,553.7,S
54,495.9,21.2,242.6,160.54,25772.59,474.7,-31.0,-947.2,-364.6,304.02,92427.82,916.2,S
55,1131.4,2.8,505.7,343.68,118114.08,1128.6,-32.2,-437.0,-232.9,119.64,14313.83,404.8,S
56,351.5,16.5,118.6,108.71,11817.14,335.0,-25.0,-998.7,-309.95,294.07,86478.07,973.7,S
57,959.2,3.1,373.65,308.62,95248.2,956.1,-8.0,-1041.2,-342.7,355.43,126333.44,1033.2,S
58,2134.6,16.9,732.6,672.28,451966.31,2117.7,-0.7,-118.4,-67.6,53.54,2866.51,117.7,S
59,524.6,26.6,328.5,189.57,35934.95,498.0,-25.2,-544.0,-157.6,159.49,25438.54,518.8,S
60,1189.8,51.0,677.7,369.61,136613.37,1138.8,-32.6,-741.8,-426.55,206.34,42574.76,709.2,S
61,1586.1,52.9,743.2,472.21,222979.76,1533.2,-24.3,-734.1,-588.9,213.6,45626.41,709.8,S
62,1518.9,5.2,938.75,475.95,226531.13,1513.7,-118.5,-527.0,-247.2,133.94,17938.9,408.5,S
63,536.0,23.3,314.4,208.34,43405.96,512.7,-22.0,-1246.7,-604.5,443.28,196498.29,1224.7,S
64,867.8,23.4,574.9,264.24,69820.28,844.4,-12.8,-688.1,-423.95,258.6,66874.23,675.3,S
65,604.6,80.0,288.9,169.37,28687.51,524.6,-78.6,-1103.4,-551.3,322.34,103903.15,1024.8,S
66,830.6,10.4,281.5,296.83,88110.83,820.2,-5.0,-782.8,-352.1,247.48,61244.7,777.8,S
67,950.5,19.2,341.2,276.57,76492.64,931.3,-8.3,-412.6,-206.4,137.49,18903.89,404.3,S
68,144.4,33.4,115.6,47.03,2211.92,111.0,-14.5,-1293.2,-830.45,405.04,164057.94,1278.7,S
69,428.7,12.7,233.3,117.12,13717.83,416.0,-18.5,-166.8,-79.6,54.12,2928.49,148.3,S
70,23.9,0.6,7.2,7.42,55.01,23.3,-0.1,-19.4,-8.4,6.15,37.83,19.3,S
71,27.2,0.1,8.6,7.79,60.64,27.1,-0.5,-27.8,-4.4,7.23,52.3,27.3,S
72,39.1,0.9,8.0,10.71,114.78,38.2,-1.0,-16.1,-9.9,4.74,22.43,15.1,S
73,31.0,0.8,5.7,8.2,67.21,30.2,-1.0,-36.2,-8.7,10.95,119.8,35.2,S
74,29.1,0.9,7.8,7.95,63.25,28.2,-0.6,-28.8,-5.8,7.97,63.5,28.2,S
75,35.4,4.2,17.3,9.31,86.72,31.2,-3.1,-36.0,-12.95,9.78,95.58,32.9,S
76,22.2,0.7,9.0,7.0,49.03,21.5,-0.3,-17.7,-9.6,5.33,28.45,17.4,S
77,626.8,20.8,314.1,188.72,35617.02,606.0,-46.8,-1365.9,-401.0,456.28,208195.71,1319.1,S
78,798.0,43.4,505.05,228.82,52359.04,754.6,-38.2,-886.7,-322.2,274.73,75478.79,848.5,S
79,758.8,109.4,345.4,228.18,52065.12,649.4,-118.0,-1086.6,-784.35,297.71,88631.1,968.6,S
80,351.8,0.9,139.05,114.15,13030.94,350.9,-6.5,-577.8,-89.4,203.07,41238.93,571.3,S
81,417.4,0.7,151.2,133.29,17766.39,416.7,-0.6,-204.6,-130.6,64.4,4147.69,204.0,S
82,313.6,1.9,170.4,77.41,5991.89,311.7,-0.4,-214.4,-80.1,71.73,5144.53,214.0,S
83,223.6,5.7,76.4,71.63,5131.04,217.9,-14.8,-437.6,-225.2,130.2,16951.24,422.8,S
