-173.2,-138.9,-98.4,-59.9,-27.6,-3.,17.8,41.4,64.5,60.2,42.5,13.9,-46.5,-151.,-206.,-246.1,-266.3,-166.8,23.,133.2,243.1,344.4,272.8,80.9,-48.,-161.3,-330.3,-383.5,-326.3,-271.6,-237.9,-190.1,-206.1,-316.8,-397.4,-472.,-599.9,-654.,-654.8,S
71.4,71.4,-70.2,-356.7,-581.2,-666.7,-672.6,-599.8,-437.6,-344.3,-325.1,-309.8,-297.3,-281.7,-220.7,-159.3,-155.8,-158.9,-173.8,-229.,-239.4,-206.4,-277.6,-435.6,-558.6,-678.4,-762.,-735.,-637.7,-517.7,-432.2,-396.4,-356.,-271.7,-203.2,-119.7,-60.8,-28.7,3.4,S
-134.8,-174.9,-215.,-295.8,-493.7,-655.1,-746.1,-792.8,-737.9,-649.7,-604.6,-512.3,-431.8,-390.6,-262.5,-125.3,-71.2,-67.4,-57.3,-16.8,7.5,36.4,71.4,25.1,18.8,80.,160.7,220.2,311.8,429.3,523.4,561.3,531.,575.8,719.5,964.4,1385.,1659.6,1659.6,H
32.,113.1,236.5,256.7,103.,-28.6,-170.,-399.2,-549.,-572.7,-534.4,-461.6,-345.8,-256.7,-168.6,-126.6,-73.2,50.5,201.1,343.5,405.6,453.7,543.2,599.1,540.,466.4,352.3,85.9,-185.5,-362.4,-420.2,-370.7,-301.1,-267.5,-195.3,-136.6,-201.5,-243.9,-221.4,M
92.8,92.8,80.9,96.,119.,135.8,156.6,181.8,155.2,16.5,-185.2,-300.,-376.,-456.9,-394.9,-249.8,-171.6,-84.4,61.5,163.9,261.1,314.6,366.4,444.9,474.3,458.1,439.2,369.5,223.7,61.,-104.1,-182.6,-231.9,-271.1,-215.3,-128.6,-95.1,-96.9,-91.2,M
176.2,205.8,276.1,307.5,322.3,346.4,303.5,187.7,51.9,-101.1,-191.2,-195.,-170.6,-139.2,-128.,-120.,-72.4,52.3,223.2,407.6,498.2,528.8,571.9,566.6,539.,529.2,473.4,292.6,32.,-245.1,-386.6,-476.2,-554.9,-484.3,-350.9,-277.2,-213.7,-113.2,-76.2,S
579.,756.5,1095.6,1407.7,1552.5,1508.5,1417.5,1319.6,1180.7,998.2,771.6,454.6,124.9,-118.5,-240.8,-259.4,-145.9,59.1,296.6,554.6,765.8,907.1,1022.,1093.7,1123.7,1137.6,1081.5,929.6,748.7,576.2,457.3,436.9,485.4,553.8,603.5,566.6,448.4,320.4,248.6,S
2075.6,2075.6,2095.5,1960.3,1602.,1186.7,974.6,785.7,541.9,505.5,553.,582.,690.5,933.8,1168.5,1416.5,1564.6,1545.1,1450.8,1268.5,1036.1,911.2,813.4,653.,534.4,525.4,572.4,639.,717.,668.9,470.7,332.,206.2,-25.6,-112.2,-81.4,-70.,-51.8,-33.6,M
-417.4,-461.9,-528.1,-613.7,-750.4,-823.2,-941.4,-1194.2,-1419.5,-1496.4,-1482.6,-1387.7,-1197.7,-1011.1,-845.,-770.4,-712.,-544.7,-276.7,10.7,139.,260.5,447.9,463.5,290.5,167.8,6.1,-315.3,-599.8,-734.1,-743.6,-753.3,-741.3,-658.,-572.4,-548.4,-457.2,-296.8,-227.6,S
626.2,626.2,503.,267.1,19.8,-106.2,-97.6,-119.1,-187.6,-221.5,-204.8,-201.2,-63.,254.9,572.2,874.6,1039.4,1107.6,1257.2,1369.9,1268.4,1135.6,922.,408.7,-98.9,-404.6,-502.4,-518.7,-466.6,-364.2,-295.3,-260.4,-248.,-235.3,-246.9,-281.8,-304.8,-267.6,-230.4,S
132.6,142.8,93.2,33.4,-16.8,-147.2,-336.7,-589.2,-951.7,-1145.,-1190.3,-1249.5,-1126.6,-836.3,-656.8,-530.2,-316.9,-259.8,-338.2,-387.,-435.7,-546.1,-556.7,-428.3,-351.,-293.5,-100.9,-228.8,-480.5,-661.1,-882.4,-756.8,28.7,991.7,1516.1,2083.7,2548.5,2620.6,2603.6,H
316.2,238.,148.9,188.,238.,216.7,182.4,121.2,78.6,84.2,146.5,314.4,574.2,836.2,944.,1018.5,1134.5,1072.2,852.1,735.8,643.9,330.5,71.7,-12.4,-126.4,-120.8,80.,339.4,470.8,626.1,775.3,772.8,714.8,653.2,628.1,544.6,419.4,198.9,45.2,M
1470.8,1430.3,1376.8,1319.4,1275.,1231.4,1174.3,1107.7,1056.5,1058.4,1065.1,1044.3,989.8,866.8,770.8,618.8,366.7,174.3,-49.,-180.,-331.9,-587.3,-702.1,-624.9,-466.9,-243.,137.,496.1,744.5,914.,968.6,953.,881.2,737.7,546.6,442.8,379.6,279.8,243.2,M
29.8,-16.3,-177.6,-292.8,-379.1,-582.8,-787.6,-871.7,-868.4,-856.1,-853.1,-850.1,-829.6,-821.4,-808.5,-720.,-562.2,-399.3,-318.6,-216.9,-56.3,38.3,76.5,79.,-30.3,-237.5,-408.5,-504.4,-527.2,-455.5,-308.2,-153.2,-9.5,54.8,99.2,197.8,288.1,356.2,388.2,S
59.2,69.,75.,71.2,37.1,8.6,44.1,131.5,189.,240.7,288.,212.3,83.5,26.,-17.3,-103.5,-193.2,-243.,-246.,-267.6,-273.7,-214.,-141.3,-112.8,-53.4,95.1,338.9,580.4,667.2,762.4,901.6,914.2,877.8,872.8,864.7,836.6,804.4,738.6,685.,S
-65.8,-56.,-44.,15.,83.5,100.,147.3,227.8,299.7,426.4,582.6,677.6,680.3,595.3,473.1,358.7,253.1,188.6,221.,285.8,365.9,371.9,278.4,162.6,128.9,260.1,592.6,982.1,1239.6,1368.2,1298.1,1063.2,887.3,782.2,653.,536.7,403.9,253.1,175.8,M
-467.6,-467.6,-452.6,-520.3,-714.9,-981.6,-1136.4,-1188.6,-1185.1,-924.4,-502.1,-284.8,-138.4,68.,81.9,51.5,67.2,-25.2,-157.,-182.5,-191.,-213.4,34.6,419.2,915.5,1744.4,2213.6,2504.,3132.4,3414.8,3032.9,2706.6,2280.5,1504.3,904.4,539.6,424.6,373.2,321.8,H
-525.8,-633.1,-740.4,-818.9,-993.2,-1242.2,-1487.5,-1579.6,-1583.1,-1530.4,-1370.8,-1171.7,-1076.,-1007.3,-850.7,-635.7,-409.4,-310.2,-197.1,-9.4,116.7,172.5,176.8,179.,161.2,25.7,-187.3,-284.8,-376.,-525.2,-559.2,-468.8,-402.4,-311.8,-152.6,-20.5,74.3,105.6,105.6,M
1679.4,1869.7,2060.,1903.3,1649.8,1480.4,1387.4,1367.,1341.6,1226.4,1034.7,811.5,690.2,621.7,568.1,622.3,730.2,798.8,820.7,828.5,802.5,744.8,699.,661.,580.1,524.1,503.8,496.6,514.1,494.5,377.1,225.3,153.8,72.6,-10.1,2.8,63.,108.8,108.8,S
-110.4,-75.8,-14.7,48.9,136.1,186.2,197.4,213.,168.1,36.9,-45.,4.3,109.,223.1,348.7,415.6,435.3,426.7,367.1,319.4,303.,240.6,195.9,266.6,379.4,439.2,498.,586.8,315.3,-538.8,-1091.4,-1528.2,-2178.7,-2086.4,-1125.2,-470.,153.7,1204.1,1630.8,H
-849.2,-755.1,-548.2,-405.2,-375.,-339.2,-284.6,-294.5,-308.1,-293.,-279.,-270.1,-266.1,-266.6,-276.2,-304.5,-381.4,-520.1,-716.1,-822.,-908.9,-1062.6,-1124.,-1098.6,-1076.7,-937.1,-502.,52.5,616.4,1106.8,1290.4,1333.7,1382.8,1342.6,1197.8,1099.,956.5,633.1,452.2,M
206.,194.5,183.,129.6,15.8,-102.3,-203.9,-247.8,-286.3,-393.1,-515.4,-609.8,-650.2,-661.8,-726.5,-822.9,-860.8,-855.4,-913.6,-947.8,-878.,-787.7,-743.2,-680.2,-487.1,-219.7,15.7,113.8,235.3,337.1,279.5,165.7,89.8,-4.2,-199.5,-431.1,-651.4,-741.4,-741.4,M
-211.6,-301.1,-549.1,-707.6,-862.5,-1178.5,-1415.9,-1491.8,-1491.4,-1493.8,-1521.9,-1599.1,-1658.5,-1666.4,-1638.4,-1523.,-1355.7,-1206.1,-1136.4,-1038.1,-891.8,-750.,-595.3,-534.4,-571.1,-584.8,-461.3,-212.1,-63.4,141.2,494.4,664.5,672.3,658.6,590.3,463.7,362.2,304.6,290.2,M
-1085.,-1085.,-1079.,-1077.7,-1039.6,-957.3,-917.8,-868.4,-801.3,-771.,-752.2,-746.,-719.1,-636.1,-565.4,-567.1,-583.4,-651.4,-760.1,-786.4,-693.7,-615.4,-577.4,-441.6,-178.5,134.2,281.6,519.3,881.3,1022.1,1000.,1031.,947.8,727.8,579.6,402.3,160.2,14.4,14.4,M
717.8,780.5,871.4,950.8,989.8,977.6,1007.6,1043.5,1041.1,1049.7,1066.6,1014.5,927.,808.5,597.8,470.2,372.8,170.6,-32.,-207.6,-285.4,-394.1,-591.6,-628.1,-463.9,-352.,-160.4,257.1,582.2,790.2,899.,967.,1033.1,893.2,535.8,316.4,220.6,47.2,-30.4,M
320.8,381.3,467.5,493.2,504.8,515.8,429.6,423.2,502.4,656.7,942.5,1123.,1009.,846.,592.6,151.6,-151.2,-298.1,-329.8,-346.7,-395.2,-397.8,-331.3,-293.8,-317.6,-655.1,-1156.4,-1186.6,-1029.2,-864.8,-229.8,603.,951.2,937.2,958.8,942.2,834.8,721.7,677.8,H
105.4,105.4,40.8,-206.6,-547.9,-874.3,-1042.2,-1208.3,-1443.8,-1518.1,-1532.8,-1542.6,-1497.7,-1323.4,-1089.3,-844.4,-704.2,-611.3,-462.1,-311.8,-135.5,-53.2,25.2,133.8,107.7,-15.3,-82.,-134.7,-175.4,-84.1,67.8,140.4,214.3,320.8,405.6,519.5,581.2,653.3,725.4,M
-208.,-208.,-318.,-518.9,-620.3,-578.2,-525.6,-499.9,-451.7,-397.6,-339.9,-313.8,-244.1,-84.4,115.7,312.4,399.,495.4,629.,622.9,491.3,403.,276.,60.4,-29.5,11.7,54.2,124.1,258.5,362.5,424.8,447.6,472.9,532.3,545.4,545.8,567.2,565.5,563.8,S
-57.2,-28.2,-100.4,-321.9,-442.2,-504.2,-719.7,-931.8,-1043.7,-1097.,-1215.5,-1313.,-1193.2,-1021.3,-948.2,-892.7,-742.7,-635.8,-546.8,-470.2,-360.3,-222.3,-40.8,266.5,420.4,596.3,859.8,1096.,1444.2,1643.8,1741.,1952.8,1957.7,1607.7,1367.4,1175.3,860.4,671.7,605.8,H
661.,549.4,303.6,124.8,80.2,98.4,105.1,145.2,321.7,446.6,596.6,923.9,1195.7,1231.4,1172.6,1106.2,890.,637.,403.9,274.,169.4,-45.1,-253.1,-358.6,-366.,-392.1,-330.1,-118.,71.9,137.8,121.8,-4.6,-182.7,-60.8,128.8,400.2,933.1,1272.6,1350.6,H
814.4,814.4,842.7,782.1,605.3,467.,509.4,523.5,491.3,553.9,490.,317.2,195.8,96.7,3.4,77.5,174.4,269.3,445.7,575.9,648.4,750.3,762.1,655.8,544.3,405.5,322.8,307.4,307.5,322.7,344.,301.6,253.,255.4,303.7,413.4,517.3,557.4,557.4,M
709.,792.3,984.8,1150.3,1206.6,1265.,1381.8,1449.6,1361.7,1264.4,1050.1,586.6,123.1,-202.6,-314.,-313.2,-302.8,-252.1,-86.5,38.,184.9,512.3,806.8,946.3,971.8,974.4,967.2,932.2,803.3,699.6,570.8,304.3,73.4,32.1,84.,154.4,288.6,437.2,522.,S
-93.8,-93.8,-72.6,-137.7,-373.3,-666.2,-809.8,-960.6,-1181.2,-1192.5,-1070.7,-1007.4,-983.8,-860.9,-678.3,-514.8,-434.6,-294.8,-74.5,71.2,235.2,334.,373.5,436.2,416.5,310.6,247.6,212.3,149.5,308.2,804.,1113.6,1410.9,1975.3,2285.2,2174.9,2021.8,1824.3,1626.8,H
44.6,55.1,85.6,58.6,11.6,-101.8,-315.8,-540.7,-755.5,-846.,-933.9,-1056.6,-1067.9,-963.6,-882.8,-736.1,-467.6,-278.2,-168.8,-127.,-38.1,94.2,193.8,270.9,291.8,314.9,332.2,292.2,256.5,255.,205.7,132.6,130.9,172.,191.,154.8,115.7,86.3,59.8,M
-113.8,-113.8,-181.9,-303.9,-266.6,-65.2,45.,248.,713.3,1058.8,1244.5,1526.6,1577.5,1363.5,1194.5,958.9,643.8,480.6,487.5,533.7,656.3,761.1,782.6,416.6,-384.3,-919.6,-941.4,-862.8,-450.,442.9,1063.7,1244.1,1283.8,1227.7,1051.6,786.2,511.7,382.6,382.6,H
467.2,467.2,394.6,315.3,304.8,326.1,351.2,390.8,420.3,432.2,457.2,460.2,472.,472.2,447.7,427.7,420.6,395.4,406.1,388.,234.1,134.2,18.2,-167.2,-231.8,-185.,-143.,-72.3,26.9,111.7,232.,296.,341.,422.9,469.4,508.2,537.4,527.8,518.2,S
54.8,0.2,-157.2,-320.3,-370.1,-359.6,-387.3,-467.6,-557.7,-648.1,-701.,-752.8,-756.5,-756.7,-802.6,-800.2,-749.3,-710.9,-607.8,-491.2,-490.2,-444.8,-338.2,-307.2,-536.8,-736.2,-799.2,-672.2,-41.5,1097.9,1796.6,2255.6,2868.1,2926.1,2650.4,2470.2,2278.,1940.7,1795.6,H
-483.2,-559.3,-635.4,-658.5,-632.4,-524.2,-452.6,-440.,-425.3,-381.4,-382.2,-382.5,-352.8,-342.2,-331.9,-277.6,-235.6,-248.2,-224.8,-159.2,-86.9,0.6,58.,82.9,80.5,35.2,12.3,7.4,29.3,85.6,143.6,186.4,205.6,210.8,222.9,215.5,220.7,240.2,240.2,M
222.2,207.3,118.4,44.4,17.4,163.5,421.,613.2,721.,789.,791.3,680.9,549.2,462.2,309.5,17.6,-179.9,-218.3,-198.4,-120.9,90.8,345.9,578.8,690.8,819.9,889.1,775.5,687.5,653.2,646.9,763.7,954.1,1049.4,1077.4,1033.,924.2,813.,715.8,665.4,M
-408.8,-528.9,-774.4,-899.8,-996.3,-1153.1,-1176.1,-1129.1,-1119.4,-1159.4,-1236.5,-1301.4,-1323.9,-1318.6,-1254.7,-1100.,-913.4,-775.1,-732.6,-683.6,-601.1,-654.6,-836.4,-931.2,-1024.7,-1160.,-1126.2,-874.,-697.4,-537.8,-304.4,-186.5,-162.2,-182.,-240.7,-328.6,-362.9,-387.,-406.,M
150.2,64.3,-115.5,-209.4,-240.9,-286.9,-287.5,-283.2,-292.8,-300.,-251.4,-177.3,-102.8,-46.6,43.3,191.1,334.8,487.,553.4,564.1,575.3,514.7,387.6,321.6,287.8,199.5,130.,107.6,100.2,32.1,-62.1,-85.4,-71.7,-60.8,-24.8,48.9,68.8,56.4,61.8,M
-1690.4,-1704.3,-1654.8,-1499.9,-1360.9,-1187.6,-959.8,-816.8,-774.1,-764.8,-761.7,-813.1,-889.5,-944.1,-964.5,-913.2,-768.8,-568.6,-380.5,-220.9,-122.3,-87.2,-49.3,37.6,133.6,213.6,313.3,422.,465.9,473.8,436.3,358.9,284.9,245.5,264.,317.8,374.2,423.3,462.4,M
0.,0.,-75.9,-207.4,-312.7,-377.6,-392.8,-292.5,-69.7,211.,483.,596.8,650.,726.4,707.,591.8,519.2,287.4,-147.6,-579.9,-835.,-912.1,-896.8,-852.3,-678.9,-293.3,-51.9,172.,693.3,1310.6,1666.5,1753.6,1668.6,1370.1,855.7,277.4,0.,0.,0.,H
0.,0.,0.,-109.,-218.,-278.3,-369.3,-443.9,-426.9,-366.,-348.7,-414.2,-650.5,-928.5,-1053.,-1208.8,-1372.,-1228.9,-986.1,-893.8,-784.2,-625.5,-599.6,-606.5,-590.2,-484.2,-309.3,-184.4,-41.5,45.4,28.6,14.7,31.7,22.9,0.,0.,0.,0.,0.,S
0.,0.,-120.4,-347.7,-454.6,-573.6,-797.1,-894.6,-894.2,-900.8,-861.7,-796.4,-673.,-660.9,-746.,-1041.1,-1487.6,-1735.1,-1653.8,-1476.4,-1099.1,-590.2,-354.4,-249.8,-249.4,-193.7,57.7,351.5,564.6,679.6,685.2,593.2,405.6,221.4,127.2,63.6,0.,0.,0.,M
0.,0.,46.3,127.3,185.3,285.4,362.2,366.1,298.,54.2,-361.9,-606.2,-810.3,-1083.6,-1119.3,-995.8,-905.8,-683.,-808.8,-1275.2,-1363.8,-1334.6,-1299.4,-605.4,712.7,1829.2,2286.4,2403.6,2386.1,1897.8,1050.7,557.2,335.9,45.6,-96.3,-84.6,0.,0.,0.,M
0.,0.,0.,-89.,-255.3,-332.6,-389.5,-471.,-413.7,-288.9,-246.,-65.1,541.6,1207.8,1396.1,1344.,899.6,18.1,-817.6,-604.5,7.2,756.5,2173.3,3159.1,3261.1,3044.8,2839.2,2227.2,1739.9,1445.7,1232.4,1009.1,560.6,263.3,95.6,0.,0.,0.,0.,H
295.6,284.,212.2,152.,-6.6,-256.5,-395.8,-389.3,-334.8,-287.9,-195.2,-60.7,58.,88.,167.3,298.2,369.5,429.9,470.6,478.3,476.1,434.2,270.9,139.6,1.3,-286.8,-517.9,-579.6,-560.,-517.8,-426.2,-309.1,-198.6,-155.8,-95.9,8.2,49.2,49.9,53.8,M
0.,0.,0.,-41.2,-82.4,-161.1,-299.2,-386.5,-428.8,-443.2,-355.9,-228.1,-141.5,-21.3,52.8,131.6,294.,423.4,453.6,438.,377.,347.4,510.9,1001.5,1360.,1688.2,2161.5,2336.9,2026.8,1686.4,1331.8,736.,268.4,21.,0.,0.,0.,0.,0.,M
0.,0.,-48.7,-179.1,-260.8,-278.,-342.,-358.9,-264.8,-200.6,-169.2,-92.,-292.,-736.7,-935.6,-1239.6,-1973.3,-1993.4,-1403.3,-1222.8,-1043.9,351.8,1363.9,1494.5,1829.8,1879.2,1247.5,426.2,-62.1,-410.2,-427.,-630.5,-617.3,-368.7,-320.,-241.7,-81.7,0.,0.,H
0.,0.,0.,-56.5,-113.,-163.4,-275.,-343.6,-330.3,-309.6,-248.9,-88.4,40.7,-178.5,-427.,-478.1,-874.2,-1674.8,-2211.2,-2292.,-2252.7,-1859.1,-926.,146.8,640.8,893.8,1311.1,1599.7,1917.1,2110.2,1858.7,1395.,913.4,322.,0.,0.,0.,0.,0.,M
-224.,-324.2,-495.3,-607.8,-581.3,-513.2,-425.3,-258.8,-152.,-34.7,54.4,74.,41.8,-158.6,-572.8,-838.4,-1268.4,-1559.3,-1424.2,-1281.2,-1134.2,-778.4,-549.6,-550.6,-246.,-67.4,189.7,672.1,1059.8,1226.,1229.8,1077.6,775.7,547.2,359.4,250.4,212.4,130.8,87.2,M
0.,0.,36.8,118.,236.1,408.3,506.8,534.5,589.4,573.7,424.4,318.,239.1,20.,-242.7,-494.3,-623.4,-648.7,-427.3,92.5,772.2,1178.8,1353.7,1481.,1235.4,809.5,581.6,476.5,259.5,206.1,198.8,133.,18.5,-114.6,-175.1,-192.9,-168.8,-84.4,0.,S
0.,0.,0.,0.,0.,0.,28.2,75.8,127.4,145.1,130.6,7.3,-260.,-573.9,-788.9,-834.,-853.3,-796.8,-676.3,-392.9,-154.2,31.9,372.9,613.7,520.5,378.1,386.3,287.9,247.3,276.6,239.9,160.,80.6,22.2,0.,0.,0.,0.,0.,S
0.,0.,12.,7.9,-8.2,1.8,15.3,-6.5,-3.5,24.8,6.9,-7.2,8.8,4.7,-11.6,4.,0.6,-6.6,9.3,13.4,2.2,13.,9.3,-1.9,12.6,-2.2,-21.1,-7.8,-4.1,-17.8,-2.6,9.3,3.6,0.4,-0.4,2.7,2.9,0.,0.,S
0.,135.9,390.9,583.9,743.2,828.6,817.3,803.9,818.3,868.,901.2,876.3,858.8,840.2,680.8,547.4,405.8,329.5,598.3,935.7,1069.6,1112.2,1196.3,1066.8,911.4,927.,866.,514.2,91.,-167.3,-293.2,-258.2,-157.6,-56.5,-29.8,-38.6,-13.3,6.,0.,S
0.,109.5,219.,271.9,391.1,427.2,236.5,76.,-35.5,-264.6,-396.1,-345.7,-281.4,-244.2,-132.,34.2,156.8,188.2,275.8,757.1,1628.4,2483.2,2860.4,3031.9,2958.,2248.8,1352.5,920.,542.4,-137.1,-628.9,-969.2,-1119.6,-979.7,-709.9,-451.,-161.,0.,0.,M
0.,0.,-69.2,-205.3,-374.4,-530.2,-583.8,-571.2,-531.9,-480.5,-459.2,-462.6,-437.2,-455.9,-623.7,-965.4,-1183.4,-1368.2,-1670.,-1762.4,-1573.1,-1408.4,-1254.8,-913.6,-608.5,-360.1,-229.2,-166.2,-57.3,76.3,205.7,247.4,246.8,214.,153.2,62.3,0.,0.,0.,M
0.,0.,0.,0.,10.6,80.3,141.7,70.5,-140.,-287.6,-494.8,-844.5,-1069.5,-1004.4,-958.6,-1068.2,-1103.8,-1154.3,-1308.1,-1337.4,-1096.3,-774.1,-370.3,-18.3,130.6,196.4,111.9,-240.4,-470.8,-687.7,-936.,-849.8,-554.6,-377.,-188.5,0.,0.,0.,0.,S
0.,0.,0.,0.,34.2,68.4,93.7,183.4,334.3,481.9,543.,608.9,717.4,788.5,689.5,562.,284.7,-410.4,-1239.7,-1906.9,-2162.6,-2234.6,-2152.,-1812.2,-1404.6,-1182.2,-983.8,-686.2,-524.9,-397.3,-331.8,-272.1,-155.4,-49.2,0.,0.,0.,0.,0.,S
0.,0.,0.,0.,-40.2,-80.4,-80.2,-62.1,1.4,71.2,95.4,158.1,226.7,312.4,584.2,776.2,677.,433.9,-48.6,-840.,-1292.8,-1584.1,-2146.8,-2560.6,-2695.3,-2687.6,-2439.4,-1784.7,-1002.2,-357.1,-88.,-8.6,55.8,20.4,0.,0.,0.,0.,0.,S
613.2,748.5,966.8,1244.,1594.7,1751.2,1768.7,1649.5,1318.2,1000.2,876.8,820.6,711.8,663.2,730.8,794.4,968.7,953.3,490.5,15.1,-187.2,-299.8,-43.5,688.,1423.4,1796.2,1817.3,1689.2,1831.5,2083.8,2044.6,2207.7,2424.6,2220.2,1894.4,1826.8,1484.3,995.1,848.4,H
0.,0.,0.,0.,0.,0.,-51.7,-95.5,-64.1,-56.1,-71.6,-6.5,31.5,-0.5,119.5,244.4,318.8,169.7,53.,554.3,948.8,1238.1,1766.6,2268.7,2417.8,2304.,2309.5,2519.8,2505.1,1895.5,1505.4,1122.8,538.9,168.8,0.,0.,0.,0.,0.,H
0.,0.,0.,0.,0.,0.,0.,1.3,-36.6,-105.3,-163.4,-192.,-233.4,-88.1,99.5,44.6,-11.2,321.6,976.2,1775.8,2715.1,3176.6,3231.6,3105.8,2623.1,2008.2,1695.2,1315.9,648.1,212.3,0.9,-63.2,-31.6,0.,0.,0.,0.,0.,0.,S
-1.2,-2.,-3.8,-14.6,-24.4,-13.9,0.5,-6.5,5.6,28.6,16.6,2.9,7.2,-1.3,-15.8,-2.7,-1.1,-10.2,-13.3,-18.8,-15.7,-3.4,7.,15.,21.9,23.7,20.2,-0.2,-15.4,-4.1,-9.7,-11.5,1.9,0.2,-1.8,-2.7,-10.6,-0.4,18.8,H
0.,0.,0.,0.,0.,0.,-99.5,-262.,-374.2,-472.9,-522.4,-459.,-225.4,-80.5,-280.9,-456.,-485.3,-265.9,181.4,710.1,1040.2,1285.5,1340.,1156.3,1278.,1392.6,1390.6,1305.3,1090.8,739.5,519.4,341.5,81.8,0.,0.,0.,0.,0.,0.,H
0.,0.,0.,0.,-6.4,-2.6,8.5,8.9,-1.7,5.3,0.8,-55.4,-171.6,-321.5,-476.5,-626.4,-713.6,-711.9,-723.,-759.2,-728.6,-693.7,-632.3,-504.7,-341.6,-180.2,-52.3,36.7,122.4,161.,119.6,89.1,52.8,11.1,0.,0.,0.,0.,0.,S
0.,0.,24.,48.,46.3,60.6,97.8,105.5,92.,102.9,26.,-165.,-352.7,-437.2,-578.2,-751.1,-784.,-750.6,-716.2,-613.4,-380.5,-38.6,330.6,488.,637.9,858.1,860.3,782.1,772.,738.6,756.2,768.8,622.7,515.,427.5,192.3,22.3,0.,0.,S
0.,0.,0.,34.7,69.4,59.7,3.6,-122.9,-334.3,-465.6,-596.6,-834.2,-957.7,-1017.,-1059.4,-819.,-467.3,-436.1,-363.8,-211.4,-250.8,-233.1,-12.1,110.3,68.8,37.3,9.9,69.4,109.6,94.4,65.6,17.3,-44.4,-43.3,0.,0.,0.,0.,0.,M
122.2,243.6,425.2,485.4,497.8,569.3,496.8,234.3,103.4,-126.3,-552.3,-908.2,-1115.,-1162.2,-1050.7,-942.3,-1070.7,-990.8,-785.6,-749.6,-541.,-150.9,-13.,-92.6,-92.4,-169.,-263.6,-449.,-616.6,-715.3,-960.4,-1106.5,-1044.2,-982.2,-836.5,-538.4,-290.9,-97.9,0.,M
0.,0.,0.,0.,0.,-40.2,-87.5,-103.6,-112.6,-96.6,-39.3,45.9,153.6,217.4,306.5,585.3,1115.9,1581.7,1706.6,1601.,1149.6,386.9,-264.2,-498.4,-551.1,-458.,-359.4,-460.2,-513.8,-460.6,-398.2,-302.6,-108.1,0.,0.,0.,0.,0.,0.,M
0.,0.,0.,0.,0.,-107.1,-323.8,-500.5,-691.1,-814.6,-716.4,-567.1,-472.1,-392.1,-356.,-328.2,-292.9,-282.3,-294.9,-310.6,-280.7,-139.,77.3,253.6,325.4,284.7,153.,6.4,-20.1,9.,0.9,23.,24.4,-2.2,0.,0.,0.,0.,0.,S
0.,0.,0.,0.,126.4,252.8,410.6,711.7,973.1,1087.4,1242.8,1244.2,1086.6,1228.6,1553.1,1576.6,1545.7,1749.9,1170.9,364.,212.,145.3,142.1,955.2,1897.8,2090.8,2366.4,2654.8,2572.6,2131.3,1785.,1447.8,814.9,259.6,0.,0.,0.,0.,0.,H
0.,0.,0.,-34.9,-69.8,-99.2,-183.6,-228.4,-183.3,-99.2,43.2,273.1,478.6,675.3,754.,570.3,516.8,618.1,510.5,645.6,942.9,748.2,386.7,254.2,-9.6,-285.2,-249.3,-239.,-276.4,-191.,-57.4,9.4,98.6,169.2,84.6,0.,0.,0.,0.,S
0.,0.,2.,25.3,69.,109.9,128.4,171.,227.1,359.,472.7,468.,482.2,440.3,166.1,-201.1,-350.2,-496.5,-649.4,-634.6,-504.2,-395.2,-312.6,-203.7,-88.2,42.7,84.4,111.3,159.8,197.2,117.5,22.,-106.9,-255.8,-324.9,-293.9,-213.8,-106.9,0.,S
0.,0.,0.,0.,0.,0.,-151.2,-452.7,-748.6,-894.2,-1040.7,-1207.6,-1217.9,-1123.3,-1038.8,-980.7,-773.8,-411.3,-116.1,-34.6,92.3,202.3,-49.4,-496.9,-709.6,-912.2,-1245.6,-1272.3,-975.9,-783.6,-619.5,-284.9,-57.2,0.,0.,0.,0.,0.,0.,S
0.,0.,0.,0.,0.,0.,-136.6,-273.2,-458.4,-825.2,-1191.3,-1340.4,-1305.,-1245.7,-1035.8,-675.9,-383.8,-301.,-126.8,80.2,42.2,-155.3,-282.,-437.8,-667.5,-757.7,-628.9,-625.5,-659.7,-480.1,-345.7,-283.4,-141.7,0.,0.,0.,0.,0.,0.,S
-370.2,-437.4,-606.3,-708.,-715.8,-669.8,-641.,-590.1,-514.2,-507.3,-546.5,-691.4,-918.6,-1047.,-1124.5,-1106.8,-842.5,-564.9,-388.4,-170.9,147.2,186.6,-58.8,-377.6,-580.2,-915.8,-1385.7,-1380.1,-1063.9,-887.6,-783.8,-375.9,-20.6,-11.1,-38.5,82.7,170.9,123.,93.8,M
0.,0.,-87.9,-256.5,-337.2,-374.,-402.9,-485.1,-122.6,330.,344.7,143.8,388.1,504.9,161.8,650.4,1508.3,1775.6,1647.4,1621.2,1187.7,600.6,287.7,109.7,91.,92.9,108.5,93.4,-31.4,-127.4,-270.1,-576.8,-732.6,-612.3,-500.2,-392.4,-142.3,0.,0.,H
0.,0.,0.,0.,0.,0.,27.8,55.6,101.5,193.5,272.1,201.4,16.1,-111.9,-385.1,-803.6,-1043.,-1009.1,-1067.1,-1136.,-999.2,-960.9,-988.2,-954.6,-892.1,-834.6,-701.6,-597.2,-490.7,-303.1,-157.5,-46.5,0.,0.,0.,0.,0.,0.,0.,S
0.,-38.,-137.6,-238.7,-278.2,-334.4,-371.,-290.6,-135.5,-41.2,50.4,102.1,-45.,-285.3,-418.4,-535.7,-658.6,-594.3,-630.7,-737.,-319.1,448.7,1579.8,3325.4,4289.8,4499.8,4772.1,4446.,3423.3,2789.,2266.1,1374.1,612.9,75.3,-70.2,-93.3,-95.6,-37.4,0.,M
617.6,571.9,502.4,346.5,66.3,-233.1,-384.4,-511.3,-697.5,-706.2,-579.9,-504.5,-410.6,-173.9,10.9,112.1,171.3,223.1,246.1,213.8,129.,48.,-49.7,-23.4,257.,510.,606.6,707.1,774.9,666.5,604.2,617.6,640.4,615.5,513.7,371.7,351.1,411.1,403.8,M
0.,0.,0.,0.,55.,110.,145.9,115.1,-73.4,-250.2,-395.,-590.3,-582.6,3.2,475.8,691.6,456.5,-499.1,-1661.2,-2318.6,-2739.1,-2838.9,-2425.4,-1681.9,-1031.2,-365.5,771.4,1844.8,2474.6,2502.2,2131.,1488.4,980.2,371.7,0.,0.,0.,0.,0.,H
0.,0.,38.2,94.1,111.8,146.1,-185.3,679.1,1061.7,214.2,686.9,1730.8,1555.8,1761.4,2713.2,2187.3,1367.4,309.4,-706.5,-958.4,-826.6,-505.1,3.8,525.4,727.8,683.6,550.5,313.2,-27.8,-220.4,-465.4,-778.6,-775.7,-584.5,-464.4,-288.1,-55.9,0.,0.,H
0.,0.,0.,0.,0.,0.,36.5,183.7,338.3,427.8,469.3,364.6,-74.7,-677.5,-756.4,-571.1,-340.8,-421.9,-587.4,-397.7,-113.9,-78.,307.3,1026.3,921.1,440.8,227.6,209.8,104.5,9.4,-20.9,-5.7,0.,0.,0.,0.,0.,0.,0.,S
-131.6,-165.6,-248.8,-312.,-367.8,-352.2,-279.9,-234.,-237.7,-364.1,-575.8,-796.4,-977.,-1164.,-1306.2,-1241.5,-1228.,-1123.4,-1037.5,-1110.2,-737.3,-296.2,104.3,649.4,1127.6,1128.6,1052.1,766.9,285.6,32.2,-334.3,-622.1,-825.3,-838.2,-665.9,-476.1,-318.3,-117.1,0.,M
0.,0.,0.,19.5,39.,45.1,-7.8,-161.5,-301.,-345.8,-376.8,-389.8,-353.7,-299.4,-263.2,-442.8,-381.,-337.9,-454.2,-372.2,-163.6,-128.6,-92.5,170.5,223.8,240.4,367.6,637.,714.3,632.8,612.1,454.,223.,64.7,0.,0.,0.,0.,0.,S
0.,0.,0.,0.,-6.,-12.,-11.6,-12.1,-19.3,-12.8,0.,17.2,27.9,12.,1.,-0.6,-11.4,-14.5,7.6,16.9,11.8,3.9,-0.9,-0.8,-10.7,-17.6,-13.8,-25.,-32.9,-19.,-12.2,-14.9,-6.,2.8,0.,0.,0.,0.,0.,S
0.,0.,0.,-117.2,-234.4,-289.4,-371.2,-428.4,-381.4,-304.,-301.1,-341.6,-399.7,-527.9,-641.4,-736.5,-757.,-1085.2,-1597.,-1706.,-1512.8,-1365.7,-926.5,-218.8,3.6,52.9,134.9,113.4,99.1,154.,73.7,-12.6,13.2,30.,15.,0.,0.,0.,0.,S
14.,14.5,9.5,1.8,-0.4,-10.7,-20.1,-5.9,8.2,9.,9.5,7.7,-2.6,-14.2,-17.8,-14.,-0.2,1.4,2.,11.,15.4,4.9,4.9,23.3,26.8,19.3,13.3,-1.8,-12.9,-7.4,-11.3,-17.4,-5.6,-6.4,-21.2,-15.2,-2.7,0.1,-3.6,H
0.,0.,0.,-88.,-264.2,-352.4,-412.5,-549.5,-548.1,-523.9,-578.,-505.6,-49.9,393.2,707.6,962.2,862.1,441.,-74.4,-134.3,0.2,80.2,180.7,240.9,-15.5,-311.6,-268.3,-225.5,-113.6,66.4,134.,98.5,57.6,44.4,18.3,0.,0.,0.,0.,M
-192.2,-235.5,-341.8,-404.8,-447.8,-477.4,-457.8,-420.6,-389.6,-352.4,-310.7,-351.1,-484.9,-573.8,-535.7,-676.7,-732.1,-623.8,-639.2,-228.,293.8,442.9,171.4,-138.6,289.9,432.,464.,1462.,2141.6,1404.4,1150.1,1251.1,616.8,364.4,273.,88.4,-21.5,-19.1,0.,H
0.,0.,25.3,105.4,160.2,141.5,99.1,-46.8,-291.9,-414.8,-412.5,-506.4,-670.6,-913.5,-1088.4,-992.3,-660.,-389.2,60.7,476.,626.3,885.4,1254.9,1364.4,1213.2,989.8,478.3,36.4,-206.3,-295.2,-296.,-233.8,-147.4,-56.2,11.6,5.8,0.,0.,0.,M
0.,0.,-111.5,-326.6,-543.8,-776.,-894.6,-836.7,-733.5,-735.2,-734.7,-687.2,-661.7,-991.6,-1219.5,-1526.7,-1961.4,-1769.9,-1242.3,-675.6,218.3,881.6,789.9,787.6,644.8,285.7,158.8,82.2,38.2,147.2,223.2,222.8,227.7,188.2,102.1,30.2,0.,0.,0.,M
0.,0.,0.,-122.8,-300.9,-395.4,-447.2,-459.8,-377.9,-349.6,-417.4,-590.1,-748.6,-1017.2,-1220.8,-1160.7,-1371.9,-1578.2,-1051.7,-1015.3,-1434.,-280.4,801.8,631.2,1210.9,1831.7,972.3,242.4,112.9,-240.1,-377.7,-266.7,-241.6,-158.5,-68.2,-30.5,0.,0.,0.,H
0.,0.,0.,0.,0.,2.,-16.2,-36.4,-74.7,-123.5,-157.7,-179.1,-176.8,-171.4,-163.9,114.1,438.7,487.4,456.1,326.3,-116.2,-469.6,-479.,-426.8,-280.3,-65.8,93.5,132.6,226.3,332.6,314.8,223.9,163.4,81.7,0.,0.,0.,0.,0.,S
0.,0.,-50.3,-125.,-156.3,-175.9,-188.6,-157.,-129.1,-116.6,-129.5,-158.6,-264.3,-512.9,-857.4,-978.8,-898.6,-542.9,108.,380.9,128.2,-102.2,-145.6,-56.8,382.2,930.9,1172.8,1097.8,824.1,547.9,472.1,473.8,360.9,190.3,117.9,51.6,0.,0.,0.,H
-19.2,-56.9,-229.5,-531.6,-816.8,-934.8,-1019.2,-1082.1,-1155.9,-1161.1,-1071.,-540.8,131.6,157.3,117.5,194.2,-345.5,-991.7,-971.2,-769.2,-694.2,-534.8,-197.6,232.8,237.6,-10.2,-90.1,-427.,-674.6,-610.7,-556.2,-505.7,-313.3,-149.1,-47.7,31.4,33.,49.6,64.6,H
0.,0.,-40.3,-80.6,-126.8,-216.5,-280.5,-316.2,-331.4,-362.7,-298.1,-366.2,-543.4,-556.6,-363.5,-338.,-506.7,-523.7,-539.6,-854.8,-870.5,-206.9,665.8,1174.4,1446.,1562.2,1247.9,723.9,358.8,403.,438.7,475.9,462.7,403.8,287.6,151.,65.3,0.,0.,M
-232.4,-232.4,-226.4,-215.5,-227.3,-249.2,-254.4,-489.3,-1022.9,-1548.7,-1856.9,-1938.,-1794.1,-1396.8,-972.2,-716.6,-632.2,-500.4,-145.1,178.5,786.,1293.4,1547.7,1773.9,1809.4,1501.7,1130.4,879.9,474.1,166.5,-171.5,-357.2,-492.4,-684.,-701.1,-629.5,-597.2,-493.6,-390.,H
-691.,-823.8,-956.6,-1010.6,-1060.9,-1007.9,-880.5,-802.4,-745.4,-633.4,-504.6,-436.6,-442.4,-412.2,-488.9,-495.5,-420.4,-445.6,-562.4,-373.8,-121.7,-450.2,-725.4,-571.1,-758.6,-469.,945.2,1728.,2117.2,2981.2,2995.2,2297.1,2059.8,1812.4,1498.6,1398.2,1179.6,995.,995.,H
0.,0.,0.,0.,0.,0.,-85.1,-314.7,-545.3,-802.1,-903.3,-995.7,-1069.3,-838.5,-727.8,-491.4,-222.8,-209.9,-681.,-963.,-1067.2,-1094.2,-548.5,338.5,1239.6,1750.,2198.7,2194.8,1778.7,1305.7,764.3,251.5,0.,0.,0.,0.,0.,0.,0.,M
0.,4.,43.4,90.5,102.2,132.1,92.3,-107.3,-385.4,-533.6,-633.3,-679.3,-545.3,-328.5,-223.5,-249.4,-178.1,-36.5,39.4,250.2,614.3,515.5,271.5,279.6,-42.4,-339.,67.1,212.3,-23.2,515.5,1155.2,1090.3,997.,1069.6,673.6,62.1,-169.8,-93.1,0.,M
0.,-22.1,-101.6,-188.9,-282.9,-347.,-410.2,-442.2,-387.1,-391.9,-420.6,-351.3,-447.7,-639.1,-193.7,277.4,401.3,870.,1022.,191.1,-447.,-811.8,-1385.8,-1515.,-1189.3,-943.6,-634.3,-297.,-118.1,0.1,-32.6,-42.2,-25.5,-5.6,34.8,81.6,38.8,-2.,0.,S
0.,0.,23.3,79.5,112.4,70.4,-52.1,-247.1,-535.9,-710.2,-772.3,-693.8,-741.6,-1152.3,-1374.6,-1354.,-1804.,-1997.8,-1398.7,-1076.4,-543.9,568.5,1382.7,1904.3,2191.6,1914.4,1534.6,1206.1,709.1,438.,230.2,-87.4,-202.8,-183.2,-158.,-122.,-43.,0.,0.,H
0.,0.,-83.4,-259.2,-425.2,-665.5,-832.2,-902.4,-1032.9,-1153.9,-1183.7,-1152.8,-948.9,-818.5,-576.,-362.8,-465.6,-534.3,-67.,469.,799.3,1129.6,1153.8,849.2,302.3,-77.,-238.2,-362.9,-540.,-634.8,-690.2,-703.2,-682.,-589.4,-439.2,-277.9,-195.4,-97.7,0.,S
0.,0.,22.3,95.7,165.3,224.9,266.,273.1,290.8,309.7,242.7,167.4,111.4,-149.9,-492.7,-830.,-1029.8,-1081.2,-1131.7,-922.3,-482.2,-250.6,48.,578.6,932.,1243.5,1433.6,1336.6,1248.9,1098.8,819.1,698.8,575.2,353.,194.6,67.4,0.,0.,0.,S
45.,45.,76.8,125.,109.6,36.8,-4.2,-119.6,-194.6,-263.7,-476.,-578.8,-842.6,-998.9,-774.9,-439.7,-221.,149.8,485.,449.3,205.6,-38.,64.3,280.3,673.5,1135.7,1318.4,1234.2,976.5,605.5,363.3,318.6,256.8,107.,-37.8,-86.7,-78.8,-58.5,-38.2,M
0.,0.,0.,0.,-59.3,-126.7,-143.4,-180.3,-233.5,-232.3,-231.5,-306.1,-557.9,-678.,-594.2,-393.5,-219.2,43.6,230.8,158.7,37.,-37.8,51.,317.7,748.4,1013.4,1310.3,1657.5,1628.2,1280.,995.7,690.6,280.5,29.2,-6.9,0.,0.,0.,0.,H
562.8,561.4,503.5,423.3,346.4,250.6,97.2,-91.3,-99.1,-29.2,-16.7,-66.9,-173.2,-504.2,-791.6,-906.8,-1059.8,-965.1,-522.1,-211.6,-276.4,-137.7,151.3,163.5,90.2,-38.6,-364.3,-612.8,-390.3,-116.2,562.1,1672.,2276.5,2335.4,2221.4,2015.,1537.3,1059.1,852.2,H
79.4,93.,106.6,174.4,335.7,454.4,523.1,566.6,546.,458.2,251.9,1.1,-110.6,-214.1,-324.9,-175.8,40.4,100.2,352.9,582.1,238.2,-92.7,-103.2,-293.3,-670.1,-649.1,-613.8,-786.2,-540.7,152.6,812.9,1410.5,1795.6,1750.4,1647.3,1542.8,1375.3,1254.4,1254.4,M
0.,0.,0.,0.,-40.3,-80.6,-95.8,-140.,-216.9,-260.,-255.2,-422.3,-625.9,-716.3,-843.6,-917.,-646.9,-514.,-424.8,-249.1,-270.,-328.,-170.9,26.2,131.2,254.2,167.4,0.1,-218.4,-319.8,-313.,-256.,-130.9,-31.4,0.,0.,0.,0.,0.,S
0.,0.,-82.2,-164.4,-260.3,-451.8,-634.4,-745.3,-769.2,-792.5,-871.7,-876.2,-870.5,-916.2,-786.4,-625.1,-418.4,-12.3,218.6,285.7,407.,331.,54.6,-91.6,-236.5,-526.7,-780.1,-911.4,-934.6,-966.7,-936.,-774.5,-585.5,-495.2,-395.9,-148.3,0.,0.,0.,S
0.,0.,0.,0.,-49.7,-136.8,-196.4,-232.1,-245.6,-240.1,-200.1,-236.5,-393.8,-480.2,-557.6,-878.5,-1311.5,-1807.7,-2114.4,-1916.8,-1456.3,-651.6,602.9,1315.6,1437.4,1732.1,1727.7,1493.6,1436.8,1239.,851.8,580.5,249.3,0.,0.,0.,0.,0.,0.,M
0.,0.,-26.5,-53.6,-132.8,-363.,-514.6,-579.3,-750.3,-910.8,-868.6,-772.2,-674.,-536.3,-582.,-804.1,-941.,-1014.5,-992.8,-617.4,72.,481.2,549.3,693.5,1068.6,1262.1,1156.6,1302.3,1429.8,1184.,865.5,774.6,627.3,394.3,175.,20.7,0.,0.,0.,S
0.,0.,0.,65.8,166.7,257.5,330.,383.6,298.8,494.7,647.1,221.4,-76.,77.7,-334.8,-539.4,-184.8,-228.6,-102.4,237.1,282.4,429.1,743.8,750.7,795.2,794.3,786.6,817.4,620.7,430.1,353.7,213.3,155.4,84.3,6.6,0.,0.,0.,0.,M
0.,0.,0.,-16.1,-8.8,48.1,-39.9,-161.4,-206.3,-320.1,-564.2,-660.2,-581.,-602.4,-322.2,-77.,-182.6,-231.8,-95.2,-345.6,-290.1,343.9,535.4,438.9,543.7,572.4,337.8,275.8,346.9,354.4,277.6,238.7,213.,184.2,148.6,83.2,12.3,0.,0.,S
0.,0.,0.,0.,0.,0.,-4.7,-17.9,-30.8,-63.6,-173.5,-364.4,-581.5,-579.2,-589.3,-809.7,-892.2,-663.7,-344.3,-52.7,554.2,1222.5,1500.9,1428.1,1398.1,1298.9,1054.4,857.4,621.4,402.7,225.3,79.6,0.,0.,0.,0.,0.,0.,0.,S
-94.,-92.,-145.8,-240.2,-201.2,-123.6,45.5,437.2,637.1,828.7,1043.,892.5,431.6,10.7,-443.1,-786.4,-1006.1,-1319.8,-1315.5,-1131.7,-753.5,-261.7,369.8,1038.2,1414.8,1262.7,1143.3,1193.8,918.4,628.3,490.8,379.3,251.7,274.5,323.2,333.,271.2,153.5,97.6,H
0.,-62.5,-154.8,-222.7,-297.2,-452.8,-509.5,-540.8,-729.1,-656.1,-448.6,-408.6,-214.,213.1,386.1,405.8,418.2,411.5,289.2,63.5,195.9,438.4,709.5,1092.5,1276.8,1202.7,1123.,823.1,515.1,484.4,393.1,324.4,340.3,268.1,168.7,130.1,102.8,51.4,0.,H
0.,0.,0.,0.,32.4,-26.,-185.7,-227.7,-200.8,-252.,172.6,733.6,571.7,324.6,8.9,-1061.3,-1989.4,-2215.7,-2268.4,-2185.5,-1648.5,-1266.1,-1077.9,-818.,-442.5,-73.6,332.4,955.8,1166.6,1178.1,1111.6,850.,468.6,270.8,135.4,0.,0.,0.,0.,H
0.,0.,0.,0.,0.,-68.6,-137.2,-194.7,-298.4,-386.9,-415.5,-569.2,-679.1,-665.,-969.6,-1332.8,-1299.7,-1164.6,-1498.5,-1201.6,-67.8,839.,1242.8,1793.6,2058.5,1413.5,593.7,133.,7.1,-160.2,-188.6,-86.4,2.8,1.4,0.,0.,0.,0.,0.,S
0.,0.,10.5,23.2,27.5,28.2,26.8,2.5,-19.7,-20.3,-30.5,-38.,-14.6,-1.6,-7.7,-0.5,2.4,2.,10.3,16.3,14.5,15.4,9.4,-1.2,-9.7,0.1,13.8,11.3,7.5,9.,-4.2,-20.2,-16.5,-9.5,-6.1,1.4,8.8,4.4,0.,S
1.4,0.3,-4.3,-4.3,-0.8,-2.6,-6.7,-9.6,-1.9,6.4,2.4,-5.8,-2.,-12.9,-31.8,-17.2,7.7,10.5,7.8,12.6,0.,-14.2,-7.1,-3.1,-7.8,-6.4,-7.9,-17.6,-13.5,-2.6,-3.3,1.8,9.,6.7,3.,5.4,3.8,0.1,0.4,H
254.,254.,289.,308.8,325.5,291.9,226.4,124.8,-52.7,-269.5,-447.8,-485.2,-504.4,-534.5,-628.9,-685.3,-658.2,-519.8,-328.5,-110.7,222.5,390.8,444.3,840.6,1454.2,1705.9,1686.8,1692.4,1394.2,922.7,765.2,775.4,698.9,565.8,346.,51.9,-79.,-114.2,-149.4,H
-78.8,-88.3,-129.4,-173.6,-186.2,-255.7,-389.3,-468.2,-692.2,-901.4,-203.9,192.2,315.6,975.2,1210.,341.4,35.5,214.1,-115.1,-60.2,311.3,737.6,942.8,1213.,1332.8,1216.4,884.8,541.2,177.7,-57.4,-117.3,-239.6,-388.8,-428.2,-380.8,-296.,-176.1,-70.5,0.,H
0.,0.,46.,140.2,231.5,319.6,364.6,372.5,56.5,-1007.2,-2412.7,-3078.4,-3602.2,-4210.,-3960.5,-3456.1,-3285.2,-3160.1,-2843.9,-2272.1,-1308.4,-725.4,-107.6,1034.9,1776.5,1974.9,1956.4,1761.1,812.7,-953.2,-2694.6,-3423.2,-3500.9,-3181.6,-2006.2,-613.9,0.,0.,0.,S
995.,1060.9,1126.8,624.,-469.,-1593.2,-2476.3,-2825.4,-2647.4,-2108.4,-1472.3,-923.1,-649.,-524.9,-343.2,-282.2,-317.4,-371.1,-334.1,-244.,10.3,274.3,725.2,1372.6,1506.1,1082.4,769.4,94.5,-1051.7,-1520.8,-1389.8,-1261.,-996.2,-466.1,-29.5,324.2,506.6,528.6,550.6,M
0.,0.,-88.5,-169.6,-162.2,-68.1,144.9,457.8,792.5,933.2,1041.5,1262.9,1785.9,2047.7,1899.6,1896.6,1809.6,1435.9,1354.3,1562.4,1255.4,500.6,-286.1,-833.1,-1044.5,-867.2,-240.9,449.2,693.6,835.5,1247.6,1371.9,1094.8,963.6,825.,343.2,0.,0.,0.,S
0.,0.,548.,1096.,1387.1,1678.2,1987.5,2040.5,1460.7,97.9,-941.4,-1733.,-3010.5,-3222.9,-2270.5,-1591.6,-1203.3,-713.2,-696.8,-612.3,-442.4,-193.7,439.5,1667.6,3032.2,3740.8,3773.7,2819.3,703.4,-1586.1,-2747.,-3113.4,-2784.6,-1669.,-709.3,-357.6,-178.8,0.,0.,M
0.,208.7,608.2,993.7,1351.9,1515.4,845.9,-672.4,-2092.2,-2997.1,-3331.,-2872.8,-1731.1,-864.2,-518.3,-355.8,-31.5,607.7,1404.1,2117.5,2349.4,2293.9,2103.,1818.4,1616.2,1563.2,1286.6,250.3,-1151.5,-2218.,-2642.4,-2731.4,-2235.3,-1147.5,-391.4,-138.,-38.6,30.4,0.,S
0.,0.,0.,-122.,-244.,-328.5,-680.,-1738.1,-3065.7,-3602.2,-3858.4,-4030.1,-3252.1,-2507.3,-2456.,-2927.7,-3425.4,-3143.2,-1851.6,-868.2,656.5,3083.7,4293.7,4461.9,4322.6,3715.1,2208.8,-22.4,-2224.5,-3094.2,-3199.,-3099.,-2079.9,-632.8,0.,0.,0.,0.,0.,M
0.,-214.3,-595.8,-869.6,-1115.1,-1254.,-1403.8,-1978.8,-2764.2,-3382.7,-3641.,-3714.,-3575.4,-3453.6,-3695.1,-3846.8,-3840.9,-3921.9,-3829.9,-3074.,-2497.,-1722.2,85.7,1898.8,2402.4,2126.,1402.6,-69.3,-1389.9,-1759.4,-1556.8,-1188.,-651.8,-314.6,-99.1,-53.4,-42.4,-15.7,0.,M
0.,0.,35.9,73.2,74.6,139.7,259.1,172.,-164.,-358.6,-900.6,-2328.6,-4109.6,-5700.5,-6396.4,-6498.9,-6147.4,-4680.6,-2684.9,-1702.,-829.,838.,1962.7,2586.5,2879.6,2906.3,2871.4,2693.2,2028.7,1480.8,907.,-21.5,-602.6,-668.,-507.,-253.5,0.,0.,0.,H
-61.6,-61.6,-77.3,-115.8,-137.9,-109.3,-81.4,-54.6,-68.8,-356.2,-837.2,-1071.8,-1218.1,-1424.4,-1383.3,-1168.7,-1055.2,-1056.,-1069.7,-1091.7,-1024.1,-947.4,-776.1,-282.,401.1,976.3,1191.2,1226.7,1128.,705.6,82.2,-253.,-466.9,-732.7,-703.,-453.8,-286.2,-143.1,0.,M
0.,0.,-351.9,-957.6,-1211.4,-1407.8,-1824.1,-2026.9,-2120.5,-2231.2,-2432.3,-2262.1,-1343.2,-738.3,-681.,-533.7,-640.7,-1206.9,-1320.,-1121.2,-995.3,-870.1,-902.7,-826.2,-738.2,-586.6,-239.1,251.8,567.2,690.3,854.2,915.2,751.,566.6,463.9,272.7,92.1,0.,0.,S
0.,0.,0.,179.2,-67.2,-492.8,-1245.4,-2453.5,-3203.1,-3103.,-2708.8,-2047.4,-1095.5,-858.7,-1139.5,-1366.6,-1088.2,-161.9,1031.7,2141.5,2705.6,2811.7,2036.6,-59.8,-2055.,-2835.,-3398.,-3665.1,-2459.6,-1034.5,-519.,-249.3,122.8,153.7,41.1,0.,0.,0.,0.,S
0.,0.,0.,57.7,213.4,465.9,799.8,1169.,1490.3,1689.1,1794.2,1838.3,1824.8,1479.7,597.6,-87.2,-78.5,893.7,3052.5,5174.3,5968.9,5590.1,4087.7,1657.6,-28.,-400.2,-234.8,187.7,726.7,1104.3,1024.7,736.5,488.5,186.9,-99.3,-114.9,0.,0.,0.,M
0.,0.,0.,0.,-182.4,-426.6,-488.4,-556.5,-635.2,-489.9,-455.5,-577.,-1091.7,-2092.2,-2783.,-2762.9,-2537.8,-1916.,-875.5,-195.1,-57.,-180.6,-356.2,-589.6,-685.6,-686.1,-648.4,-579.4,-688.2,-858.,-805.9,-761.8,-694.2,-313.3,0.,0.,0.,0.,0.,S
0.,0.,0.,-337.2,-674.4,-1033.4,-1700.2,-2277.7,-2483.6,-2419.8,-2362.1,-2283.1,-2254.4,-2132.1,-2017.2,-1666.5,-742.3,107.,549.2,715.6,585.1,167.6,-184.1,-265.1,-281.4,-211.2,-91.,107.7,411.8,567.2,578.1,539.,391.5,147.,0.,0.,0.,0.,0.,S
0.,0.,0.,4.1,19.5,38.6,126.4,206.4,290.,378.7,-344.4,-2220.2,-3367.8,-4329.4,-5936.3,-6258.5,-5024.1,-4112.8,-3392.6,-2062.2,-1204.2,-914.7,-873.,-558.,-108.9,395.8,1105.4,1444.4,1461.4,1589.4,1361.8,-90.,-1203.2,-1381.5,-1786.2,-1895.1,-888.8,0.,0.,S
0.,0.,41.4,130.,249.9,107.2,-108.2,-856.,-2338.3,-3709.8,-4555.,-4763.2,-4330.2,-3342.,-2468.6,-1803.2,-1456.,-1162.7,-591.3,147.1,1013.8,1746.2,2052.3,2187.9,2403.8,2373.1,2055.6,1829.2,1127.3,-313.6,-1640.3,-2588.1,-2948.2,-2547.8,-1683.,-869.8,-260.5,0.,0.,S
-226.2,-302.1,-450.4,-592.7,-662.6,-601.4,-511.1,-767.2,-1709.8,-2367.2,-3080.6,-4529.,-5815.8,-6416.,-6464.4,-6402.2,-6076.3,-5336.1,-4393.5,-3927.4,-3529.5,-2437.3,-1142.2,-66.9,407.6,902.6,1256.9,459.4,-1256.6,-2315.8,-3319.3,-4970.5,-5645.8,-4779.1,-3884.8,-3071.1,-1645.2,-516.5,0.,H
83.8,101.3,147.,214.8,254.4,301.,429.8,624.4,810.2,883.6,860.7,352.1,-1211.,-3603.4,-4918.4,-6164.9,-8007.2,-8489.2,-7822.5,-7269.6,-6463.8,-4839.1,-2995.4,-1019.6,-68.6,980.7,2192.9,2154.,1832.7,1713.2,981.4,-253.4,-1258.6,-2308.1,-2855.4,-2797.8,-2237.2,-1232.,-729.8,M
-356.2,-551.4,-1303.1,-3085.1,-5169.6,-6028.6,-6513.5,-6853.2,-5721.9,-3932.8,-3129.8,-2691.8,-2042.5,-1787.6,-1568.7,-1393.4,-1245.8,-648.5,481.7,1625.9,2089.6,2143.1,2294.,2204.9,1727.7,1437.,1567.,1400.9,765.2,223.2,20.8,-59.7,-126.4,47.2,295.2,383.4,374.9,301.6,236.8,S
0.,0.,0.,0.,-381.2,-969.,-1241.3,-1410.4,-1513.8,-1254.9,-816.5,-499.2,-290.5,-219.6,14.8,469.5,755.6,1103.5,1385.6,1215.7,15.8,-1921.9,-3619.2,-4408.8,-4687.9,-4275.,-2873.9,-1624.8,-1148.4,-924.9,-493.,-287.5,-226.8,-163.2,-49.8,0.,0.,0.,0.,S
0.,-693.4,-1386.8,-1851.4,-2644.2,-3163.3,-2851.8,-2349.4,-2089.9,-1656.7,-1373.5,-1033.,-802.,-855.1,-412.3,438.,1343.8,1895.2,2423.2,2874.7,1915.7,-206.7,-1446.6,-2128.5,-3320.4,-3303.1,-2266.,-1756.2,-1540.4,-1275.5,-1186.2,-1057.7,-969.4,-773.1,-380.8,-142.8,-50.4,0.,0.,H
0.,0.,0.,123.2,-79.,-1254.8,-2680.2,-3255.2,-3774.6,-4396.7,-3904.4,-2732.2,-2155.,-1441.6,138.8,1831.3,3266.,3875.2,4330.5,5029.6,5223.7,4562.6,4281.1,4060.3,2970.7,1924.7,1417.6,480.4,-1695.9,-3848.4,-5252.,-5742.2,-5134.9,-3510.3,-1723.4,-476.9,0.,0.,0.,H
694.8,694.8,887.7,1261.8,1239.1,615.,194.8,-207.8,-902.4,-1296.2,-1241.1,-1120.9,-947.9,-698.1,-538.9,-352.5,-248.5,-148.8,90.2,439.1,759.,906.,1065.1,1301.4,1541.2,1920.5,2137.2,2152.6,2006.1,1514.9,802.2,418.8,163.9,-83.9,-50.6,-1.9,20.6,38.,55.4,H
442.8,666.6,1129.4,1554.9,1741.4,1731.4,1717.7,1062.7,-604.6,-1620.6,-2436.2,-3947.3,-4906.7,-4793.7,-4416.8,-4311.,-4177.,-3503.6,-1822.4,-786.4,493.7,2779.5,4431.8,5101.1,5123.8,4771.4,4254.4,3800.6,3188.3,2865.2,2751.4,2238.6,778.4,-1182.2,-2081.6,-2397.1,-2707.5,-1967.6,-1232.8,M
-1262.2,-1684.2,-2106.2,-2405.7,-3041.6,-2930.2,-2138.2,-1794.,-1504.3,-756.5,34.4,607.8,848.4,1031.6,1202.7,910.1,-623.6,-1876.8,-3485.4,-6278.9,-8050.1,-7779.3,-6922.2,-5527.7,-3048.9,-1406.1,-90.5,666.6,1365.6,2757.6,4120.1,4692.7,4990.2,5084.,4081.4,2868.7,1931.1,1109.8,715.4,M
0.,68.3,223.7,421.5,532.2,619.9,733.3,776.7,601.6,408.8,-47.,-1123.8,-2422.8,-3616.,-4131.2,-4438.9,-4543.,-4020.4,-3202.5,-2703.6,-1975.5,-782.4,56.8,698.7,966.4,1059.5,1189.2,1136.6,341.8,-363.8,-1412.7,-3445.4,-5132.7,-5299.9,-4763.6,-3860.1,-2151.,-672.7,0.,H
-477.6,-637.6,-799.2,-699.5,-598.2,-327.3,214.7,714.5,1137.2,1331.2,1605.1,1905.3,1713.,1040.8,587.2,-79.8,-915.8,-846.6,-188.,232.4,802.5,1467.3,1044.8,374.7,221.8,201.2,306.9,757.5,963.6,845.4,698.6,450.1,405.4,635.2,808.,766.3,636.9,438.4,327.6,H
276.2,401.5,584.,708.,774.8,714.2,594.8,521.5,-56.5,-620.,-1312.1,-2596.3,-4025.9,-4999.9,-5136.4,-4658.4,-3824.,-2307.5,-578.7,-10.,661.6,1828.9,2313.9,3077.6,3852.,3969.6,4119.,3747.1,2271.6,1199.8,398.1,-611.4,-770.1,-197.8,325.4,486.,496.1,345.6,345.6,M
0.,0.,-251.5,-738.8,-1082.2,-1189.8,-1211.7,-969.,-410.7,31.7,180.4,7.,-680.8,-2263.3,-4217.,-5102.6,-5494.7,-5679.3,-4620.2,-2378.7,-988.8,280.3,2390.9,4020.7,4607.3,4405.6,4042.4,3452.6,2872.9,2417.4,2315.,2235.6,1835.1,1237.4,719.5,478.2,239.1,0.,0.,H
-331.8,-341.9,-343.6,-194.8,82.5,219.4,296.3,52.5,-905.6,-2154.3,-2765.6,-3290.5,-3803.1,-3366.2,-2548.7,-2155.8,-1973.1,-1733.8,-1582.,-1332.8,-1178.8,-801.9,-48.4,529.7,901.1,1071.,934.8,165.,-1071.2,-2211.1,-2748.4,-2946.1,-2756.7,-1939.9,-1170.3,-830.4,-598.,-252.3,-139.,S
714.8,882.3,1270.4,1491.,1570.,1709.7,1857.3,1963.3,1982.4,1989.1,1878.5,1257.3,254.9,-243.6,-803.4,-1766.3,-1956.8,-1370.8,-997.4,-425.6,642.5,1562.2,2245.4,2505.2,2529.,2574.9,2444.,2113.2,1935.4,1847.3,1666.7,1480.9,1142.5,897.4,687.1,330.1,43.2,-48.5,0.,M
0.,-536.1,-1456.6,-1890.1,-1853.3,-1767.4,-1061.1,146.4,776.6,914.7,923.8,898.3,947.9,1151.9,1303.,1325.2,991.5,200.,-85.,336.4,585.,718.2,1079.8,920.4,228.6,-75.4,100.9,430.,703.1,880.8,938.2,972.9,1092.9,1064.1,830.8,711.6,556.4,200.6,0.,S
0.,0.,0.,0.,-430.9,-861.8,-1850.6,-3932.5,-6005.5,-7427.1,-7868.8,-7663.4,-7322.9,-7027.1,-6354.3,-5842.2,-5085.2,-3245.5,-1304.,105.7,656.6,747.4,470.1,62.4,-297.5,-617.8,-1118.3,-2331.5,-3936.6,-4699.1,-4569.2,-4133.1,-2740.9,-892.4,0.,0.,0.,0.,0.,S
0.,0.,-50.5,-101.,-64.3,74.9,347.7,753.2,988.4,1160.1,1436.7,1285.1,35.,-958.6,-1941.9,-3636.3,-4493.3,-3841.8,-3044.4,-2230.,-915.1,-166.5,190.8,300.,446.,821.6,1318.6,1750.2,1914.4,2024.5,2198.9,2235.,1944.9,1683.,1387.4,801.1,255.2,0.,0.,S
0.,178.,537.8,804.9,265.7,-358.8,-1109.2,-2219.5,-2725.8,-2330.7,-1789.2,-1633.1,-1888.6,-2730.5,-3077.8,-3370.5,-3406.5,-1325.3,2047.7,3679.2,5403.6,8128.4,8644.4,7364.5,6569.,4840.9,1780.2,-351.9,-1456.,-1760.6,-1283.7,-276.3,463.2,632.2,592.2,494.7,275.5,76.9,0.,M
0.,-347.1,-925.,-1313.5,-1563.8,-1656.4,-1384.8,-946.8,-614.1,-256.,-64.2,135.1,173.9,-725.,-2464.4,-3465.4,-4530.6,-6247.2,-6833.8,-6199.1,-5629.2,-4668.,-3053.7,-1586.9,-96.9,579.4,769.1,1335.2,1669.4,1469.1,1311.,1345.4,1511.7,1537.1,1244.3,1058.,814.1,285.1,0.,H
-1415.4,-2255.9,-3096.4,-3641.6,-4608.3,-4976.5,-4363.9,-3804.6,-3321.1,-2495.1,-1838.4,-1302.,-1079.8,-887.5,-614.2,-890.4,-1725.6,-2203.6,-2458.4,-2731.8,-1762.6,250.2,1275.2,1459.4,1622.3,974.5,-260.4,-868.8,-796.2,-613.2,-456.5,-332.3,-254.4,-208.5,-54.3,173.8,336.1,378.6,378.6,S
0.,267.5,535.,794.4,1333.7,1911.4,2202.9,2196.6,2306.3,2462.,2353.3,1906.5,1614.4,1092.4,136.8,-440.7,-501.8,-419.,-177.1,278.1,590.6,718.3,746.8,923.6,1280.8,1705.6,2322.4,2694.8,2921.2,3292.9,3439.3,3229.2,3018.,2525.8,1602.3,827.1,241.6,0.,0.,H
0.,88.4,176.8,276.2,449.4,604.1,662.3,639.6,633.4,240.,-907.6,-2404.7,-3141.4,-3866.,-4779.,-4581.8,-3643.9,-3091.6,-2539.9,-1568.6,-884.2,-474.7,-330.,-266.4,-142.3,-21.6,3.3,-32.,-24.3,19.3,63.5,-126.7,-977.6,-1621.6,-1627.4,-1681.,-1512.6,-652.4,0.,S
0.,0.,-34.8,-201.8,-514.7,-775.9,-856.4,-909.9,-859.1,-610.1,-772.9,-1080.4,-1562.1,-2723.3,-4507.2,-6359.8,-7108.,-6882.2,-6018.9,-4360.5,-2135.2,-930.8,-132.,1474.3,3732.1,6037.7,6893.,7199.6,7409.4,6547.8,5317.8,4852.6,4284.9,3076.4,1869.6,845.3,387.,193.5,0.,H
-123.6,-131.1,-61.5,130.1,244.6,317.8,349.6,233.6,-19.6,-198.2,-627.2,-1794.5,-1974.3,-1351.7,-1287.6,-197.6,2373.1,3908.3,4459.9,4957.,4521.8,3702.5,2882.5,2524.4,2602.2,3024.7,3602.8,3962.3,3883.9,3601.6,3077.4,1838.5,544.8,-360.9,-687.6,-823.1,-708.9,-263.7,-68.2,H
372.,450.1,633.,663.1,588.4,294.8,-220.3,-701.4,-949.9,-938.8,-855.2,-626.4,-374.4,-449.2,-630.8,-626.5,-258.3,676.7,1823.7,2399.6,2555.6,2245.,960.8,-502.9,-1149.,-1612.9,-2209.2,-2232.9,-2089.3,-2054.4,-1914.9,-1674.6,-1411.1,-967.9,-687.4,-499.3,-178.7,-23.1,0.,S
0.,0.,0.,-44.8,-170.7,-251.8,-311.9,-368.1,-342.9,-300.8,-280.,-264.8,-203.5,-127.7,-77.,-56.,-117.9,-293.8,-1037.3,-2745.,-3823.2,-4295.6,-4273.6,-2733.9,-204.8,1279.,2088.3,2743.,2330.1,1885.2,1698.6,1468.5,962.6,523.1,179.7,0.,0.,0.,0.,S
-78.8,-113.2,-147.6,-199.,-244.7,-206.5,-212.9,-251.8,-285.7,-324.5,-697.4,-1565.2,-2065.,-2915.4,-4561.6,-5682.5,-5377.4,-4747.2,-3397.2,-509.,2271.2,3621.5,3729.8,3554.9,2781.6,1749.,1311.4,1308.,1117.7,827.1,607.8,398.3,307.8,258.7,165.1,131.8,71.5,0.,0.,S
0.,-17.3,-95.8,-157.,-143.9,-213.7,-247.9,-152.1,-105.,-78.7,98.,226.4,213.9,223.4,161.5,138.1,81.7,-191.6,-370.,-709.4,-1879.6,-3143.3,-3108.8,-2641.4,-1660.3,684.,2988.3,3645.,3454.5,2924.8,1684.,719.,353.,240.9,151.4,134.6,38.5,-18.2,0.,S
0.,0.,0.,-4.,-8.,15.8,19.9,14.,-240.3,-508.4,-658.1,-650.1,-749.7,-1294.1,-1581.2,-2103.7,-3574.2,-4800.1,-5185.6,-5293.2,-4637.8,-2660.1,112.9,3132.3,4701.,5153.9,5380.2,4384.,2829.3,2044.2,1584.3,838.7,393.3,116.8,0.,0.,0.,0.,0.,H
0.,0.,-32.6,-78.6,-127.7,-213.7,-264.,-276.5,-318.4,-363.8,-956.5,-1533.2,-2125.6,-2426.4,-1928.9,-1584.4,-1445.8,-1640.1,-2920.8,-4881.,-5615.1,-5207.,-4106.8,-1264.2,2277.8,4581.5,5247.4,5140.8,4071.3,2347.5,1413.2,971.4,975.3,1037.3,776.3,475.2,331.4,165.7,0.,H
0.,0.,0.,-60.,-156.4,-200.7,-214.1,-219.6,-189.2,-144.4,-129.,-130.4,-132.8,-62.9,-183.6,-367.3,-578.1,-795.8,-1365.6,-2359.1,-2950.8,-2539.3,-1959.8,-1009.5,731.,1674.1,1467.1,1107.2,695.4,145.2,45.9,91.,97.,88.,63.5,24.,0.,0.,0.,S
0.,0.,0.,-25.5,-82.3,-489.,-864.4,-1429.4,-2286.7,-2541.7,-2045.9,-1587.4,-1196.6,-664.,-537.1,-1218.6,-1885.2,-2258.9,-3567.4,-5521.7,-5957.7,-5340.7,-3313.,748.,4335.6,5856.4,6226.5,5329.3,3418.5,2466.5,2158.,1754.4,1171.8,680.3,183.9,0.,0.,0.,0.,H
0.,0.,121.6,381.6,615.6,854.6,998.,1054.7,1120.,1171.4,1172.1,1130.,1088.9,1175.6,1039.4,290.3,-194.8,-809.1,-2118.3,-3479.,-5540.,-6935.2,-7846.,-7915.4,-5067.7,77.3,3216.,5246.8,7072.,5751.7,3310.8,1984.6,1341.7,483.1,167.2,33.5,0.,0.,0.,M
0.,-137.9,-275.8,-269.5,-283.7,-290.1,-171.,-66.,-26.3,13.,-331.6,-1489.6,-2303.4,-3001.8,-4677.6,-6428.2,-7601.7,-8002.,-7877.1,-6707.4,-4854.8,-2262.8,-478.6,766.1,3084.3,5723.4,7797.5,8306.,8114.3,7056.5,4953.3,2874.7,2033.2,1507.7,728.3,441.4,204.2,0.,0.,H
0.,0.,-90.4,-253.8,-352.4,-378.,-443.5,-399.4,-299.5,-549.5,-789.8,-665.8,-282.6,-970.5,-2036.9,-2156.2,-2951.2,-4523.,-5492.,-6273.3,-6862.4,-5629.3,-3181.4,458.1,4483.2,6083.6,6180.3,5861.5,4335.7,2786.8,2348.2,1754.9,860.7,467.4,187.5,0.,0.,0.,0.,H
-188.8,-188.8,-228.5,-232.4,-161.3,-111.6,-97.2,-61.3,-55.4,-38.3,23.4,38.,37.,-158.4,-714.3,-1345.1,-1614.4,-2086.3,-2428.4,-1804.5,-659.4,-8.4,854.8,2014.6,2197.4,1713.6,1343.6,947.4,318.7,-26.2,-116.4,-94.2,-34.9,41.5,126.9,169.6,144.,94.4,44.8,S
0.,0.,0.,0.,-13.9,-20.,-12.5,-104.1,-337.5,-518.1,-74.8,443.7,66.9,-672.,-1122.7,-2114.8,-3313.6,-3956.,-4132.7,-3541.,-2251.1,-602.8,1466.9,3332.2,3836.2,3417.2,2623.8,1771.8,1183.9,871.6,633.9,451.8,344.9,216.5,78.3,0.,0.,0.,0.,H
414.4,390.2,437.5,509.,331.6,157.9,5.7,-140.7,-131.2,-437.,-897.6,-925.4,-1247.9,-1697.4,-1963.6,-2480.2,-3280.6,-4241.1,-4651.6,-5381.5,-6191.2,-4684.6,-1474.3,149.6,2320.2,5632.3,6127.8,4900.,4318.2,3785.,2657.3,2006.7,1782.7,1614.8,1303.5,872.5,471.6,95.2,0.,H
-68.6,-68.6,-45.4,63.2,109.7,80.5,90.2,-69.2,-373.8,-562.4,-169.2,267.4,534.,691.8,653.8,132.2,-460.2,-761.5,-1132.4,-1456.2,-2046.8,-2383.2,-4062.1,-7167.2,-9345.4,-9674.8,-9252.2,-6687.2,-1833.,1830.3,3598.7,3993.,3461.5,2392.4,1555.3,958.8,661.8,478.1,294.4,H
-31.2,-10.5,-30.4,-71.,93.8,483.8,901.4,1280.8,1467.8,1425.4,1306.6,611.3,-208.2,-408.8,-556.1,-1059.5,-1025.6,-629.8,-724.2,-804.8,-1245.5,-3451.1,-5502.1,-4891.,-3974.2,-2242.3,1917.1,5181.2,5660.6,5303.4,4476.1,3103.,2278.3,1645.,1290.6,1074.5,737.8,413.6,210.,S
869.6,782.6,578.4,461.2,510.7,449.8,266.9,292.5,390.6,313.1,290.1,357.,283.6,197.8,274.,267.8,199.8,219.4,224.6,89.3,-66.9,-234.9,-622.5,-863.,-1109.3,-1199.4,-565.1,494.4,1075.8,1727.7,2466.5,2215.9,1586.4,1294.4,1063.2,755.8,675.4,540.,408.8,S
0.,0.,-85.7,-259.,-417.3,-488.,-528.1,-537.,-485.8,-453.7,-441.6,-466.5,-533.,-571.6,-809.6,-1050.6,-1198.4,-1490.6,-2025.7,-2354.1,-2291.8,-1887.8,-900.1,341.5,1299.1,1598.8,1399.8,825.4,181.9,-234.3,-382.4,-497.3,-580.,-482.3,-331.1,-245.4,-122.7,0.,0.,S
-32.,-81.6,-131.2,-180.9,-283.9,-400.8,-425.7,-387.,-378.9,-381.6,-421.3,-649.6,-849.,-834.3,-988.8,-1138.,-907.7,-1076.1,-1745.2,-1692.4,-947.3,-281.2,361.7,1297.9,1888.4,1672.3,1210.6,998.,716.7,267.2,32.5,-91.2,-148.4,-107.3,-40.9,-13.4,-5.6,0.,0.,S
0.,0.,0.,0.,0.,0.,0.,11.4,-45.4,-297.9,-482.2,-596.4,-832.3,-908.6,-680.9,-571.1,-529.4,-448.4,-670.1,-1609.5,-3819.1,-5277.8,-5942.,-5204.2,-3049.3,-765.2,1434.4,3344.5,3395.5,2204.8,2204.8,1536.4,434.,0.,0.,0.,0.,0.,0.,M
0.,0.,0.,-25.9,-15.,21.9,27.6,33.2,78.7,43.6,-16.3,-117.8,-240.,-452.3,-704.,-950.,-1024.,-891.4,-1022.3,-1374.1,-2006.3,-2617.5,-2817.4,-2054.7,-373.8,1710.,3384.7,3893.8,3653.,2925.4,1870.1,976.4,651.2,452.9,127.3,0.,0.,0.,0.,S
0.,0.,0.,-47.9,-135.4,-175.,-237.1,-332.5,-329.3,-283.8,-274.8,-275.3,-422.5,-805.6,-992.3,-942.6,-1191.9,-1892.9,-2399.4,-2222.3,-1990.4,-889.4,1270.7,2704.,2838.6,2599.,1794.1,477.5,-179.1,-455.7,-587.4,-571.6,-471.5,-313.9,-120.3,0.,0.,0.,0.,M
0.,0.,0.,-83.7,-300.7,-512.5,-695.3,-799.6,-799.4,-703.4,-693.9,-1113.9,-1447.6,-1528.,-1355.1,-688.4,195.,665.,819.2,-93.9,-2583.3,-4186.,-4366.6,-3238.2,-638.9,2258.7,4023.3,4361.2,3078.2,1215.9,374.3,-53.2,-218.4,-54.1,70.1,39.1,24.1,0.,0.,S
-95.2,-95.2,-100.1,-76.8,-41.9,-28.1,-21.,-71.6,-236.9,-494.4,-602.4,-567.6,-434.5,-32.2,466.7,584.2,472.,233.8,-495.6,-1539.3,-2439.6,-2787.4,-3197.1,-3120.8,-1842.3,-357.1,335.6,1091.7,1781.7,1549.6,1195.4,1007.2,890.,665.6,396.5,190.1,145.6,77.,8.4,S
-42.6,-86.2,-166.5,-196.1,-195.1,-201.2,-174.4,-126.6,-163.1,-304.6,-388.6,-468.9,-606.2,-671.9,-804.6,-928.6,-718.7,-634.,-781.7,-1319.1,-1834.,-2277.6,-2210.1,-1353.5,21.9,1051.8,1710.1,2142.9,1664.,1143.3,876.,571.8,164.7,52.6,31.1,18.8,-4.5,-12.6,2.6,S
0.,0.,-64.4,-128.8,-212.9,-340.,-431.7,-502.7,-525.,-715.2,-1096.5,-1441.1,-1777.9,-1961.2,-1543.8,-795.2,-211.6,368.5,696.2,81.7,-955.,-1084.3,-376.,39.4,844.7,2211.3,2561.6,2008.6,1666.6,1401.4,995.1,808.9,632.7,501.6,432.9,269.1,87.,0.,0.,S
-27.4,-41.3,-15.6,24.,41.2,14.1,-195.1,-399.6,-171.4,-323.2,-831.4,-1055.2,-1190.4,-1793.5,-2165.3,-1719.4,-1689.3,-1873.8,-2017.7,-3758.,-5486.2,-4653.2,-3688.4,-2591.7,1271.2,4625.9,5066.4,4918.4,4446.7,3061.9,1783.4,1119.,820.,753.2,600.,355.1,177.3,158.,158.,H
0.,-43.7,-147.1,-206.8,-316.,-540.,-748.5,-377.5,87.2,95.2,-2.8,-293.5,-1041.9,-1605.6,-1842.4,-2149.,-2479.,-4044.7,-5350.2,-6020.8,-6778.5,-5727.2,-2323.7,-58.6,1540.2,3988.6,4477.1,3482.3,2848.6,2431.9,1543.3,1014.4,855.1,752.8,579.3,405.8,267.8,64.9,0.,H
-39.2,-39.2,-35.9,12.1,45.4,5.4,-23.2,-7.9,-18.2,-118.,-369.7,-547.2,-651.,-936.3,-1028.8,-804.6,-669.4,-940.3,-1552.8,-2292.5,-2683.3,-2676.,-2072.8,-368.4,1634.5,3057.1,3578.,3531.4,3059.6,2109.9,1231.6,877.8,631.2,249.4,107.9,13.4,-74.8,-28.7,17.4,M
66.,66.,133.8,203.1,204.8,186.1,167.2,110.2,91.7,-16.3,-558.1,-953.4,-1309.9,-1631.3,-1452.6,-1135.,-961.,-712.2,-514.4,-468.9,212.6,797.6,1130.6,1490.1,1453.,1038.2,687.,512.3,282.8,202.1,142.5,108.8,102.7,165.3,203.6,206.4,239.6,184.3,129.,S
0.,-11.8,-23.6,-10.8,-47.4,-122.,-173.6,-200.,-224.6,-249.,-321.8,-510.7,-626.6,-683.2,-904.3,-1549.6,-2245.7,-2461.,-3708.9,-4900.5,-4367.5,-3240.8,-2590.8,-280.5,3058.3,4748.6,5279.3,5148.2,4193.3,2470.4,1167.,575.7,519.8,480.7,338.5,211.3,93.6,0.,0.,M
0.,0.,0.,-13.1,-4.7,-39.3,-86.,-76.6,38.6,241.9,435.3,620.,699.4,598.5,321.4,-163.3,-877.4,-1283.,-2454.4,-4204.4,-5526.2,-6069.9,-5870.4,-3662.3,-33.5,2979.3,5147.6,5723.8,4972.7,3512.1,2357.5,1453.5,994.6,707.8,355.,144.5,0.,0.,0.,M
0.,0.,0.,0.,134.9,396.6,548.1,572.8,700.5,687.7,480.8,861.8,1309.2,1749.1,2028.5,1320.,-151.8,-1075.6,-2407.8,-5526.,-8525.8,-9352.6,-8965.6,-6696.7,-1203.1,4329.,7095.,7553.6,6260.5,3694.8,1816.2,816.3,422.4,211.2,0.,0.,0.,0.,0.,M
0.,0.,0.,-19.1,-43.9,-74.4,-279.2,-459.2,-521.4,-866.1,-1050.7,-655.9,-359.,-450.2,-319.1,-1196.9,-3572.9,-4848.8,-4916.7,-4210.7,-1918.9,1045.6,2492.2,3179.3,3359.4,2655.2,2495.9,2533.8,2252.5,2007.1,1912.,1475.7,1170.4,1005.,602.7,203.1,20.2,0.,0.,M
-43.8,-48.6,-53.4,-33.1,16.9,41.4,41.,80.,-141.5,-135.5,-359.7,-845.6,-1266.1,-2345.8,-3561.9,-4044.6,-3970.4,-3871.5,-4621.2,-6785.2,-7674.5,-6081.2,-3085.2,486.8,5028.2,8659.,8925.7,6818.4,5647.3,5082.1,3535.5,2323.1,1961.2,1830.3,1190.9,700.3,478.8,239.4,0.,H
177.8,62.3,-53.2,-27.6,-333.5,-732.7,-968.4,-1136.4,-630.6,155.2,-142.5,-353.6,13.,-837.8,-2205.3,-2393.4,-4056.3,-6047.8,-7021.2,-7482.4,-5595.6,-947.1,2326.8,4513.2,7199.7,7178.3,5556.4,4456.,3829.7,3023.6,2398.3,1754.9,1557.,1311.4,722.5,278.5,110.6,43.4,43.4,H
0.,0.,0.,-30.,-90.7,-159.2,-147.8,-98.6,-248.5,-554.2,-687.9,-639.8,-613.8,-452.9,-172.5,22.2,-63.1,-223.6,-340.6,-1255.6,-3729.7,-6080.9,-6756.,-6215.8,-4097.5,-50.5,3959.3,5500.2,5477.6,4949.9,3816.2,2660.8,2134.,1752.4,1162.8,731.1,253.7,0.,0.,M
0.,-106.6,-213.2,-268.7,-432.2,-650.6,-765.2,-769.4,-843.1,-885.3,-784.,-649.9,-556.6,-398.4,-384.4,-661.7,-1004.6,-1632.4,-2079.4,-2406.7,-2854.,-2399.9,-522.7,780.4,1816.9,3449.9,3913.2,3062.7,2345.4,1970.8,1414.6,1212.3,1023.8,856.,713.1,478.,192.9,0.,0.,S
0.,261.9,701.4,1043.5,1208.,1304.9,1228.1,925.6,811.4,826.,874.,1197.7,1591.1,1251.4,794.,444.8,-599.4,-1810.6,-2582.2,-2837.6,-2980.1,-3202.9,-4692.3,-6281.4,-6461.4,-5621.5,-3507.9,212.9,3611.3,4562.6,4565.2,3743.5,2333.4,1510.,1272.4,776.7,243.,102.5,0.,H
63.6,33.3,21.9,59.8,-127.9,-540.,-715.1,-919.2,-1635.1,-1804.,-1086.2,-681.,-65.2,792.2,1085.6,647.7,158.,-783.5,-2690.7,-5953.5,-7960.7,-8407.1,-7969.,-4495.9,1007.,5484.8,7494.7,8323.3,7715.8,6473.6,4951.6,3972.,3544.5,2999.7,2328.2,1480.,1186.,888.,590.,H
-358.8,-358.8,-459.3,-650.9,-741.6,-667.2,-593.2,-560.6,-548.7,-600.1,-645.5,-660.2,-870.6,-1000.2,-1075.,-1194.2,-1157.8,-1087.1,-1359.4,-1396.8,-785.5,-479.8,-40.,973.6,1646.8,1617.4,1488.6,1416.9,1253.8,1103.9,967.4,889.4,809.2,668.8,518.,342.2,257.,176.7,96.4,S
0.,0.,-52.2,-122.4,-190.7,-241.,-263.5,-265.9,-234.3,-108.2,6.4,27.,91.5,351.4,665.5,763.6,688.,272.5,-813.,-2419.1,-3279.6,-3982.8,-5222.4,-5689.1,-4378.,-3136.6,-1305.1,2155.3,4822.8,5527.2,5193.,4210.3,2463.2,1126.6,345.3,136.2,68.1,0.,0.,M
0.,0.,14.2,9.5,-9.4,-68.2,-206.6,-409.2,-1046.,-1559.8,-1988.,-2488.,-2614.,-2039.,-1512.1,-1127.4,-987.4,-2864.4,-5600.9,-6705.1,-6392.6,-4586.9,-395.2,4219.5,6238.,6476.5,5924.,4497.2,3130.6,2399.8,2128.6,1551.3,977.8,532.7,355.,177.5,0.,0.,0.,M
6.6,6.6,38.,46.7,30.8,22.2,6.8,-82.2,-331.9,-957.3,-1710.1,-1998.2,-2557.5,-3178.1,-3014.,-2506.6,-2224.6,-1550.1,-408.7,630.6,1589.9,1976.8,2105.,2484.9,2652.2,2248.8,1929.8,1717.1,877.5,-184.4,-769.5,-919.6,-1021.9,-1044.7,-870.8,-719.4,-662.4,-592.2,-522.,M
-28.8,-28.8,-24.9,4.4,51.8,69.7,65.6,6.5,-111.,-212.,-267.7,-280.8,-304.3,-414.7,-634.3,-910.7,-1054.4,-968.8,-532.3,241.5,1038.4,1412.4,1583.4,1535.1,1137.3,741.4,524.,386.,241.3,181.,139.5,162.2,135.4,115.6,134.4,135.6,125.,111.9,109.4,S
559.8,628.7,641.,472.6,252.5,144.2,-74.2,-352.4,-528.4,-362.3,-80.,-217.2,-251.1,68.8,-96.7,-478.8,364.7,1051.8,984.4,1175.2,1219.3,560.1,763.6,1821.8,2355.3,2693.3,3049.9,2748.8,1776.5,1202.,999.8,768.2,445.4,397.9,341.9,242.2,219.6,159.5,122.,M
-152.,-304.2,-665.3,-1011.1,-1269.4,-1390.8,-886.8,-143.8,546.,1227.9,1954.2,2297.5,2137.8,1693.6,1257.2,786.6,116.7,59.1,-185.6,-261.3,24.8,-437.,-622.6,153.9,368.1,146.5,893.4,1189.5,744.7,661.6,616.4,454.6,290.4,220.2,197.6,216.2,146.7,29.3,0.,H
48.4,54.5,125.3,241.1,292.2,284.5,287.2,158.2,-189.6,-398.,-695.9,-1100.7,-1193.1,-1284.1,-1389.6,-1002.2,-563.1,-253.9,408.4,813.2,958.1,1395.2,1643.2,1638.8,1678.6,1583.1,1316.2,969.3,566.5,339.2,144.,-123.2,-153.9,-57.8,-3.,36.8,66.5,37.5,18.6,M
-615.8,-615.8,-930.5,-968.9,-785.7,-957.,-1035.2,-709.6,-710.2,-640.6,-382.9,-521.,-389.2,-234.3,-22.4,85.3,4.2,130.6,457.8,338.,-18.8,-55.,135.3,29.1,189.2,1489.7,2333.6,2264.3,2490.8,2431.7,1705.1,1333.4,993.7,531.9,460.5,479.4,447.6,465.,482.4,H
-227.4,-130.3,2.1,37.4,9.7,-48.,-52.1,-102.2,-178.2,-248.1,-512.6,-1109.1,-1538.8,-1566.6,-1638.4,-1494.,-910.1,-301.4,-60.4,344.,948.5,1296.3,1326.8,1209.6,1064.8,584.6,133.2,330.2,643.2,816.9,1360.4,1787.7,1493.1,1141.,805.6,275.4,83.8,110.2,133.4,M
197.4,210.8,224.2,235.8,139.7,32.,46.,60.,39.3,85.8,171.3,181.7,173.8,-33.6,-500.1,-1060.6,-1346.5,-1331.,-1253.5,-757.5,118.4,862.4,1149.,1667.5,2263.1,2320.9,1995.1,1688.6,1317.6,690.8,292.1,164.6,180.,201.5,184.1,133.1,90.5,60.,60.,S
-721.6,-585.,-273.7,-99.,-57.1,25.7,-8.4,-280.6,-477.8,-588.5,-983.1,-1549.3,-2048.6,-2265.6,-2246.1,-2026.5,-1536.5,-881.4,-516.2,-594.5,-704.2,-550.2,-102.7,159.4,838.3,1964.1,2451.1,2380.7,2270.2,1882.6,1265.8,929.4,710.1,598.,540.9,434.3,376.2,378.6,389.6,S
-638.4,-713.8,-840.,-890.8,-1298.8,-1781.2,-1992.9,-1847.8,-1565.4,-1406.6,-1157.5,-816.8,-852.4,-1138.4,-621.2,-333.5,-430.3,-115.1,179.,43.1,19.2,48.6,-30.6,-25.1,-134.6,-30.7,243.7,340.1,310.4,354.8,351.6,327.,301.8,251.5,276.9,348.5,358.2,421.4,474.6,M
499.2,435.6,372.,246.7,-19.1,-209.7,-385.,-510.2,-504.1,-488.8,-582.2,-640.,-595.2,-633.9,-636.2,-502.2,-684.6,-964.6,-1016.6,-1176.,-1317.6,-899.,-446.2,-285.6,31.9,370.,526.7,502.2,552.4,616.5,586.4,412.9,283.4,388.,489.2,548.3,674.7,738.6,738.6,M
-375.6,-390.7,-373.2,-343.6,-329.3,-312.,-359.3,-513.5,-597.4,-731.6,-888.8,-871.1,-1075.5,-1519.4,-1670.3,-1599.4,-1864.8,-1239.2,-100.8,461.6,776.6,1531.7,1912.8,1812.4,2000.,1914.,1508.5,971.3,537.4,127.,18.8,-44.5,-195.,-323.2,-401.3,-438.4,-456.6,-474.6,-474.4,M
-3009.4,-3039.2,-3069.,-2947.2,-2449.,-1777.7,-1183.4,-884.,-561.1,-115.2,294.2,880.3,1180.,764.7,499.4,377.2,-495.8,-1096.6,-641.6,-331.7,-642.,-412.6,-18.,54.,393.1,1472.8,2690.,3094.6,3093.4,3162.9,2991.3,2426.6,2104.2,1965.9,1504.5,948.7,668.6,621.2,621.2,H
248.,225.2,194.,270.3,353.6,323.2,315.5,336.8,274.6,80.9,-208.5,-803.,-1239.6,-1496.5,-1856.7,-1570.5,-773.6,-366.2,145.6,770.4,523.8,161.6,539.5,656.,885.8,1962.1,2590.3,2255.5,2207.6,1980.4,1156.5,919.3,946.2,572.3,340.4,273.8,-7.4,-101.,-122.,M
68.8,68.8,-119.,-395.5,-849.8,-1735.8,-2256.2,-2616.7,-3250.3,-3293.6,-2308.7,-1553.6,-866.6,452.2,1203.5,1239.7,1156.4,1013.6,727.5,378.3,55.4,-61.6,-20.1,-49.2,274.9,1082.4,1495.2,1483.8,1661.5,1827.,1530.2,1257.,1330.4,1231.,892.6,619.,511.,383.4,255.8,H
726.,413.9,101.8,-56.8,-383.7,-734.1,-868.9,-821.6,-839.7,-670.9,-419.1,-210.4,-66.6,-109.1,-211.4,-36.5,275.6,353.,513.,956.,1082.9,562.7,198.6,464.1,993.9,1258.2,1355.1,1636.5,1516.7,1113.4,1155.5,1426.,1370.9,1586.1,1843.,1754.7,1879.2,1949.2,1949.2,H
-38.4,-85.8,-214.9,-493.1,-677.7,-665.8,-639.4,-731.7,-639.5,-791.4,-1154.2,-1104.2,-1167.5,-1034.1,-654.6,-521.8,-57.4,677.6,1187.7,1702.5,1977.8,1903.8,2133.3,2150.5,1959.6,2055.,1798.1,1273.8,832.9,533.1,406.8,147.4,-180.,-268.1,-282.4,-276.6,-197.1,-116.7,-115.8,M
-355.8,-394.9,-418.1,-402.2,-343.8,-256.9,-192.,-73.5,8.6,-1.3,3.3,15.7,77.,140.4,209.1,399.,580.7,539.8,438.4,320.,70.5,-119.8,-202.2,-225.4,-128.4,-19.8,-31.9,-40.9,-26.2,-20.8,56.1,235.9,401.8,459.4,443.6,399.8,306.2,212.2,183.8,S
-585.2,-620.4,-728.7,-801.8,-1203.4,-1794.5,-2183.8,-1873.4,-1363.2,-656.4,902.,2692.7,3681.5,3731.2,4009.7,4128.6,3755.2,3046.8,2552.2,1877.5,601.5,-476.2,-954.5,-956.4,-833.7,-595.1,-468.3,-515.4,-573.4,-605.1,-627.3,-716.,-683.4,-552.6,-595.7,-700.6,-711.1,-710.,-760.2,M
794.4,879.1,904.7,845.6,797.6,615.6,287.4,57.4,21.6,108.1,234.5,223.7,108.3,43.6,-329.2,-827.1,-1032.5,-1001.5,-890.2,-882.1,-803.5,-732.8,-793.5,-854.4,-640.4,-448.8,-467.1,-557.8,-652.6,-563.4,-407.5,-160.5,247.2,474.6,415.,407.6,489.1,445.3,372.2,M
-177.4,-197.3,-205.5,-210.6,-226.4,-225.4,-255.6,-388.7,-568.4,-737.5,-829.8,-930.2,-985.5,-976.6,-962.2,-911.6,-912.2,-816.6,-510.6,-185.2,-69.6,220.2,526.3,520.5,439.9,381.4,226.1,40.3,-63.2,-246.8,-357.4,-480.8,-674.9,-780.,-741.6,-668.8,-562.,-375.4,-295.6,S
-36.2,-36.5,-40.5,3.4,49.3,47.6,22.3,13.9,60.9,160.7,230.4,260.2,202.,51.4,52.5,116.2,244.7,588.9,906.8,862.7,716.4,555.7,192.9,-110.1,-202.7,-194.4,-172.6,-98.3,-16.,77.5,141.2,213.6,348.8,383.5,315.5,275.6,209.4,89.1,35.,S
478.4,486.,414.4,335.2,164.5,-141.2,-478.7,-815.7,-950.2,-1031.7,-1246.4,-1532.1,-1576.7,-1468.8,-1199.8,-580.8,185.3,951.8,1302.2,1758.1,2604.4,3046.9,2809.,2519.,1868.3,710.5,4.1,-200.3,-205.4,-59.4,93.3,81.2,76.,89.6,78.9,94.2,151.6,235.4,287.8,S
-62.,-181.,-579.6,-1065.4,-1271.6,-1449.4,-1494.7,-756.,720.7,1591.2,2660.,4190.7,4939.8,4795.5,4364.,4017.4,3341.8,2599.7,1989.7,1792.8,1610.,1144.3,328.4,-370.9,-537.2,-1142.9,-1775.6,-1601.3,-1330.5,-1261.,-1133.3,-958.1,-930.9,-950.7,-950.2,-993.7,-1036.5,-926.9,-818.,H
-153.2,-16.9,463.5,1096.8,1386.,1606.4,1875.9,1846.3,1864.5,1961.4,1747.8,1648.7,1619.5,1101.5,727.2,832.5,513.5,260.7,360.4,288.6,335.9,417.2,217.3,107.4,231.4,246.2,563.6,991.4,1315.1,1513.6,1388.6,1204.3,1071.6,870.4,742.6,786.8,716.1,597.3,593.4,H
-376.,-376.,-466.5,-499.4,-385.2,-302.8,-277.,-236.7,-237.2,-288.,-333.9,-369.8,-551.7,-803.7,-999.1,-952.1,-779.8,-515.3,-304.2,29.3,204.7,-6.8,533.6,1348.4,1663.9,2027.1,2349.2,1698.6,968.1,604.2,62.7,-194.8,-170.7,-186.2,-240.8,-252.7,-249.6,-243.7,-237.8,M
-275.2,-294.5,-313.8,-262.3,-156.5,-104.3,-198.9,-291.4,-406.3,-583.5,-734.1,-840.6,-863.6,-745.5,-594.9,-499.,-240.4,38.2,126.4,288.,580.8,823.4,851.4,876.1,1034.8,1022.5,743.4,527.2,355.5,-89.1,-589.,-913.8,-1011.6,-1060.5,-1089.5,-939.1,-739.8,-671.,-671.,S
-137.6,-144.7,-136.1,-120.4,-71.4,-4.9,35.2,40.4,23.,27.2,3.,-87.5,-296.3,-700.5,-1276.,-1780.5,-1852.2,-1360.,-299.7,1217.4,2727.9,4039.5,4584.9,4282.9,3509.9,2442.4,1237.1,363.5,-59.6,-297.5,-269.8,-274.6,-278.8,-243.1,-150.6,-77.5,-61.8,-26.6,-8.8,M
1169.4,939.6,903.9,842.1,382.6,179.,3.1,-332.3,-438.4,-319.1,-253.2,-54.3,-165.6,-467.3,-591.2,-723.6,-713.5,-211.6,400.3,751.6,982.8,1007.7,1158.5,1369.1,1532.3,1610.8,1865.2,1765.7,1166.7,627.7,333.8,51.4,-373.8,-555.9,-550.9,-506.6,-422.,-275.4,-213.4,H
-119.,-132.1,-145.2,-167.3,-199.,-191.6,-161.5,-155.9,-201.7,-220.5,-191.6,-182.2,-183.,-227.3,-171.4,-205.9,-279.6,-211.1,-222.2,-168.8,335.9,815.8,863.8,937.4,860.,432.5,-1.8,-159.6,-145.4,-145.2,-230.7,-252.6,-206.8,-173.7,-114.6,-48.6,-4.8,-1.,2.8,M
-124.8,-43.9,63.6,90.2,196.6,370.3,435.7,304.6,175.4,128.6,14.3,-152.4,-146.8,-42.,-62.,-61.6,-126.2,-177.6,-144.,161.6,497.,710.5,1175.7,1457.2,1332.2,1359.7,2015.3,2466.4,2414.4,2363.6,1844.,782.1,15.3,-158.4,-383.1,-518.5,-465.6,-666.1,-830.2,S
-2203.8,-2253.,-2595.3,-2597.2,-2326.1,-2346.2,-1528.5,-364.8,817.3,1929.6,2205.8,2197.,1932.1,1099.2,516.,509.6,267.3,426.1,745.8,401.8,139.2,213.7,222.2,400.6,1348.6,2052.2,2874.2,4432.8,5366.1,5331.9,5101.,4289.8,2683.8,1581.,765.7,258.4,66.4,-282.8,-440.,H
-305.6,-322.3,-339.,-340.1,-342.2,-413.2,-532.2,-581.2,-606.1,-675.9,-545.9,-443.2,-515.4,-493.6,-774.4,-1156.5,-1346.5,-1457.,-1695.5,-1507.4,-1382.9,-1102.2,-519.4,-190.7,-77.4,52.5,107.6,-182.6,146.3,997.8,1619.8,1876.1,2033.,1878.1,1545.7,1326.5,1161.,1037.2,1037.2,H
-949.2,-1032.2,-1115.2,-1213.1,-1569.6,-1829.7,-1917.9,-2004.6,-1690.9,-992.4,-298.,286.2,560.8,660.3,858.8,996.3,1037.,1039.2,984.7,1133.7,1480.5,1686.7,1749.6,1889.2,1765.7,1210.2,737.,556.2,305.5,-53.6,-157.5,-126.3,-99.6,-93.8,-60.,-77.,-116.2,-110.4,-110.4,M
-100.,-147.5,-267.9,-356.7,-417.7,-463.1,-455.5,-414.2,-501.8,-733.2,-1052.9,-1309.7,-1357.2,-1231.3,-883.3,-270.5,220.1,532.3,827.,1037.9,1154.1,1143.6,991.5,631.2,244.5,-106.8,-288.9,-348.8,-307.7,-235.5,-232.5,-262.7,-380.6,-381.2,-335.6,-425.5,-451.6,-270.4,-132.2,S
-457.8,-457.8,-420.1,-326.4,-246.2,-255.2,-288.4,-240.2,-117.8,-29.4,79.3,140.6,100.,126.3,138.1,-112.7,-251.4,-161.2,-582.3,-1123.1,-922.7,-600.5,-598.4,-35.8,696.2,811.3,785.,813.,580.7,342.6,203.1,14.1,-41.2,39.9,90.5,123.1,128.4,70.6,70.6,S
305.2,342.3,379.4,347.2,248.8,65.1,-162.9,-273.4,-353.4,-481.4,-522.7,-662.5,-809.,-1008.2,-1188.,-1108.,-720.3,-393.2,161.2,951.2,1364.4,1729.,1916.,1805.4,1609.7,1382.1,980.5,721.4,455.,-21.4,-370.9,-629.4,-748.4,-673.6,-556.1,-419.6,-234.4,-143.,-143.,S
-797.,-955.2,-1113.4,-1024.3,-809.6,-592.4,31.7,564.2,438.,426.7,681.7,280.3,-261.2,-86.4,-176.3,-615.7,-455.2,-120.,-724.,-1107.1,-1102.6,-1547.,-1775.,-1347.8,-862.8,-423.4,382.3,806.4,1005.6,1118.3,1086.3,932.2,723.6,656.8,458.3,228.8,33.5,-64.,-64.,H
-45.,-238.9,-986.1,-1869.7,-2488.6,-2777.2,-2720.5,-2133.9,-1416.9,-700.9,-172.,233.6,626.2,661.1,441.7,174.4,-150.8,-129.2,-332.1,-689.,-496.2,-1034.7,-1625.3,-681.5,486.7,788.1,1480.8,2038.5,1769.5,1225.7,815.9,639.6,432.4,214.8,194.,230.8,355.9,385.7,290.4,H
-25.4,-37.8,-50.2,-30.2,-10.2,-4.8,-23.3,-47.2,-60.2,-73.2,-81.,-72.6,-275.4,-461.5,-428.6,-469.6,-406.2,-13.2,317.1,358.8,590.1,720.4,510.6,287.7,173.6,-11.,-197.4,-145.7,-48.,-3.8,-6.1,-29.6,-97.3,-218.1,-292.4,-280.7,-229.3,-157.4,-125.2,S
-383.6,-223.5,51.2,165.8,75.4,-43.6,25.,101.2,80.2,324.1,706.4,884.5,1132.2,1340.2,1367.6,1512.7,1357.3,994.9,905.6,831.4,550.,328.9,226.3,137.6,59.6,-63.7,-69.8,-74.6,-118.6,-211.6,-355.,-379.,-300.7,-248.8,-220.,-168.2,-145.2,-137.4,-129.6,M
552.4,473.8,267.5,12.1,-191.4,-267.2,-281.5,-262.9,-471.1,-902.9,-1093.6,-1393.3,-1794.2,-1747.9,-1383.4,-1328.4,-1520.2,-1036.8,-515.8,174.7,1019.4,2442.2,3255.1,3148.7,2889.,2287.8,1307.,530.8,575.1,404.9,395.,573.5,664.4,580.1,562.,540.6,513.8,481.4,475.8,M
0.,38.,76.,35.5,-108.,-292.9,-482.7,-590.6,-577.8,-486.5,-432.5,-580.2,-703.4,-1036.4,-1705.7,-2053.,-2053.3,-2042.6,-1841.9,-1537.6,-1352.6,-838.,-404.8,-122.5,552.,1027.,751.7,393.6,240.4,-79.,-267.4,-129.4,30.8,61.7,123.8,130.4,52.9,0.,0.,H
450.8,430.,311.8,73.2,-68.,-211.2,-454.7,-590.4,-664.2,-702.6,-819.1,-1017.4,-1143.6,-1188.7,-1189.4,-1138.9,-1103.4,-1123.8,-1172.1,-1215.,-1191.9,-1075.8,-868.1,-535.7,-318.,-86.6,452.1,1024.1,1450.8,1612.8,1625.3,1533.8,1304.2,1033.5,888.4,822.1,686.6,555.5,493.6,M
-126.4,-97.8,-14.6,40.,89.6,186.1,273.7,346.9,379.4,399.5,397.5,257.9,-19.1,-178.6,-355.2,-641.6,-763.4,-703.7,-632.,-500.3,-262.4,7.1,393.3,616.2,798.6,1063.,1078.6,802.5,592.8,552.2,552.2,765.5,1079.4,1220.6,1055.3,632.6,64.7,-427.5,-609.2,H
406.4,342.8,81.4,-116.4,-318.6,-700.8,-935.7,-885.5,-780.4,-672.1,-614.2,-927.5,-1522.9,-1855.4,-2079.9,-2337.6,-2406.,-2327.3,-2213.4,-2248.5,-2311.7,-2066.1,-1195.2,-598.,221.,1848.9,3295.8,3958.6,3983.4,3809.7,3332.4,2717.1,2216.6,2027.8,1870.2,1639.6,1532.8,1490.1,1481.2,H
114.8,114.8,180.,264.5,240.1,-8.1,-212.6,-405.5,-711.7,-923.8,-875.5,-728.4,-658.7,-527.2,-356.5,-236.5,-225.4,-136.3,68.8,288.4,393.,394.,261.9,-23.2,-327.2,-529.6,-581.,-519.5,-332.4,2.2,270.1,329.,-46.8,-479.,-663.4,-811.,-830.6,-415.3,0.,S
62.2,95.6,143.8,158.6,173.6,188.2,146.3,58.5,12.2,-6.5,-46.5,-89.7,-116.7,-121.8,-117.4,-115.9,-163.3,-171.2,-118.,-106.6,-53.6,130.2,305.7,339.,332.5,341.6,338.1,323.6,311.6,330.2,286.2,160.9,60.3,33.1,4.4,-20.9,7.3,21.4,21.4,M
-407.2,-291.4,-175.6,-83.,31.1,64.5,56.1,35.8,13.3,13.5,30.,9.4,-5.,-8.9,-35.8,-118.7,-371.2,-563.8,-679.9,-932.3,-1186.9,-1388.3,-1471.4,-1539.2,-1546.3,-1271.2,-621.2,-185.6,354.2,1452.6,2403.7,2964.6,3133.,3073.,2773.3,2202.8,1602.4,1332.8,1332.8,M
-155.2,-125.9,-96.6,-51.5,78.4,224.1,368.1,451.2,471.,514.7,501.7,210.8,-43.2,-287.6,-742.3,-1229.6,-1710.2,-1913.8,-2171.8,-2566.8,-2708.4,-2380.7,-2048.4,-1466.9,-124.7,1417.3,2738.4,3278.2,3566.3,3658.6,3253.1,2651.9,2260.4,1801.6,962.5,222.9,-256.2,-376.,-376.,M
-296.4,-180.7,-65.,38.3,211.5,328.8,402.5,428.8,471.,505.4,408.1,128.6,-61.4,-503.7,-1295.2,-1876.,-2109.6,-2111.6,-1947.3,-1692.2,-1536.4,-1251.5,-1031.6,-435.2,820.3,2146.5,3017.8,3222.,3035.3,2613.4,2182.9,1686.9,1701.7,2137.1,2338.3,2392.6,2365.6,2190.6,2015.6,H
-178.6,-265.4,-352.2,-430.4,-571.5,-602.6,-484.,-451.6,-461.6,-360.6,-257.2,-210.4,-204.3,-354.4,-842.2,-1474.6,-1775.4,-1985.5,-2049.7,-1270.7,172.2,982.,1689.2,2820.9,3256.9,3022.5,2952.3,2679.2,1984.5,1507.5,1118.9,785.7,726.8,788.5,657.8,487.3,392.4,275.6,158.8,S
0.,0.,-112.1,-412.6,-601.,-757.6,-1030.5,-1125.,-997.2,-891.2,-806.1,-658.7,-572.,-465.3,-383.,-294.,-129.8,-59.8,-64.9,-64.8,-162.9,-313.,-277.4,-121.7,-53.6,150.1,476.7,591.9,371.7,159.2,-139.1,-670.2,-911.8,-776.2,-631.8,-456.6,-140.7,0.,0.,S
-360.2,-298.6,-237.,-185.5,-113.1,-53.,1.9,17.6,55.4,151.4,207.5,250.7,296.,-117.7,-1062.,-1727.4,-1939.7,-2017.2,-1799.8,-1318.3,-1071.3,-1305.3,-1522.2,-1396.9,-1124.5,-701.5,-40.9,343.8,569.9,1081.2,1556.2,1898.2,2050.4,2142.8,2138.5,1747.4,1164.8,876.6,876.6,H
468.6,461.7,427.5,400.2,315.1,116.4,-198.3,-509.,-618.6,-603.9,-510.4,-293.9,-260.6,-365.,-598.2,-1318.8,-1724.7,-1789.3,-1935.4,-1535.1,-483.1,297.2,1232.6,2039.4,2260.7,2816.9,3227.5,3017.4,2731.6,2478.1,1853.9,1403.6,1418.6,1513.2,1676.3,1972.8,2144.9,2061.8,1940.,H
-718.2,-648.,-537.9,-498.,-445.1,-352.1,-259.8,-146.1,-84.6,4.8,41.8,-19.9,-19.4,-9.6,-187.7,-462.,-689.7,-942.5,-1063.8,-912.1,-482.9,42.8,505.9,720.8,796.9,840.,810.1,770.2,727.2,648.9,506.,353.6,223.6,181.4,118.4,-86.8,-415.,-826.6,-1052.2,M
-252.4,-257.,-165.4,-34.7,-0.2,3.9,-61.2,-325.5,-732.9,-945.2,-1082.6,-1296.9,-1304.1,-1108.8,-983.2,-914.1,-788.4,-640.5,-525.6,-502.,-478.7,-421.9,-424.9,-484.8,-508.2,-473.3,-382.3,-360.1,-343.6,-293.2,-307.5,-323.5,-259.6,-163.1,-132.2,-79.1,-19.8,13.1,39.8,S
0.,52.2,160.5,289.2,453.8,545.8,514.,343.4,17.3,-370.4,-570.8,-665.7,-745.9,-668.3,-561.,-516.6,-640.8,-883.2,-1131.5,-1296.9,-1332.2,-1120.2,-670.1,-149.1,352.6,571.4,674.4,836.4,903.5,889.5,867.4,726.,388.9,84.1,-122.4,-219.8,-194.7,-84.8,0.,S
0.,0.,0.,-4.6,-1.2,6.9,7.,-1.6,1.,1.,-12.,-13.8,-12.1,-3.3,10.2,5.8,-5.,11.1,19.3,7.4,15.7,28.,12.3,-11.7,-22.,-18.7,-13.4,-4.2,11.5,15.6,8.1,3.,0.3,-6.4,-5.2,0.,0.,0.,0.,S
-264.4,-370.6,-541.6,-683.8,-709.6,-658.,-625.2,-541.1,-451.7,-344.5,-275.4,-212.4,-190.6,-176.4,-109.5,-96.1,107.8,599.,982.2,1076.2,1090.8,860.5,441.5,267.,266.6,307.6,411.3,421.9,252.2,134.6,58.,-49.7,-114.5,-139.4,-130.6,-111.5,-70.7,-23.6,1.8,S
-158.,-222.1,-286.2,-313.3,-385.1,-382.8,-300.,-264.2,-265.,-206.,-128.7,-160.4,-209.6,-471.9,-1113.8,-1803.9,-2277.4,-2440.4,-2209.3,-1522.1,-603.5,189.7,520.4,654.2,756.1,642.,444.8,405.6,406.7,308.7,254.9,255.9,211.6,151.9,131.6,70.4,38.9,32.2,32.2,S
-386.8,-495.7,-604.6,-657.9,-689.1,-611.1,-468.7,-382.2,-350.,-267.1,-124.4,-8.9,14.6,80.4,21.9,-368.5,-1126.5,-1618.4,-1998.,-2379.,-2129.8,-1266.1,-653.,104.7,1397.9,2057.2,2073.9,1966.8,1536.8,756.8,397.8,491.8,594.8,713.7,771.9,585.5,341.6,223.4,223.4,H
-398.6,-465.,-561.6,-698.8,-952.,-1098.2,-1232.3,-1402.5,-1357.3,-1184.1,-1092.2,-950.1,-724.3,-583.4,-463.9,-401.6,-405.4,-442.8,-564.6,-722.3,-791.8,-848.5,-897.5,-806.1,-624.8,-527.2,-366.5,-74.5,236.3,518.1,620.4,635.2,645.5,512.3,356.2,328.8,342.8,308.5,260.2,S
-3560.4,-3332.3,-3104.2,-2927.4,-2594.4,-2540.,-2356.9,-2072.,-1989.1,-1813.9,-1443.2,-1323.6,-1482.4,-1426.7,-1297.,-1232.2,-1341.5,-1441.6,-1755.3,-2657.1,-3983.3,-5124.1,-5526.8,-5806.6,-5983.8,-5567.8,-4990.6,-4726.8,-4084.3,-2481.3,-163.,2565.9,3937.,4992.,6275.1,6063.3,4770.8,3918.2,3918.2,M
420.8,542.9,665.,782.1,917.9,884.6,659.2,485.8,277.9,-107.4,-310.4,-292.7,-249.4,-133.4,-100.7,-298.7,-477.6,-541.8,-606.3,-318.3,327.5,923.3,1225.8,1477.4,1691.6,1638.7,1570.,1516.8,1346.7,940.6,447.2,-47.2,-284.2,-363.5,-395.9,-271.5,-134.1,-74.2,-74.2,S
-836.4,-887.9,-781.8,-624.2,-441.1,-156.5,0.4,68.1,80.4,140.4,251.7,391.8,509.5,538.4,562.8,559.3,591.4,810.1,968.8,905.,738.7,458.4,120.5,-39.6,50.2,322.2,546.3,466.6,345.,155.2,-195.4,-396.8,-358.7,-280.,-168.,39.2,238.4,324.2,306.,M
-102.2,-108.8,-115.4,-90.,-17.8,99.4,222.,274.2,359.,469.6,495.5,470.6,445.6,260.4,-199.7,-594.,-647.3,-581.2,-333.2,321.2,938.4,1202.7,1256.2,1242.8,1150.5,1033.9,927.4,858.6,799.9,664.,528.7,366.,261.4,58.9,-344.,-587.8,-598.,-564.8,-564.8,S
0.,-262.6,-755.9,-1205.,-1611.9,-1981.4,-2041.4,-1810.2,-1604.1,-1399.8,-1194.7,-1037.1,-936.6,-831.4,-741.3,-755.5,-959.1,-1378.1,-1921.6,-2561.1,-3133.8,-3326.8,-2990.2,-2123.3,-830.6,674.1,1985.4,2682.2,2657.7,2174.6,1452.9,724.,264.9,82.5,24.9,-6.8,-27.6,-21.3,0.,S
-22.4,-1.4,64.4,205.9,302.6,382.4,538.9,666.3,747.,777.,793.3,822.4,886.4,949.4,961.2,894.8,483.9,-422.,-1345.9,-1708.4,-1988.7,-2208.7,-1761.9,-888.3,-79.4,486.1,1242.2,2076.2,2334.7,2099.7,1927.8,1728.6,1372.,1130.6,896.7,746.8,607.3,331.8,195.8,M
0.,0.,0.,-250.3,-707.1,-1124.9,-1615.3,-2273.2,-2796.8,-3059.4,-3207.7,-3116.7,-2788.8,-2331.6,-1897.9,-1650.7,-1659.2,-1740.6,-1830.3,-1940.1,-1954.7,-1765.4,-1227.8,-166.1,1220.5,2402.1,3161.7,3315.2,2707.3,1684.1,826.3,285.5,5.8,-41.6,-9.5,0.2,0.,0.,0.,S
-523.2,-737.4,-1209.6,-1846.4,-2561.7,-2972.2,-3128.,-3186.7,-3056.3,-2879.1,-2710.9,-2506.5,-2338.3,-2162.1,-1978.1,-2190.8,-2643.,-2946.5,-2605.5,-1941.8,-1383.5,-816.9,-72.,625.3,1180.9,2101.6,3192.1,3784.9,3541.1,2996.7,2411.5,1727.8,1096.8,665.7,368.9,191.7,97.7,57.2,48.,H
-241.6,-241.6,-180.4,-70.8,14.4,139.1,227.,308.4,437.,514.8,468.5,436.4,457.4,436.3,335.8,232.6,49.7,-391.8,-833.7,-1199.8,-1382.6,-1512.1,-1716.7,-1870.6,-1765.1,-1580.8,-1158.7,-47.7,1178.3,2141.6,2567.8,2711.3,2711.9,2417.6,1995.3,1724.4,1511.6,974.5,650.2,S
299.2,299.2,228.4,-15.1,-384.2,-747.4,-914.2,-929.3,-880.8,-701.6,-475.5,-365.,-186.1,113.2,15.1,-193.5,-183.6,-426.,-996.2,-1302.6,-1465.4,-1649.6,-1641.5,-1491.8,-1207.9,-787.5,-509.4,-200.4,346.3,859.3,1273.2,1411.8,1421.3,1465.4,1452.4,1302.3,1199.8,1022.1,844.4,H
-1053.4,-909.5,-656.8,-548.,-439.7,-275.6,-145.7,36.7,145.,232.3,369.8,480.,568.8,597.6,571.9,567.1,619.7,578.4,505.4,472.6,336.,105.,-149.9,-277.6,-326.8,-353.9,-191.8,419.,889.8,1345.3,2144.8,2701.5,2770.5,2626.8,2409.5,2018.3,1678.8,1388.6,1264.,M
-849.2,-849.2,-735.1,-565.6,-435.5,-301.,-241.2,-185.8,-65.5,31.,16.4,-29.8,-173.2,-589.4,-1078.7,-1494.4,-1693.6,-1832.7,-1922.8,-1623.5,-773.3,-173.4,710.6,2338.3,3448.9,3731.1,3646.4,3306.2,2667.9,2143.4,1793.5,1670.,1545.,1324.3,1189.2,1144.3,1138.8,997.6,856.4,S
173.4,173.4,35.,-276.2,-609.,-826.8,-884.6,-821.1,-681.4,-545.,-470.1,-455.4,-396.6,-326.7,-133.3,195.4,341.8,409.6,574.9,510.5,158.6,-31.4,-335.,-924.8,-1341.6,-1345.4,-1218.6,-925.5,-294.,347.6,751.5,852.2,910.5,975.9,987.7,1019.,1045.6,917.1,788.6,S
504.6,567.4,630.2,542.,394.4,341.6,335.,321.8,320.9,339.5,358.8,381.3,404.,392.7,323.1,62.6,-561.3,-983.,-1321.,-1853.,-2080.6,-2016.5,-1918.8,-1631.4,-920.5,-47.3,915.6,1428.8,1682.6,1918.,1784.7,1526.4,1383.,1246.1,911.1,572.9,314.7,196.6,196.6,S
0.,0.,0.,0.,-42.,-104.5,-125.8,-99.5,-31.1,122.1,319.8,489.6,602.2,718.5,782.2,630.5,291.2,-209.,-872.2,-1515.8,-1873.2,-1804.3,-1286.2,-566.,160.8,806.3,1166.6,1221.,1193.8,1050.1,778.5,540.1,328.9,114.4,0.,0.,0.,0.,0.,M
-248.6,-128.6,145.,386.5,548.9,623.4,654.,731.3,801.8,871.1,916.6,955.8,978.6,996.,922.2,814.6,457.7,-374.7,-1286.6,-2041.1,-2359.2,-2209.6,-1757.,-1206.3,-721.3,-484.,-401.1,-206.,174.2,796.2,1150.2,1358.8,1574.9,1413.7,1028.9,812.8,684.1,522.6,489.8,H
0.,0.,1.8,-20.7,-45.,-35.,-12.2,51.5,135.6,138.5,-17.6,-266.3,-528.,-724.1,-794.,-713.3,-623.2,-723.6,-992.3,-1280.7,-1437.4,-1221.1,-451.,724.3,1929.5,2825.1,3198.,3001.2,2403.8,1641.6,891.7,360.6,83.9,-90.8,-154.1,-77.7,0.,0.,0.,S
-1196.2,-1119.5,-876.,-709.2,-564.9,-359.8,-213.3,-55.8,16.,89.4,277.5,513.1,305.3,-23.4,-306.4,-603.3,-949.7,-1258.2,-1234.2,-1435.2,-1972.2,-1991.1,-1045.1,-416.2,437.,1891.,2655.3,2663.2,2507.6,2303.,1974.,1741.,1611.,1589.6,1552.8,1499.7,1466.2,1301.7,1154.4,H
0.,0.,0.,60.,197.4,274.8,323.6,368.2,241.,-33.5,-185.,-291.8,-392.,-308.9,-158.3,-84.2,-47.1,-34.8,-159.5,-250.7,-242.,173.5,994.7,1655.9,2077.8,2244.2,2122.9,1618.3,1066.7,706.1,513.8,240.5,-32.8,-33.6,-17.2,0.,0.,0.,0.,M
-847.8,-755.1,-662.4,-623.9,-545.,-442.2,-364.8,-349.8,-314.7,-221.7,-140.9,-141.7,-165.4,-390.4,-622.8,-776.2,-993.2,-1064.2,-1004.7,-1292.4,-1803.3,-2097.7,-2228.4,-2192.2,-1923.2,-1280.1,-310.1,249.6,1008.1,2478.2,3723.,4276.7,4297.2,3805.2,2735.4,1537.6,507.6,-78.1,-253.8,M
247.4,116.2,-15.,-223.5,-529.6,-589.8,-421.2,-293.8,-202.6,-69.5,11.7,111.6,172.2,329.6,806.,1019.6,758.9,607.4,363.8,-317.2,-787.2,-1042.6,-1265.4,-1419.,-1713.9,-1844.9,-1516.6,-1198.6,-946.3,-438.3,-64.1,53.9,105.9,247.2,434.6,597.8,662.4,609.9,557.4,H
-175.8,-175.8,-152.8,-72.6,20.4,74.8,93.4,91.6,51.2,3.6,-102.3,-199.2,-237.6,-367.3,-465.9,-440.7,-408.2,-324.2,-98.,98.1,190.4,250.6,287.1,344.3,419.1,451.4,532.6,673.3,729.,706.3,687.4,628.8,424.5,153.5,-43.6,-115.4,-172.6,-188.2,-146.6,M
101.,199.3,341.2,422.5,460.2,487.4,521.2,460.7,268.1,142.6,-8.3,-285.,-412.6,-364.1,-313.8,-259.6,-153.2,-61.,53.9,128.8,224.1,446.8,654.5,814.8,894.8,933.2,950.5,848.5,617.6,467.6,309.3,34.,-95.9,-44.8,19.2,109.3,230.4,282.8,304.2,S
35.6,13.9,-7.8,-26.2,-21.7,-14.3,-14.8,0.2,11.4,9.6,-1.6,4.5,8.8,13.2,11.,21.9,28.,16.6,10.2,2.8,-6.9,-19.4,-23.2,-23.3,-19.1,-13.,-5.1,1.,-2.1,4.,0.7,-5.2,1.4,4.1,-2.9,-7.4,0.2,2.6,2.6,H
-387.6,-438.4,-508.1,-527.,-449.6,-311.9,-219.4,-217.2,-247.2,-249.8,-186.4,-129.2,27.2,192.4,375.7,739.8,1108.2,1179.5,1142.2,1281.1,1364.8,1425.6,1462.6,1518.9,1476.9,1270.8,1061.8,960.6,916.9,823.4,710.4,604.1,561.,383.7,141.2,5.2,-118.5,-171.4,-171.4,S
-169.,-169.,-251.2,-356.2,-422.6,-395.3,-324.4,-273.9,-170.,-55.8,45.9,86.8,153.7,240.4,294.7,374.5,419.8,408.6,271.9,14.9,-236.3,-356.,-380.,-308.,-140.9,-18.4,33.,47.3,59.7,115.8,217.4,261.,313.8,347.6,279.3,182.1,134.2,67.1,0.,H
213.4,261.7,328.5,348.6,318.9,347.8,411.,420.7,446.2,536.9,548.6,497.1,488.3,447.6,352.5,306.8,311.7,285.8,286.,290.8,312.1,324.3,315.1,334.3,353.6,333.6,328.,373.5,434.9,465.2,537.8,638.,644.1,537.2,451.8,365.5,222.1,114.7,64.4,M
-0.4,3.6,-11.1,-29.8,-18.6,-2.4,7.6,6.5,0.4,6.1,8.9,-0.5,-2.8,1.4,-3.2,-14.9,-23.8,-15.2,-4.8,4.7,9.8,21.8,22.7,7.2,-8.2,1.4,10.7,-5.6,-6.2,12.3,13.1,0.6,17.8,29.8,12.3,-10.3,-10.,-15.9,-27.2,H
34.4,13.7,-7.,0.4,-2.8,-10.2,-4.,-1.,-11.3,-14.9,-12.,-13.,-10.2,1.3,10.4,8.1,6.,3.8,12.6,21.1,15.4,9.7,9.4,5.1,-6.4,-5.2,-1.3,-5.8,-6.5,-11.7,-17.5,-5.3,8.2,-8.1,-4.7,8.8,3.7,4.8,4.8,M
-352.8,-331.6,-293.9,-263.,-224.2,-215.1,-193.1,-107.2,6.9,72.4,117.9,213.9,264.3,200.4,136.6,-7.4,-264.8,-432.7,-423.,-358.8,-212.5,-1.3,127.1,176.8,163.,194.4,327.4,495.3,632.,702.4,737.7,746.1,734.8,722.7,695.,591.8,344.4,54.,-92.2,M
-310.2,-240.4,-118.,-13.8,37.8,69.6,176.8,323.1,518.1,642.2,702.5,731.9,633.,430.6,296.2,234.1,197.4,234.7,207.,167.4,65.5,-214.8,-475.4,-501.3,-445.,-311.3,-2.,255.5,346.9,356.4,330.2,310.4,330.,274.6,206.,82.4,-224.6,-523.1,-638.2,M
105.6,140.6,175.6,221.2,315.7,381.2,416.9,436.,437.3,355.2,148.6,-95.2,-215.8,-320.3,-444.1,-389.9,-233.4,-150.4,-72.1,62.6,139.8,161.2,161.8,187.5,235.2,290.5,359.6,395.4,414.7,464.,455.1,323.3,230.4,79.3,-139.,-228.5,-210.8,-170.8,-170.8,M
-70.,-47.4,23.2,85.9,100.6,110.7,148.5,167.,96.3,34.8,-91.3,-490.,-930.2,-1127.3,-1156.8,-1168.7,-1035.4,-892.,-960.2,-1026.6,-970.3,-931.2,-820.3,-619.3,-546.4,-387.7,152.,669.7,924.9,1043.4,1023.1,764.3,481.8,463.4,489.,528.1,623.,673.4,668.,H
0.,16.9,67.7,185.6,269.6,356.2,525.5,665.5,738.1,753.4,721.6,549.,262.6,-0.7,-118.4,-114.9,133.9,732.6,1410.,1734.,1898.7,2126.2,2134.6,2013.5,1946.8,1884.4,1672.,1386.2,1115.,979.6,928.3,853.3,700.5,467.9,364.4,255.1,52.6,-20.3,0.,S
17.2,19.6,22.,10.2,-0.6,-1.7,-10.,-16.2,-0.9,7.2,-12.6,-16.,-6.8,-10.3,-12.9,3.4,17.7,16.6,23.9,17.,7.2,8.7,5.8,-19.4,-14.7,5.3,-1.1,2.4,4.8,0.6,-5.9,-2.4,1.,2.4,-0.6,-0.1,-3.5,-11.8,-11.8,S
-143.2,-143.2,-127.4,-68.7,17.4,98.5,136.4,156.3,196.5,244.,317.5,363.8,357.,306.7,218.1,168.4,163.8,227.6,405.2,645.5,862.,952.,1048.8,1198.4,1233.5,1144.1,1072.4,976.9,809.8,709.9,647.9,614.2,585.9,451.1,194.2,-73.6,-191.,-312.1,-433.2,M
-604.,-690.1,-734.1,-692.,-646.6,-563.,-521.9,-588.9,-658.8,-601.8,-429.7,-188.6,52.9,168.4,164.8,151.1,223.3,468.6,631.6,818.2,1216.,1517.5,1586.1,1564.4,1509.4,1319.8,1068.9,925.9,899.2,855.3,769.4,717.,608.5,582.7,585.6,347.4,-24.3,-227.2,-227.2,S
-1027.6,-975.7,-866.3,-770.1,-731.4,-706.3,-637.6,-552.5,-423.5,-354.3,-311.6,-221.8,-166.2,-164.4,-171.1,-135.7,-139.4,-256.3,-545.1,-737.8,-955.6,-1325.3,-1495.7,-1410.1,-1306.,-1156.3,-874.4,-662.5,-476.5,-370.2,-262.7,-37.4,258.4,443.7,451.,462.7,477.3,432.5,384.8,M
578.2,421.4,89.4,-232.9,-383.1,-386.2,-201.9,197.3,630.7,988.7,1128.2,1131.4,1093.7,977.,825.8,750.4,675.2,562.5,515.8,495.6,484.6,466.7,343.2,109.,-159.,-298.4,-380.1,-437.,-363.1,-250.6,-187.2,-163.8,-124.6,-88.,-32.2,2.8,67.7,192.2,251.8,S
-795.2,-724.6,-610.9,-540.1,-507.2,-502.,-464.6,-431.6,-398.5,-218.1,-75.2,-11.9,220.9,470.2,575.1,600.2,721.2,895.8,1033.1,1147.8,1178.8,1055.6,821.3,680.7,607.1,563.,576.,557.5,313.1,-127.1,-354.4,-524.1,-779.1,-846.,-705.3,-688.6,-751.8,-678.1,-646.8,H
212.2,189.,40.1,-306.6,-527.6,-726.6,-1010.3,-1073.5,-817.,-582.,-385.2,60.5,515.4,714.2,707.,717.6,658.,614.2,680.9,866.7,954.6,781.2,487.8,124.2,-236.1,-410.4,-439.5,-460.,-448.2,-492.4,-539.8,-514.8,-481.7,-427.4,-307.5,-233.8,-184.7,-102.9,-70.2,H
415.2,469.4,523.6,575.1,674.8,796.4,935.6,1001.4,1009.9,914.,654.3,351.4,203.8,130.,89.1,178.2,259.3,284.2,299.2,338.3,415.8,542.4,615.6,662.5,745.2,782.,796.3,809.6,766.5,563.4,230.5,-112.9,-283.4,-403.4,-502.1,-408.1,-318.,-300.6,-300.6,M
-387.2,-387.2,-289.4,-114.2,-0.8,71.3,107.4,82.3,-74.,-371.9,-671.7,-804.8,-869.,-862.1,-661.3,-438.8,-346.,-274.5,-123.,24.6,161.4,230.6,340.7,495.4,570.9,612.5,623.2,589.7,550.5,461.4,229.3,80.6,-79.7,-347.1,-477.4,-437.5,-374.4,-294.7,-215.,M
-21.8,6.5,77.7,183.1,245.6,292.6,368.6,448.4,507.4,515.6,511.8,346.3,298.4,852.6,1293.,1828.6,2976.6,3839.9,4052.3,4013.8,3851.2,3560.7,3322.1,2931.8,2652.2,2299.3,1518.1,702.8,90.6,-134.6,-240.3,-377.7,-413.7,-444.,-470.,-459.4,-420.9,-336.3,-279.6,H
0.,0.,27.3,54.6,88.1,155.7,234.6,265.,250.6,90.5,-247.1,-601.6,-791.5,-909.3,-947.2,-765.8,-564.9,-478.4,-416.8,-312.4,-211.2,-65.8,21.2,100.8,255.,358.2,431.6,476.4,495.9,478.1,291.,55.1,-31.,-86.8,-163.1,-91.8,0.,0.,0.,S
-178.,-202.,-211.3,-196.6,-145.9,-87.2,-49.,-6.9,5.,-3.,23.4,74.3,80.7,70.6,-8.5,-202.9,-412.3,-583.6,-660.8,-649.3,-598.5,-555.3,-510.6,-469.8,-447.,-391.5,-307.5,-193.8,-131.4,-87.6,-12.5,47.6,70.1,63.8,22.1,-127.4,-301.4,-373.,-378.4,M
-138.6,-143.9,-149.2,-105.7,-61.1,5.6,129.8,188.4,237.,365.,519.7,585.2,575.4,421.9,14.6,-527.,-1056.9,-1299.,-1415.8,-1382.4,-1056.5,-780.8,-680.8,-355.3,91.4,337.6,674.3,886.,892.1,857.5,732.,544.7,442.2,310.2,139.4,58.3,5.4,-5.2,-5.2,H
405.,325.7,302.,308.8,260.,465.6,735.9,649.,326.6,155.8,-276.7,-809.,-781.9,-388.2,-121.4,169.8,681.8,963.,1147.9,1272.4,1480.1,1686.4,1624.8,1468.1,1371.6,1120.4,722.6,476.3,266.3,156.,125.2,154.1,278.6,340.1,336.8,259.2,65.8,-135.5,-221.,H
544.6,628.4,712.2,730.6,818.,926.6,1089.9,1213.6,1305.8,1594.8,1969.9,2260.3,2372.4,2552.6,2718.9,2734.7,2808.5,2852.6,2832.2,2813.4,2731.2,2411.7,2176.,1890.6,1290.3,735.,397.1,299.6,253.4,139.8,39.4,-69.6,-145.6,-197.7,-235.,-244.2,-240.4,-212.6,-212.6,H
235.6,235.6,243.9,217.7,-6.6,-420.1,-643.8,-818.3,-1097.6,-1114.2,-950.,-874.,-809.2,-664.7,-530.7,-349.6,-222.8,-107.1,161.9,437.,647.7,736.6,883.3,1042.5,1233.2,1529.5,1647.6,1737.8,1968.3,2020.4,1773.,1613.8,1437.6,1068.1,735.,555.9,516.6,424.7,332.8,M
-245.,-248.7,-328.5,-533.1,-548.3,-435.,-332.8,49.2,796.1,1576.3,1889.4,2199.7,2541.9,2429.,2025.3,1766.4,1508.9,1191.4,1091.7,1135.6,1219.2,1314.8,1468.,1415.3,959.3,613.6,194.,-683.9,-1434.8,-1782.6,-1837.8,-1809.7,-1661.5,-1422.6,-1193.4,-1083.,-986.2,-862.2,-835.,H
362.2,280.9,199.6,258.7,566.8,1233.7,2234.2,2816.8,3328.,3980.,3952.4,3373.1,2962.2,2535.,1869.4,1634.9,1804.4,1970.,2161.7,2320.9,2020.7,1358.1,963.2,491.,-288.2,-725.4,-874.8,-894.,-888.,-860.6,-813.9,-764.9,-741.2,-712.4,-660.7,-588.9,-501.3,-462.6,-462.6,H
72.2,113.3,219.5,322.8,361.,405.7,465.,400.2,165.7,10.6,-171.6,-625.,-1046.3,-1191.5,-1186.6,-1094.3,-740.3,-190.2,309.6,521.,705.4,1020.8,1200.4,1261.2,1273.4,1251.9,1174.9,993.5,735.5,603.4,422.4,98.9,-77.5,-107.3,-103.2,-53.6,23.3,67.9,85.2,M
-17.8,-10.,-2.2,-11.,-14.3,11.8,7.6,-17.2,-9.3,-8.4,-15.6,-8.,-0.2,9.8,16.6,2.3,-4.2,0.4,-9.2,-13.2,5.6,7.5,-3.8,2.6,6.,3.1,0.8,-1.6,3.6,8.,-1.,-1.6,6.,5.2,2.9,-1.4,-2.4,-0.6,-0.6,M
704.,729.7,794.7,858.1,882.2,880.5,881.6,858.8,709.,584.8,457.5,200.9,12.3,-11.8,23.4,128.1,332.4,506.3,629.9,679.2,716.2,756.,728.6,689.5,680.6,672.,755.4,944.5,1142.1,1242.6,1241.5,1089.8,777.9,449.8,283.,185.8,73.1,72.7,87.8,M
372.4,310.4,102.3,-255.9,-600.1,-732.2,-741.8,-701.8,-600.3,-435.9,-323.4,-208.,51.,354.5,677.7,841.,951.7,1111.7,1189.8,1032.2,967.5,1047.9,932.5,674.5,403.9,195.5,-128.4,-470.6,-605.3,-564.6,-529.2,-481.4,-417.2,-376.7,-301.,-249.4,-198.6,-90.2,-32.6,S
0.,34.2,129.7,234.1,326.3,426.7,479.4,484.1,490.7,427.6,259.6,86.1,-83.5,-227.3,-267.1,-189.9,-82.9,17.7,124.6,216.,293.3,366.2,446.2,493.9,515.4,527.1,464.3,291.6,101.5,-71.2,-239.9,-303.,-278.8,-242.5,-172.,-101.9,-69.3,-32.,0.,S
-1095.6,-1095.6,-1004.2,-847.,-716.3,-608.6,-565.8,-477.1,-261.4,17.2,471.4,774.,1306.4,2248.9,2999.1,3477.8,3616.4,3131.9,2130.9,1099.4,161.2,-262.,-293.4,-351.5,-369.7,-376.3,-391.4,-446.8,-429.,-297.2,-209.1,-179.6,-157.8,-137.,-296.8,-704.,-952.4,-1181.9,-1411.4,H
-166.4,-187.5,-185.9,-95.9,-28.6,16.5,118.8,221.2,294.2,322.,351.5,308.4,68.8,-285.3,-472.4,-624.,-805.6,-747.1,-568.1,-477.6,-430.3,-334.6,-279.6,-226.9,-180.8,-118.9,-25.,40.7,78.,81.6,118.6,155.1,116.2,63.4,-99.5,-473.1,-861.9,-998.7,-971.8,S
0.,0.,-23.1,-46.2,-60.2,-81.8,-97.,-72.7,-40.8,-6.5,39.2,62.4,109.2,144.2,182.3,254.8,331.8,308.1,241.8,102.9,-181.3,-447.,-572.6,-577.8,-426.3,-127.5,133.9,299.9,351.8,285.9,180.7,100.9,36.2,12.,6.9,0.9,0.,0.,0.,S
-12.8,23.4,106.7,224.8,358.7,421.6,469.9,545.,612.9,643.8,633.6,527.4,250.8,-146.8,-519.4,-664.8,-688.1,-603.9,-328.5,-67.7,25.2,112.,265.4,411.1,574.9,659.6,715.6,812.7,843.4,841.2,849.4,854.8,867.8,865.4,769.3,683.2,580.,350.5,224.2,S
-149.8,-353.9,-741.5,-925.,-1010.8,-1263.1,-1496.4,-1601.7,-1640.2,-1586.8,-1360.,-1060.9,-764.7,-594.2,-456.8,-296.3,-87.1,261.3,423.6,627.6,1164.4,1801.2,2360.,2614.8,2770.6,2935.1,2703.7,2158.8,1854.,1500.9,859.5,491.8,341.3,270.2,294.5,318.2,320.6,352.5,381.4,H
-160.6,-160.,60.7,280.8,528.,1055.5,1642.7,2079.,2208.4,2330.3,2539.5,2563.5,2506.8,2513.4,2462.3,2340.6,2272.3,2179.6,2325.8,2284.5,1854.,1486.8,1141.9,811.2,606.2,453.9,156.2,-167.3,-381.6,-508.,-620.3,-586.6,-467.3,-403.8,-322.8,-203.9,-120.2,-57.7,-41.,H
