2899621,2899621,2899621,2899621,2899621,2899621,2899621,2899621,2899621,2899031,2898187,2897766,2897776,2897776,2900360,2905075,2911156,2915961,2915961,2919566,2923081,2926266,2926266,2928802,2930624,2930843,2929041,2929041,2925148,2922242,2920688,2919102,2919102,2917537,2915857,2915857,2915857,2915857,2915857,2915857,2915857,2915857,2915857,M
2882259,2882259,2882259,2882259,2882259,2882259,2882259,2882259,2881656,2881252,2880776,2880776,2880395,2880320,2880020,2879650,2879650,2879363,2879081,2878546,2878640,2878640,2879013,2879346,2880128,2881084,2881084,2882038,2882720,2882357,2881916,2881916,2881670,2881112,2880840,2880840,2880840,2880840,2880840,2880840,2880840,2880840,2880840,S
2916856,2916856,2916856,2916856,2916856,2916856,2916856,2916669,2916598,2916598,2916312,2916270,2916178,2916397,2916397,2916328,2916587,2916722,2917552,2917552,2920207,2924246,2928737,2933638,2933638,2937458,2939857,2938335,2935386,2935386,2932199,2930928,2929563,2928155,2928155,2926673,2925168,2925168,2925168,2925168,2925168,2925168,2925168,H
2893819,2893819,2893819,2893819,2893819,2893819,2893819,2893819,2893819,2893738,2893738,2893361,2893387,2893367,2893733,2893733,2893919,2894438,2894651,2894651,2896042,2897377,2897936,2896591,2896591,2894689,2893024,2892678,2892591,2892591,2892393,2892144,2892380,2892566,2892566,2892566,2892566,2892566,2892566,2892566,2892566,2892566,2892566,M
2892592,2892592,2892592,2892592,2892592,2892592,2892592,2892592,2892592,2892592,2892592,2892830,2893284,2893781,2894182,2893683,2893683,2892880,2892624,2892308,2892472,2892472,2892650,2892874,2892308,2892308,2891746,2891254,2891111,2891107,2891107,2891053,2891245,2891447,2891447,2891447,2891447,2891447,2891447,2891447,2891447,2891447,2891447,S
2878739,2878739,2878739,2878739,2878739,2878739,2878739,2877791,2876955,2876955,2876296,2875713,2875356,2875274,2875274,2875325,2875690,2876457,2877859,2877859,2880146,2882045,2883534,2883685,2883685,2884495,2882620,2879703,2877088,2877088,2875933,2875328,2874493,2873753,2873753,2873283,2873283,2873283,2873283,2873283,2873283,2873283,2873283,H
2845120,2845120,2845120,2845120,2845120,2845120,2845120,2845120,2845120,2845120,2845120,2842586,2840417,2838335,2836143,2836143,2835116,2835147,2835769,2835877,2835877,2836622,2836841,2835587,2834762,2834762,2833417,2830372,2827795,2825912,2825912,2824649,2824754,2824754,2824754,2824754,2824754,2824754,2824754,2824754,2824754,2824754,2824754,M
2827223,2826364,2825380,2825380,2824389,2823657,2822761,2822170,2822170,2821731,2821338,2821211,2821328,2821328,2822139,2823227,2823199,2823970,2823970,2825142,2825975,2827441,2828270,2828270,2829078,2828179,2826989,2824766,2824766,2822545,2820156,2818119,2815470,2815470,2813274,2811074,2809199,2807281,2807281,2805769,2803287,2800739,2797953,H
2761882,2761882,2761882,2761882,2761882,2760220,2760220,2758440,2756626,2754939,2753275,2753275,2750372,2747452,2744769,2742093,2742093,2740729,2740833,2740083,2738900,2738900,2736490,2733908,2731457,2729244,2729244,2727052,2725004,2723420,2721729,2721729,2720637,2718897,2716781,2715402,2715402,2714517,2714517,2714517,2714517,2714517,2714517,S
2694345,2693683,2692947,2692384,2692384,2691953,2691644,2691396,2691054,2691054,2691045,2690959,2690926,2690928,2690928,2690970,2690996,2691277,2691554,2691554,2691678,2691461,2690800,2690322,2690322,2689602,2689868,2690115,2690072,2690072,2690045,2689734,2689515,2689316,2689316,2689208,2688962,2688770,2688593,2688593,2688410,2688162,2687656,M
2611429,2611165,2610848,2610677,2610677,2610563,2610642,2610387,2610539,2610539,2610671,2610712,2610731,2610840,2610840,2610795,2610727,2610251,2609810,2609810,2609364,2609495,2609815,2610476,2610476,2611129,2611174,2610864,2610236,2610236,2609756,2609244,2608959,2608878,2608878,2608735,2608364,2607778,2606891,2606891,2606002,2605098,2604504,S
2748570,2748570,2747900,2747113,2746616,2746045,2746045,2745702,2745085,2744001,2742944,2742944,2741617,2740690,2739735,2738633,2738633,2737483,2736302,2735195,2734600,2734600,2734413,2733914,2733824,2733996,2733996,2734267,2732621,2731481,2732819,2732819,2734573,2736476,2737307,2738182,2738379,2738379,2738590,2738675,2738716,2738822,2738822,H
2739466,2739466,2739256,2738846,2738011,2736858,2736858,2735957,2734722,2733451,2732489,2732489,2731650,2730879,2730496,2730001,2730001,2729740,2729425,2729092,2728825,2728825,2728732,2728994,2728656,2727924,2727924,2726753,2725598,2724140,2723342,2723342,2722544,2721875,2721213,2720685,2720685,2720553,2720454,2720798,2721007,2721007,2721165,M
2701618,2702291,2703021,2703703,2704649,2704649,2705322,2705869,2706074,2706190,2706190,2706004,2705142,2703132,2700552,2700552,2698773,2697355,2696427,2695955,2695955,2695379,2695186,2695300,2695250,2695250,2695278,2695103,2694957,2695245,2695245,2695475,2695590,2695236,2694365,2694365,2693609,2692733,2692143,2691777,2691777,2691759,2691640,S
2694462,2694462,2693895,2693262,2692471,2692124,2692124,2691707,2690247,2688337,2686442,2686442,2685503,2684600,2684740,2685018,2685018,2685543,2685240,2684919,2685354,2685354,2684955,2684258,2684076,2684287,2684287,2686368,2687037,2690452,2695355,2695355,2700340,2704389,2707248,2708888,2708888,2709612,2710160,2710521,2711011,2711011,2711221,H
2669220,2667843,2665968,2664083,2662566,2660768,2659252,2658011,2657041,2655999,2655459,2654963,2654132,2653179,2652213,2651628,2650663,2649537,2648333,2647414,2647295,2647308,2647206,2646859,2646679,2646807,2646924,2647097,2647344,2647530,2648092,2648772,2649469,2649631,2649981,2650004,2650449,2650641,2650914,2651338,2651825,2652370,2652953,M
2719880,2719519,2719477,2719472,2719472,2719594,2719523,2718469,2717261,2717261,2716763,2715157,2713517,2711776,2711776,2710093,2708697,2708045,2707035,2707035,2705907,2705456,2704928,2704684,2704684,2704655,2704485,2705491,2706786,2706786,2708516,2709222,2711714,2715005,2715005,2717707,2719559,2720954,2721842,2721842,2722623,2723247,2723983,H
2735491,2735114,2734643,2734215,2733404,2733404,2732582,2731894,2730827,2729288,2729288,2727284,2725250,2723276,2721875,2721875,2720820,2719737,2718678,2718023,2718023,2717552,2717558,2718090,2718718,2718718,2719462,2720127,2720156,2719557,2719557,2718684,2717752,2716533,2715839,2715839,2714869,2714154,2713551,2713097,2713097,2713039,2713016,S
2797048,2797048,2797048,2797048,2797926,2798526,2798410,2797808,2797808,2797100,2796787,2796191,2796134,2796134,2795895,2796040,2796331,2796574,2796574,2797128,2797789,2798277,2798927,2798927,2799558,2800120,2800288,2799625,2799625,2798873,2797937,2797292,2796825,2796825,2796495,2796053,2796085,2796046,2796046,2796315,2796315,2796315,2796315,M
2831839,2831839,2831839,2831839,2831839,2831839,2831839,2831839,2831965,2832310,2832587,2833017,2833017,2833587,2834203,2834101,2834021,2834021,2833607,2834246,2834424,2834462,2834462,2834037,2834189,2833594,2833602,2833602,2833553,2833889,2834859,2835278,2835278,2835795,2836247,2836247,2836247,2836247,2836247,2836247,2836247,2836247,2836247,S
2831908,2831908,2831908,2831908,2831908,2831908,2831908,2831908,2831908,2830520,2830520,2828098,2826323,2824434,2823286,2823286,2821028,2818862,2819009,2815624,2815624,2815022,2815163,2814201,2813700,2813700,2813698,2813149,2813968,2814367,2814367,2814571,2813342,2812189,2812189,2812189,2812189,2812189,2812189,2812189,2812189,2812189,2812189,H
2783262,2783262,2783262,2783262,2783262,2783262,2782882,2782266,2781871,2781871,2781309,2781125,2781117,2781665,2781665,2782019,2781436,2780356,2779573,2779573,2778754,2778115,2777734,2775888,2775888,2779248,2782108,2789539,2797337,2797337,2802797,2806280,2809827,2811282,2811282,2811513,2811305,2810931,2810931,2810931,2810931,2810931,2810931,M
2781056,2781056,2781056,2781056,2781056,2781056,2781056,2781056,2781056,2782292,2783056,2783530,2783990,2783990,2784418,2784551,2784812,2785108,2785108,2784629,2784012,2784179,2784351,2784351,2786196,2786778,2786403,2785814,2785814,2784959,2784030,2782663,2781503,2781503,2780428,2780428,2780428,2780428,2780428,2780428,2780428,2780428,2780428,S
2780059,2780059,2780059,2780059,2780059,2780059,2780059,2780059,2780059,2780440,2780546,2780576,2780524,2780524,2780569,2780652,2777489,2780009,2780009,2781365,2791832,2799118,2804714,2804714,2811582,2819416,2823280,2825248,2825248,2823733,2824288,2823322,2822968,2822968,2822080,2822080,2822080,2822080,2822080,2822080,2822080,2822080,2822080,H
2796353,2796353,2796353,2796353,2796353,2796353,2796353,2796916,2797621,2797120,2796084,2796084,2794694,2793883,2793044,2792377,2792377,2792246,2791995,2792107,2794134,2794134,2796778,2797233,2801275,2804747,2804747,2808028,2810561,2811345,2810113,2810113,2808412,2807079,2805759,2804551,2804551,2804551,2804551,2804551,2804551,2804551,2804551,M
2807988,2807988,2807988,2807988,2807988,2807988,2807988,2807988,2807982,2807883,2807883,2808291,2808221,2807979,2806609,2806609,2805122,2807132,2812485,2814617,2814617,2816260,2819374,2820224,2819086,2819086,2816120,2815681,2814363,2813455,2813455,2812179,2810192,2807017,2804225,2804225,2804225,2804225,2804225,2804225,2804225,2804225,2804225,H
2827693,2827693,2827693,2827693,2827693,2827693,2827693,2827693,2827693,2827693,2827693,2826327,2826327,2824475,2822659,2820814,2819802,2819802,2818543,2818233,2818481,2818297,2818297,2818780,2818798,2818338,2816887,2816887,2815812,2815091,2814468,2814468,2813051,2813051,2813051,2813051,2813051,2813051,2813051,2813051,2813051,2813051,2813051,S
2785350,2778829,2769188,2761397,2761397,2754259,2747774,2741606,2741606,2736380,2730504,2725577,2720899,2720899,2716014,2712872,2710749,2709597,2709597,2707480,2705979,2705581,2704298,2704298,2704097,2702944,2703655,2704400,2704400,2707284,2712668,2719052,2728646,2728646,2743057,2756791,2768742,2778803,2778803,2780207,2776931,2775482,2775763,M
2816142,2816142,2818208,2820690,2822993,2824707,2824707,2826835,2828864,2830587,2830654,2830654,2827064,2820497,2813780,2809178,2809178,2806648,2805539,2805086,2804512,2804512,2803778,2803863,2803769,2804213,2804213,2804698,2806051,2808091,2810776,2810776,2813415,2815972,2816768,2813106,2813106,2805557,2798638,2794816,2793425,2793425,2792906,S
2742154,2740084,2740084,2738028,2737705,2737146,2738743,2738743,2740408,2742213,2744778,2746966,2746966,2749564,2751304,2752442,2752640,2752640,2752051,2751477,2749152,2745496,2745496,2741189,2737888,2736590,2735036,2735036,2735953,2741707,2753673,2770183,2770183,2785105,2797600,2808444,2815259,2815259,2820247,2824938,2829475,2829351,2829351,H
2631102,2632076,2632330,2632063,2632063,2623714,2610585,2595965,2578980,2578980,2563536,2548474,2532846,2518451,2518451,2505014,2501219,2507819,2514201,2514201,2514357,2516399,2521240,2525178,2525178,2525752,2527181,2521276,2517671,2517671,2511890,2506155,2510949,2513548,2513548,2507694,2530413,2555335,2577333,2577333,2610743,2630971,2645058,M
2614370,2614872,2615076,2615504,2615015,2615015,2615238,2614163,2611955,2608899,2608899,2606894,2605546,2607280,2602492,2602492,2595186,2590427,2586749,2584807,2584807,2583603,2580362,2577970,2581924,2581924,2592342,2601360,2613062,2626786,2626786,2640381,2652879,2661668,2668592,2668592,2674512,2678537,2681969,2684797,2684797,2682416,2677202,S
2635258,2643902,2648472,2648472,2665639,2690239,2711440,2722758,2722758,2735130,2741074,2748015,2746708,2746708,2742759,2734875,2728580,2724384,2724384,2719685,2718913,2714398,2715920,2715920,2714413,2718345,2714618,2714618,2720682,2726842,2737768,2746060,2746060,2748577,2753452,2753353,2758393,2758393,2763521,2766149,2766081,2760728,2760728,H
2736314,2729590,2719462,2710915,2705032,2705032,2700138,2694895,2689388,2682982,2682982,2675922,2671698,2667865,2666606,2666606,2665771,2665550,2665748,2667646,2667646,2670028,2673164,2676386,2680816,2680816,2686237,2691945,2701485,2714541,2714541,2724375,2733424,2741446,2749387,2749387,2756767,2761841,2760789,2755623,2755623,2749677,2745734,M
2481486,2488011,2495909,2495909,2502308,2505903,2509428,2512600,2512600,2516284,2516894,2518943,2523142,2523142,2529543,2533562,2537519,2541588,2541588,2547686,2553560,2566766,2582375,2582375,2597559,2614280,2628329,2643718,2643718,2657213,2672718,2684282,2689901,2689901,2686722,2680992,2677527,2674585,2674585,2670935,2670363,2671428,2674141,H
2839158,2834627,2829220,2824084,2817670,2817670,2814094,2812201,2811235,2812085,2812085,2814745,2823391,2830584,2838851,2838851,2846939,2854244,2861672,2866419,2866419,2870658,2873061,2874021,2877579,2877579,2885714,2895108,2907350,2920647,2920647,2937015,2951931,2962848,2967130,2967130,2967440,2961258,2953867,2945153,2945153,2935661,2922555,S
2097145,2097145,2097145,2097145,2097145,2097145,2097145,2097137,2097083,2097083,2097081,2097099,2097059,2097190,2097190,2097178,2097074,2097089,2097184,2097184,2097127,2097185,2097071,2097148,2097148,2097184,2097138,2097221,2097125,2097125,2097166,2097157,2097159,2097231,2097231,2097153,2097160,2097160,2097160,2097160,2097160,2097160,2097160,M
2097094,2097094,2097094,2097094,2097094,2097094,2097094,2097094,2097209,2097162,2097162,2097213,2097152,2097130,2097117,2097117,2097127,2097111,2096966,2097134,2097134,2097160,2097188,2097081,2097116,2097116,2097161,2097072,2097119,2097149,2097149,2097179,2097104,2097102,2097062,2097062,2097062,2097062,2097062,2097062,2097062,2097062,2097062,S
2097075,2097075,2097075,2097075,2097075,2097033,2097102,2097055,2097200,2097200,2097174,2097054,2097116,2097193,2097193,2097037,2097115,2097107,2097208,2097208,2097081,2097087,2097186,2097171,2097171,2097089,2097171,2097071,2097131,2097131,2097248,2097172,2097105,2097173,2097173,2097137,2097218,2097177,2097089,2097089,2097089,2097089,2097089,H
2050844,2050844,2050990,2050993,2050529,2049755,2049755,2049116,2048051,2046401,2045030,2045030,2044038,2044101,2045014,2043901,2043901,2047101,2046079,2047559,2045013,2045013,2044921,2047521,2050242,2053301,2053301,2054051,2054414,2054302,2054492,2054492,2054493,2053814,2053298,2052661,2052661,2052858,2054158,2055225,2056009,2056009,2056009,M
2066461,2066461,2066461,2066461,2066461,2066461,2066461,2065639,2065639,2064680,2063724,2062854,2061793,2061793,2060601,2059086,2058730,2057212,2057212,2057318,2056118,2057514,2058305,2058305,2059082,2058424,2058518,2057847,2057847,2057175,2055064,2054077,2053174,2053174,2052181,2050698,2050698,2050698,2050698,2050698,2050698,2050698,2050698,S
2036511,2036511,2036511,2036511,2036415,2036415,2036038,2034689,2033017,2031741,2031741,2030520,2029386,2026761,2026386,2026386,2030467,2030755,2026965,2027357,2027357,2026041,2025264,2022744,2023886,2023886,2024164,2025165,2025171,2023835,2023835,2023314,2021745,2021845,2021054,2021054,2021038,2020888,2021211,2021211,2021211,2021211,2021211,H
2044149,2044149,2044149,2044149,2044149,2044149,2044149,2044149,2043269,2042387,2042387,2041786,2041017,2040920,2039497,2039497,2039620,2042684,2043185,2044308,2044308,2043430,2043284,2041841,2044309,2044309,2044231,2044290,2043244,2042751,2042751,2043106,2043160,2043238,2043421,2043421,2043421,2043421,2043421,2043421,2043421,2043421,2043421,M
2045298,2045298,2045298,2045298,2045298,2045298,2045298,2045298,2045298,2045298,2044236,2043307,2041853,2040248,2040248,2038983,2039661,2040207,2037291,2037291,2034243,2034279,2032034,2035364,2035364,2038308,2040992,2042454,2043717,2043717,2044642,2044377,2043524,2042212,2042212,2042212,2042212,2042212,2042212,2042212,2042212,2042212,2042212,H
2047212,2047212,2047212,2047212,2047212,2047212,2047212,2047212,2047212,2047212,2047212,2047577,2048684,2049123,2049579,2049538,2048897,2046617,2044415,2046723,2046683,2048344,2042951,2042207,2044954,2047313,2046934,2047434,2047987,2048385,2048290,2048233,2048233,2048233,2048233,2048233,2048233,2048233,2048233,2048233,2048233,2048233,2048233,S
3122640,3122640,3122640,3122640,3122640,3122332,3122332,3122175,3121947,3121954,3121925,3121925,3122036,3121398,3118941,3116566,3116566,3115214,3113976,3112530,3111290,3111290,3109930,3108563,3107026,3106553,3106553,3106906,3108767,3110833,3112509,3112509,3113217,3113736,3112920,3111244,3111244,3109813,3109813,3109813,3109813,3109813,3109813,M
3152564,3152564,3152564,3152564,3152564,3152564,3152564,3152978,3153450,3154177,3152023,3152023,3144959,3138086,3132443,3128207,3128207,3125473,3124152,3121691,3120927,3120927,3121126,3122586,3124728,3128028,3131288,3131288,3134303,3137049,3139438,3140434,3140434,3136430,3131786,3128298,3125693,3125693,3125693,3125693,3125693,3125693,3125693,S
3134460,3134460,3134460,3134460,3131520,3129145,3127754,3127754,3126840,3125877,3125240,3125062,3125062,3125758,3126214,3126334,3124786,3124786,3122427,3118064,3111582,3105227,3105227,3099223,3095658,3094353,3098003,3098003,3102593,3105733,3107538,3108783,3108783,3109706,3110752,3112106,3113825,3113825,3114266,3114266,3114266,3114266,3114266,H
3026772,3026772,3026772,3026772,3026772,3026772,3024679,3023615,3023615,3023293,3023324,3023161,3023584,3023584,3023799,3024265,3025415,3026635,3026635,3028332,3029669,3028253,3025400,3025400,3026175,3033008,3038039,3040667,3040667,3042824,3045379,3046771,3047698,3047698,3048677,3049087,3047411,3044756,3044756,3044756,3044756,3044756,3044756,M
2961123,2961123,2961123,2961123,2961123,2961123,2961123,2961123,2953647,2948038,2948038,2944600,2942551,2940037,2941265,2941265,2942991,2945817,2951754,2958132,2958132,2962259,2965525,2968644,2968516,2968516,2961806,2956330,2953077,2951408,2951408,2951216,2951395,2951760,2952246,2952246,2952246,2952246,2952246,2952246,2952246,2952246,2952246,S
2986453,2986453,2986453,2986453,2986453,2986453,2986521,2986681,2986796,2986743,2986743,2986822,2986193,2981283,2975664,2975664,2971442,2969370,2964974,2964090,2964090,2960262,2954821,2954253,2955205,2955205,2959523,2963317,2967351,2971358,2971358,2975936,2980223,2982475,2978855,2978855,2971931,2967095,2967095,2967095,2967095,2967095,2967095,H
2957317,2957317,2957317,2957317,2957317,2957317,2957317,2956856,2957153,2957153,2957559,2957769,2958070,2959602,2959602,2961161,2962243,2962890,2962876,2962876,2961014,2955177,2949125,2948052,2948052,2955701,2962425,2964316,2966316,2966316,2967954,2967763,2967735,2969022,2969022,2970327,2970327,2970327,2970327,2970327,2970327,2970327,2970327,M
2928835,2928835,2928835,2928835,2928835,2926447,2924847,2924831,2925844,2925844,2926165,2927276,2929547,2932500,2932500,2935560,2936934,2937019,2935436,2935436,2931826,2931510,2933977,2936598,2936598,2938689,2939320,2936615,2937707,2937707,2939592,2941486,2942024,2941934,2941934,2942351,2943228,2944336,2945974,2945974,2945974,2945974,2945974,H
2946812,2946812,2946812,2946812,2946812,2946812,2946812,2946812,2948604,2944348,2944348,2936822,2932267,2931118,2930804,2930804,2929892,2928242,2926556,2923971,2923971,2925843,2930672,2934443,2937499,2937499,2940432,2936449,2928068,2923324,2923324,2920627,2919603,2920318,2920729,2920729,2920729,2920729,2920729,2920729,2920729,2920729,2920729,S
2874201,2874201,2874201,2872421,2871537,2871537,2870692,2870402,2870079,2870476,2870476,2871079,2872329,2873451,2874287,2874287,2875568,2876853,2878476,2879505,2879505,2878129,2868507,2861013,2858863,2858863,2859415,2862623,2865166,2864594,2864594,2865883,2867055,2868904,2870095,2870095,2871768,2873078,2874306,2874681,2874681,2874681,2874681,M
2857214,2855828,2855828,2855102,2854189,2854071,2854430,2854430,2854834,2855559,2856676,2858410,2858410,2860134,2861824,2863617,2865462,2865462,2866049,2863474,2858729,2856967,2856967,2856833,2857973,2862405,2866519,2866519,2869051,2870280,2870797,2872131,2872131,2873711,2875040,2877076,2878302,2878302,2880212,2881838,2883424,2884633,2884633,S
2844629,2844629,2844629,2844192,2843992,2843761,2843761,2844110,2845168,2846396,2847610,2847610,2848529,2849937,2847793,2844740,2844740,2839669,2836375,2838345,2838857,2838857,2836806,2834963,2836849,2840175,2840175,2840642,2839185,2841462,2841727,2841727,2844288,2845991,2848382,2850499,2850499,2852639,2854801,2857514,2858820,2858820,2858820,H
2796436,2796436,2796436,2796436,2796436,2796436,2796436,2796325,2796180,2796054,2796054,2796393,2797249,2798328,2798746,2798746,2798223,2796536,2793585,2792308,2793807,2793807,2796237,2799434,2804324,2804324,2809689,2811932,2811170,2810917,2810917,2810786,2811231,2811600,2812250,2812250,2813086,2813086,2813086,2813086,2813086,2813086,2813086,M
2811555,2811555,2811555,2811555,2808650,2805584,2803295,2801930,2801930,2800854,2799238,2797073,2795834,2795717,2795717,2795418,2795088,2794946,2794851,2794851,2793737,2795039,2797591,2801712,2801712,2802908,2801519,2800390,2798542,2798542,2796060,2793425,2790248,2787432,2787432,2785605,2783624,2781925,2780102,2780102,2780102,2780102,2780102,S
2709838,2709838,2709838,2709838,2710483,2710483,2711261,2712336,2713271,2714761,2714761,2715839,2717248,2718053,2717540,2717540,2720020,2721421,2717759,2712185,2712185,2704683,2698495,2690943,2687119,2687119,2683413,2679188,2689516,2697046,2697046,2703679,2706163,2709181,2709572,2709572,2710060,2708908,2708578,2708578,2708578,2708578,2708578,H
2792234,2792234,2792234,2792234,2792234,2792234,2792234,2792234,2792234,2792292,2788346,2783551,2779553,2779553,2775540,2773391,2766855,2764083,2764083,2761572,2761853,2766825,2769410,2769410,2774760,2775752,2778512,2780090,2780090,2782168,2784734,2787551,2787831,2787831,2787831,2787831,2787831,2787831,2787831,2787831,2787831,2787831,2787831,M
2797716,2797716,2797716,2797716,2797716,2797382,2797662,2798236,2798896,2798896,2800120,2800400,2797600,2791228,2791228,2784959,2786610,2784625,2784235,2784235,2784076,2783376,2782232,2777959,2777959,2776997,2776652,2777496,2778666,2778666,2779891,2782008,2782942,2781461,2781461,2778505,2775791,2773873,2770855,2770855,2770855,2770855,2770855,H
2802962,2802962,2802962,2802962,2802216,2799078,2797024,2795170,2795170,2793375,2791981,2791384,2791048,2791048,2791237,2792398,2793701,2794633,2794633,2795529,2795180,2797514,2801570,2801570,2806143,2810320,2807883,2803190,2803190,2798120,2793349,2788341,2783557,2783557,2780525,2777718,2775363,2774270,2774270,2774270,2774270,2774270,2774270,S
2105992,2105992,2105992,2105992,2105992,2105992,2105992,2105992,2105692,2105385,2105007,2105499,2105499,2103700,2101835,2101678,2102430,2102430,2102240,2101570,2102165,2101312,2101312,2099952,2091302,2075136,2067532,2067532,2071574,2078705,2087228,2095033,2095033,2098849,2100929,2103166,2105703,2105703,2105703,2105703,2105703,2105703,2105703,M
2079388,2081517,2082826,2082826,2082726,2083736,2084995,2085132,2085132,2085527,2085433,2085967,2087085,2087085,2086705,2087156,2087814,2088074,2088074,2088456,2088083,2088885,2089197,2089197,2088226,2087644,2086975,2084882,2084882,2081448,2082428,2086540,2090261,2090261,2093346,2095195,2095932,2096733,2096733,2097506,2098593,2099288,2098777,S
2060518,2060518,2060518,2060518,2060518,2060518,2060904,2060752,2060752,2060573,2059098,2056752,2047200,2051085,2051085,2051847,2058814,2047511,2047511,2039710,2039442,2035754,2027241,2027241,2003436,1993934,1997888,2008651,2008651,2019187,2026100,2029614,2033363,2033363,2036426,2038000,2040869,2043631,2043631,2043631,2043631,2043631,2043631,H
2042139,2042139,2042139,2042139,2042139,2042139,2042118,2041804,2041457,2041457,2041119,2040299,2039508,2037143,2037143,2034684,2032993,2028187,2026210,2026210,2025138,2023431,2019644,2014219,2014219,2009124,2012746,2018908,2025574,2025574,2030579,2033872,2035659,2036835,2036835,2038066,2038874,2038874,2038874,2038874,2038874,2038874,2038874,M
2037024,2037024,2037024,2037024,2037024,2036864,2036368,2036368,2035871,2035338,2034542,2034433,2034433,2034017,2033376,2032291,2030188,2030188,2029919,2027586,2026701,2026701,2022914,2019741,2020840,2023974,2026616,2026616,2029018,2030447,2031090,2031606,2031606,2031195,2030942,2030920,2030864,2030864,2030864,2030864,2030864,2030864,2030864,S
2027563,2027563,2027563,2027563,2027436,2027344,2027296,2027296,2027499,2027669,2027525,2027525,2027867,2025513,2028300,2023297,2023297,2019434,2010488,2007706,2003445,2003445,2000571,1983139,1967203,1967203,1978875,1994289,1994289,2006335,2014661,2020674,2020674,2024377,2027068,2029283,2029283,2031677,2031677,2031677,2031677,2031677,2031677,H
2071942,2071942,2071942,2071942,2071942,2071942,2071942,2071094,2069581,2069581,2068278,2066953,2065623,2065523,2065623,2065623,2065634,2064711,2062209,2062209,2060817,2060011,2057930,2054823,2054823,2043364,2028006,2024526,2029924,2029924,2038646,2046664,2052030,2055917,2055917,2059696,2059696,2059696,2059696,2059696,2059696,2059696,2059696,M
2022130,2022130,2022130,2022130,2022448,2022448,2022145,2022334,2022524,2020775,2018721,2018721,2016566,2011941,2013318,2015316,2015316,2019319,2017110,2019005,2016106,2016106,2010694,1998828,1977752,1977752,1970389,1976721,1987842,1998808,2011544,2011544,2018799,2022922,2028464,2031404,2031404,2034384,2037334,2037334,2037334,2037334,2037334,H
2078998,2078998,2078998,2078998,2078998,2078998,2078998,2078354,2078354,2077513,2077083,2076596,2075729,2075729,2072986,2070645,2068623,2065923,2065923,2067354,2068325,2068827,2069404,2069404,2064690,2061439,2064870,2069601,2069601,2072940,2075302,2076623,2077934,2077934,2078621,2079572,2080442,2080442,2080442,2080442,2080442,2080442,2080442,S
2015354,2015354,2015354,2015354,2015354,2015596,2015657,2016304,2016815,2016815,2016980,2017145,2016398,2014825,2014825,2012011,2011107,2010505,2007877,2007877,2008937,2008550,2010523,2011943,2011943,2014452,2016987,2018518,2020336,2020336,2021890,2022711,2022487,2022032,2022032,2021634,2021735,2021924,2022017,2022017,2022017,2022017,2022017,M
2030940,2030940,2030940,2030494,2030241,2030175,2029774,2029774,2029590,2029464,2029323,2029108,2029108,2028886,2028994,2028796,2027822,2027822,2025851,2024246,2023591,2022396,2022396,2022700,2024348,2025471,2028206,2028206,2029862,2032119,2032033,2032025,2032025,2032053,2031912,2031038,2029953,2029953,2028881,2028478,2028478,2028478,2028478,S
2011968,2008968,2008968,2006238,2001197,1996921,1993623,1993623,1992111,1990834,1989507,1989203,1989203,1990920,1990873,1992410,1995103,1995103,1992667,1994120,1992935,1989620,1989620,1991734,1991736,1988899,1989530,1989530,1992364,1995037,2000326,2005003,2005003,2007825,2011205,2014071,2015524,2015524,2016963,2017112,2017651,2018630,2018630,H
2185701,2185701,2185209,2184428,2183866,2183423,2183423,2182697,2181186,2178016,2175407,2175407,2172233,2170277,2170657,2172209,2172209,2174548,2174548,2176397,2176632,2176632,2176778,2179045,2180203,2183052,2183052,2184472,2185200,2185081,2184859,2184859,2184772,2184358,2184168,2184391,2184391,2183976,2183915,2183445,2182504,2182504,2181707,M
2163639,2163639,2163639,2163615,2163573,2163495,2163495,2163534,2163764,2163942,2163823,2163823,2163271,2162917,2162669,2162419,2162419,2161632,2160409,2158834,2157147,2157147,2157216,2159502,2162156,2164209,2164209,2165988,2166081,2166950,2166829,2166829,2167228,2167254,2167587,2167587,2167693,2167718,2167920,2168265,2168265,2168265,2168265,S
2165362,2165362,2165448,2165605,2165755,2165706,2165706,2163914,2163184,2159678,2154425,2154425,2149028,2145567,2144359,2146657,2146657,2148130,2150987,2150974,2152439,2152439,2152484,2153908,2151836,2152131,2152131,2152591,2153309,2155184,2159607,2159607,2159953,2162562,2164201,2165892,2165892,2166972,2167853,2167836,2168447,2168447,2168251,H
2114775,2113527,2113527,2112405,2111755,2111113,2110478,2110478,2110269,2109636,2109175,2106991,2106991,2104608,2101616,2102900,2101621,2101621,2104103,2102291,2103763,2102653,2102653,2106045,2107345,2113719,2116559,2116559,2117334,2117334,2117531,2118702,2118702,2118647,2118391,2117542,2116832,2116832,2115923,2115923,2115458,2114844,2114522,M
2106522,2106522,2106522,2106961,2106501,2108351,2108351,2108312,2108841,2107270,2106844,2106844,2107747,2108078,2108078,2105204,2105204,2107799,2104946,2105097,2105453,2105453,2104436,2104733,2104362,2104268,2104268,2103806,2103406,2102725,2103282,2103282,2101745,2101442,2102090,2103632,2103632,2103340,2106010,2106010,2107696,2107696,2107696,H
2113383,2113383,2114167,2115444,2116848,2117474,2117474,2117654,2117887,2116303,2116556,2116556,2114893,2113532,2111861,2110202,2110202,2112431,2115656,2121548,2125444,2125444,2128820,2133557,2136329,2140354,2140354,2139843,2141565,2141203,2142163,2142163,2141972,2141757,2141434,2141319,2141319,2140719,2139769,2139431,2138479,2138479,2137864,S
2850497,2850342,2849894,2849593,2849593,2849451,2849125,2848068,2847851,2847851,2846699,2844658,2842966,2839239,2839239,2837556,2835382,2830880,2827609,2827609,2830354,2830405,2827193,2824485,2824485,2822777,2821249,2821229,2820727,2820727,2820537,2820473,2822009,2823913,2823913,2827903,2835361,2844006,2849231,2849231,2852575,2854848,2856304,M
3065262,3065262,3065262,3065262,3065262,3065262,3065479,3066074,3066074,3066868,3067493,3068218,3068407,3068407,3068602,3068849,3068298,3066385,3066385,3053662,3094714,3217241,3192418,3192418,3076654,3030128,3013302,3017639,3017639,3019966,3021373,3023859,3027231,3027231,3030771,3034330,3037515,3037515,3037515,3037515,3037515,3037515,3037515,S
2829767,2829767,2829767,2830650,2831460,2831874,2831688,2831688,2831510,2831409,2831276,2831086,2831086,2831422,2831091,2830977,2830953,2830953,2839001,2874194,2910008,2931701,2931701,2926820,2926482,2925438,2899623,2899623,2874200,2863632,2852878,2847377,2847377,2846664,2843746,2842199,2842900,2842900,2843644,2845698,2846525,2847014,2847014,H
2870938,2870938,2870723,2870614,2870614,2870384,2870175,2870185,2870338,2870338,2870542,2870883,2870919,2870883,2870883,2871064,2871352,2870892,2869698,2869698,2867922,2865902,2851087,2860353,2860353,2884619,2920324,2949830,2969403,2969403,2973877,2919523,2878858,2870008,2870008,2870907,2874030,2876508,2878564,2878564,2879856,2880164,2880164,M
2824961,2824961,2824961,2824961,2824961,2824961,2824949,2824242,2824242,2822902,2821737,2821141,2820994,2820994,2821327,2821914,2822400,2823018,2823018,2823918,2824719,2825732,2822703,2822703,2818516,2813883,2817597,2823359,2823359,2828985,2836613,2842702,2847044,2847044,2849996,2852729,2855013,2857363,2857363,2857363,2857363,2857363,2857363,S
2857318,2857318,2857318,2857318,2858221,2858590,2858210,2857222,2857222,2856160,2855526,2855455,2855477,2855477,2856022,2856224,2856689,2857186,2857186,2879081,3062641,3134053,3189134,3189134,3190341,3155351,2927161,2881000,2881000,2868436,2870815,2873927,2876538,2876538,2877516,2878442,2880345,2880345,2882099,2883387,2883387,2883387,2883387,H
2879685,2879685,2879685,2879548,2879593,2879593,2879326,2878646,2878498,2877980,2877980,2877826,2877653,2877379,2876597,2876597,2875443,2874092,2872489,2847091,2847091,2995061,3297868,3423245,3430214,3430214,3385207,3300878,3190417,2991853,2991853,2936609,2892617,2864035,2857640,2857640,2854719,2852795,2851762,2850218,2850218,2850218,2850218,M
2804910,2804910,2804910,2804403,2804046,2803952,2803751,2803751,2803451,2803321,2803018,2802836,2802836,2802314,2800473,2771428,2924783,2924783,3254761,3354341,3361708,3360770,3360770,3339156,3315294,3372227,3322263,3322263,3306151,3074803,2882504,2848337,2848337,2826262,2798185,2796203,2798605,2798605,2800676,2802067,2802675,2803638,2803638,H
2805023,2805023,2805023,2805023,2805081,2805081,2805331,2805570,2805354,2805002,2805002,2803770,2802532,2801946,2801430,2801430,2800339,2799629,2798991,2813270,2813270,2940417,3178291,3180695,3098864,3098864,2982205,2902839,2867710,2836742,2836742,2805329,2797746,2795975,2797254,2797254,2797913,2797767,2798057,2798057,2798057,2798057,2798057,S
3097306,3097306,3097306,3097936,3097936,3097982,3097266,3096309,3095498,3095498,3095032,3095040,3094934,3094991,3094991,3094783,3094783,3093740,3091999,3091999,3088050,3088050,3086485,3085107,3085107,3083271,3081895,3081314,3083203,3083203,3086855,3089482,3091979,3093591,3093591,3094396,3095203,3095802,3096380,3096380,3096380,3096380,3096380,M
2951484,2951484,2951484,2951484,2951484,2951484,2950671,2949735,2949735,2948978,2948298,2947579,2946310,2946310,2944512,2942543,2941076,2939963,2939963,2939251,2937976,2935433,2932538,2932538,2930047,2928427,2929172,2931184,2931184,2933387,2935008,2936226,2937091,2937091,2937759,2938180,2938189,2937488,2937488,2937488,2937488,2937488,2937488,S
3070749,3070749,3070749,3070749,3070749,3070749,3071129,3071129,3070724,3069694,3068875,3068176,3068176,3067899,3067654,3066590,3064659,3064659,3061052,3057444,3056270,3054446,3054446,3052846,3050274,3049914,3052422,3052422,3053645,3054995,3055463,3054390,3054390,3054081,3053769,3054015,3054544,3054544,3054544,3054544,3054544,3054544,3054544,H
2740426,2740951,2741514,2742004,2742680,2742680,2743294,2744172,2744438,2744438,2743470,2742336,2741588,2741176,2741176,2740973,2741081,2741008,2740548,2740548,2738645,2735761,2733388,2731443,2731443,2729452,2728124,2728014,2729287,2729287,2734190,2739106,2742969,2744603,2744603,2745522,2746577,2747481,2748100,2748100,2748912,2749421,2750051,M
2765101,2765101,2765101,2766383,2767277,2767624,2768252,2768252,2768652,2768952,2769365,2769861,2769861,2770252,2770747,2771158,2771881,2771881,2772159,2772071,2770460,2766966,2766966,2763864,2761836,2759889,2757372,2757372,2757144,2759351,2761901,2764516,2764516,2766826,2768849,2770250,2771431,2771431,2772372,2772414,2772414,2772414,2772414,S
2742032,2740714,2739641,2739068,2739068,2738594,2738129,2737930,2737930,2737875,2738103,2738615,2739216,2739216,2740128,2741011,2742010,2743064,2743064,2744068,2745264,2745153,2741623,2741623,2736266,2731392,2724989,2719403,2719403,2713407,2708271,2703620,2701139,2701139,2704140,2710270,2715344,2718100,2718100,2719841,2721450,2722100,2722573,H
2714511,2715104,2715104,2715837,2716334,2716137,2714899,2714899,2713696,2712817,2712626,2712552,2712552,2712519,2712415,2712792,2713045,2713045,2713081,2712594,2711203,2709322,2709322,2706846,2703902,2702009,2699115,2699115,2695992,2690865,2687149,2685716,2685716,2687935,2696158,2706296,2706296,2714961,2721281,2725070,2727697,2727697,2730137,M
2700547,2699813,2699813,2699053,2698939,2699065,2699488,2699488,2699761,2700346,2700946,2701632,2701632,2702327,2702834,2702539,2701325,2701325,2697597,2694612,2692001,2690767,2690767,2688682,2686605,2684644,2685609,2685609,2689488,2694002,2698712,2701719,2701719,2703731,2705893,2708650,2708650,2711805,2715016,2717991,2720478,2720478,2721883,H
2757955,2757955,2757955,2757955,2757955,2757062,2756194,2756194,2755412,2754783,2754208,2754208,2753664,2753326,2753263,2753156,2753156,2752673,2750773,2747394,2744279,2744279,2741695,2741254,2744206,2749189,2749189,2753677,2757481,2760548,2763072,2764829,2764829,2766174,2766930,2767879,2767879,2769047,2769841,2769841,2769841,2769841,2769841,S
2814420,2814420,2814188,2813960,2813722,2813704,2813704,2813630,2813831,2814025,2814386,2814386,2814511,2814915,2815381,2816205,2816205,2816262,2816231,2816246,2817024,2817024,2817719,2818826,2820106,2821784,2821784,2823447,2825082,2826185,2827146,2827146,2827854,2828773,2829593,2830217,2830217,2830642,2830496,2829812,2829262,2829262,2828476,M
2854537,2854537,2854537,2854675,2854675,2854869,2855215,2855369,2855890,2855890,2856279,2856815,2857296,2857712,2857712,2858057,2858116,2857736,2857417,2857417,2857271,2857336,2857232,2857017,2857045,2857045,2857000,2857241,2857496,2857496,2857672,2858024,2858263,2858579,2858579,2859061,2859569,2859572,2859373,2859373,2858972,2858972,2858972,S
2790322,2790484,2790765,2790765,2791603,2791603,2792203,2792424,2792424,2789696,2789696,2788082,2786807,2786807,2786179,2786167,2785742,2784980,2784980,2783471,2781877,2781142,2781391,2781391,2782500,2783478,2785306,2787107,2787107,2789354,2792100,2795479,2798821,2798821,2802304,2805720,2808682,2810486,2810486,2812285,2814072,2815573,2816934,H
2809338,2809338,2810006,2810921,2811751,2811751,2812786,2813615,2814058,2813425,2813425,2812093,2810957,2810023,2809757,2809757,2809777,2810181,2810320,2810884,2810884,2811269,2811872,2812659,2813382,2813382,2814382,2815559,2816992,2818691,2818691,2819784,2820058,2820233,2820715,2820715,2821225,2821944,2822469,2823061,2823061,2823892,2823892,M
2824172,2824172,2824609,2825607,2826034,2826034,2825414,2824390,2823267,2822373,2822373,2821657,2821129,2820525,2820756,2820756,2821194,2822102,2823097,2824961,2824961,2826506,2827907,2829190,2829190,2830407,2831539,2832199,2831643,2830776,2830776,2829886,2829146,2828643,2828130,2828130,2827718,2827142,2826880,2826883,2826883,2826979,2826979,S
2814651,2814990,2815334,2815334,2814385,2813902,2812200,2810709,2810709,2808902,2806754,2804384,2802508,2802508,2801235,2800821,2799708,2799537,2799537,2799638,2799455,2800203,2801655,2801655,2803796,2806941,2810729,2814729,2814729,2818428,2821660,2823047,2823999,2823999,2824167,2824516,2825109,2825350,2825350,2825761,2826104,2826727,2827257,H
2097104,2097236,2097236,2097211,2097210,2097015,2097225,2097225,2097112,2097166,2097177,2097139,2097139,2097105,2097089,2097098,2097138,2097138,2097204,2097156,2097054,2097140,2097140,2097110,2097118,2097148,2097121,2097121,2097155,2097133,2097164,2097113,2097113,2097199,2097169,2097118,2097143,2097143,2097221,2097176,2097097,2097140,2097140,M
2097150,2097085,2097253,2097253,2097129,2097148,2097123,2097104,2097104,2097092,2097161,2097186,2097106,2097106,2097151,2097191,2097151,2097113,2097113,2097112,2097081,2097023,2097089,2097089,2097183,2097108,2097214,2097125,2097125,2097065,2097240,2097189,2097094,2097094,2097219,2097217,2097218,2097243,2097243,2097193,2097140,2097195,2097107,H
2786355,2786355,2786355,2786786,2787295,2787295,2788003,2788644,2789584,2790414,2790414,2790564,2789252,2787597,2786262,2786262,2785849,2785754,2785921,2786071,2786071,2786474,2786930,2787667,2788578,2788578,2789570,2790609,2791669,2792556,2792556,2793557,2793704,2793016,2792268,2792268,2791523,2790967,2790682,2790657,2790657,2790657,2790657,S
