2880240,2880240,2880240,2880240,2880240,2880240,2880240,2880566,2880744,2880744,2881107,2881404,2881360,2881683,2881683,2880116,2878792,2881031,2884143,2884143,2884436,2886234,2889762,2891083,2891083,2893771,2896689,2897745,2897423,2897423,2896149,2895584,2894823,2894418,2894418,2894137,2893288,2893288,2893288,2893288,2893288,2893288,2893288,H
2896761,2896761,2896761,2896761,2896761,2896761,2896761,2896761,2896761,2896530,2896274,2896274,2896281,2896722,2897456,2900389,2900389,2907164,2913606,2917506,2915911,2915911,2912687,2911034,2910532,2909916,2909916,2909489,2908971,2908533,2908020,2908020,2908189,2908274,2908772,2908772,2908772,2908772,2908772,2908772,2908772,2908772,2908772,M
2927968,2927968,2927968,2927968,2927968,2927968,2927968,2927968,2927968,2927968,2927968,2927968,2930002,2931704,2933511,2935984,2938678,2941252,2944670,2946238,2946935,2945867,2945095,2944488,2944262,2943447,2942407,2941837,2941152,2941412,2941244,2941244,2941244,2941244,2941244,2941244,2941244,2941244,2941244,2941244,2941244,2941244,2941244,S
2883015,2883015,2883015,2883015,2883015,2883015,2883015,2883015,2883527,2883527,2883867,2884048,2884579,2885098,2885098,2886361,2886870,2886410,2886424,2886424,2886616,2885423,2883034,2881996,2881996,2882208,2882351,2882489,2882722,2882722,2883095,2883231,2883715,2884122,2884122,2884122,2884122,2884122,2884122,2884122,2884122,2884122,2884122,M
2905190,2905190,2905190,2905190,2905190,2905190,2905190,2905190,2905190,2905190,2905190,2905190,2907491,2908910,2908454,2907032,2907032,2905268,2904914,2904442,2904008,2904008,2904005,2903987,2904289,2904400,2904400,2904817,2904982,2905514,2906100,2906100,2906993,2906993,2906993,2906993,2906993,2906993,2906993,2906993,2906993,2906993,2906993,S
2887014,2887014,2887014,2887014,2887014,2887014,2887014,2887014,2887014,2886593,2886445,2886683,2887551,2887551,2888972,2890543,2892606,2895427,2895427,2897524,2899095,2898801,2898929,2898929,2897810,2895830,2894043,2892863,2892863,2891409,2890325,2889369,2888642,2888642,2888642,2888642,2888642,2888642,2888642,2888642,2888642,2888642,2888642,H
2893377,2893377,2893377,2893377,2893377,2893377,2893377,2893377,2893377,2893502,2893502,2894131,2894828,2895247,2895031,2895031,2894829,2897719,2903260,2909930,2909930,2915607,2920714,2924557,2926538,2926538,2927437,2927245,2926738,2925200,2925200,2923989,2922809,2920698,2920698,2920698,2920698,2920698,2920698,2920698,2920698,2920698,2920698,H
2871520,2871520,2871520,2871520,2871520,2871520,2871520,2871520,2871520,2871520,2871376,2871159,2870957,2870642,2870332,2870154,2872482,2874434,2876189,2878248,2878704,2878493,2878043,2877495,2876601,2875028,2873287,2872869,2872951,2872790,2873183,2873864,2874099,2874099,2874099,2874099,2874099,2874099,2874099,2874099,2874099,2874099,2874099,M
2864643,2864643,2864643,2864643,2864643,2864643,2864643,2864643,2864643,2864643,2864643,2864643,2864755,2864789,2864809,2865146,2865551,2865544,2866509,2868020,2869565,2871271,2872550,2873316,2873675,2874315,2874341,2873534,2872747,2872048,2871386,2871386,2871386,2871386,2871386,2871386,2871386,2871386,2871386,2871386,2871386,2871386,2871386,S
2730283,2731571,2732742,2733601,2733601,2733588,2733760,2733589,2734002,2734002,2734171,2734228,2734573,2736235,2736235,2737904,2739734,2741024,2742098,2742098,2743103,2743435,2743693,2743468,2743468,2743427,2742660,2741937,2741638,2741638,2741336,2741450,2741967,2742327,2742327,2741865,2740875,2740715,2742971,2742971,2745223,2746848,2747468,H
2745122,2745122,2745626,2746777,2748091,2749194,2749194,2749981,2750243,2750678,2751277,2752205,2752205,2752932,2753528,2753327,2753327,2753041,2753063,2753431,2754199,2754199,2754862,2755699,2756554,2757560,2758341,2758341,2758778,2758918,2759251,2759878,2759878,2760316,2760607,2761002,2761143,2761143,2761605,2762355,2763388,2763930,2763930,M
2756534,2756534,2756534,2756534,2757725,2759429,2761204,2762820,2764325,2765459,2766780,2768028,2769192,2769760,2770006,2769949,2769405,2769064,2768703,2768655,2768706,2769189,2769871,2770862,2772042,2772977,2773989,2775291,2776379,2777762,2778633,2779148,2779428,2779729,2780174,2780794,2781356,2782074,2782621,2783317,2783317,2783317,2783317,S
2759571,2759571,2759672,2760055,2760277,2760804,2760804,2761253,2761850,2762399,2762793,2762793,2763149,2763032,2762409,2761474,2761474,2760517,2759924,2759350,2759082,2759082,2759162,2759220,2759620,2760504,2760504,2761904,2762829,2763858,2764929,2764929,2766201,2767516,2768693,2769056,2769056,2769155,2769038,2768994,2769172,2769172,2769523,M
2754018,2754629,2754629,2755375,2756171,2756750,2757056,2757056,2757720,2758372,2759307,2760241,2760241,2761348,2762561,2763324,2763309,2763309,2763146,2762462,2762378,2762297,2762297,2762421,2762575,2762917,2763536,2763536,2764182,2765017,2765931,2766739,2766739,2767530,2768365,2769102,2769209,2769209,2769224,2769081,2769095,2769369,2769369,S
2772029,2772862,2773422,2773422,2773565,2772269,2770756,2770088,2770088,2770599,2771679,2773073,2774393,2774393,2775319,2776345,2777039,2778471,2778471,2779844,2780460,2781837,2782721,2782721,2783875,2784652,2785767,2786536,2786536,2787806,2788933,2787811,2787767,2787767,2786963,2787680,2788443,2789589,2789589,2790638,2791840,2792880,2794233,H
2775680,2775680,2775633,2775528,2776011,2777402,2777402,2778056,2778662,2779182,2779105,2779105,2779404,2779224,2779277,2779277,2780218,2779820,2780840,2780400,2780400,2782085,2783622,2785823,2788546,2788546,2791923,2795315,2796814,2796733,2796733,2797228,2797242,2797378,2798063,2798063,2799096,2799771,2800651,2801935,2801935,2802905,2803805,H
2780236,2781310,2782042,2783262,2785091,2785091,2786603,2787834,2788960,2789812,2789812,2790883,2791811,2792999,2794294,2794294,2795420,2796840,2798092,2799239,2799239,2800022,2800494,2800962,2801335,2801335,2801881,2802476,2803315,2803909,2803909,2804269,2804838,2805009,2805075,2805075,2804960,2804290,2803317,2802096,2802096,2800853,2799606,M
2731193,2731193,2731193,2734491,2737256,2739590,2741493,2741493,2743224,2745021,2746629,2748328,2748328,2749805,2750704,2751293,2751779,2751779,2752571,2753619,2754601,2755773,2755773,2756784,2757691,2758554,2759268,2759268,2759899,2760377,2761109,2761751,2761751,2762557,2762664,2762593,2762520,2762520,2762514,2762606,2762679,2763064,2763064,S
2818582,2818582,2818582,2818582,2818582,2818582,2818582,2818964,2819141,2819141,2819484,2815827,2828510,2820212,2820212,2825282,2827337,2832558,2833778,2833778,2833589,2832704,2830285,2828986,2828986,2830115,2831127,2831900,2832625,2832625,2833312,2833435,2832724,2831523,2831523,2829760,2829201,2829201,2829201,2829201,2829201,2829201,2829201,H
2856470,2856470,2856470,2856470,2856470,2856470,2856470,2856134,2856339,2855739,2855830,2855830,2855539,2855603,2855456,2855786,2855786,2854914,2854765,2856336,2855116,2855116,2857026,2856997,2856664,2857391,2857391,2859717,2861400,2861906,2862342,2862342,2863135,2863703,2864228,2864272,2864272,2864272,2864272,2864272,2864272,2864272,2864272,M
2818151,2818151,2818151,2818151,2818151,2818151,2818151,2818151,2818151,2818151,2819448,2820557,2820557,2821655,2822971,2824458,2826455,2826455,2825448,2823882,2823340,2823421,2823421,2823522,2823056,2822668,2822503,2822503,2822163,2822087,2822617,2824069,2824069,2826972,2826972,2826972,2826972,2826972,2826972,2826972,2826972,2826972,2826972,S
2805613,2805613,2805613,2805613,2805613,2805613,2805613,2805613,2805919,2806561,2806842,2806524,2806524,2805539,2805020,2804327,2803813,2803813,2803217,2802844,2804586,2803120,2803120,2807485,2809530,2811866,2813068,2813068,2815388,2816463,2816978,2816917,2816917,2815916,2816715,2816715,2816715,2816715,2816715,2816715,2816715,2816715,2816715,M
2772828,2772828,2772828,2772828,2772828,2772828,2772828,2772828,2771186,2769898,2768834,2767998,2767998,2766794,2766184,2765544,2765538,2765538,2765822,2766052,2766148,2766675,2766675,2766360,2765416,2764158,2763047,2763047,2762949,2762722,2762059,2760347,2760347,2758976,2757243,2757243,2757243,2757243,2757243,2757243,2757243,2757243,2757243,S
2762185,2762185,2763877,2764711,2765251,2765251,2766604,2769126,2771902,2774007,2774007,2775535,2776690,2777520,2778391,2778391,2779357,2779986,2780856,2782363,2782363,2785072,2783804,2781943,2781427,2781427,2783010,2785431,2787196,2790408,2790408,2792202,2793131,2797811,2800631,2800631,2804056,2805523,2807621,2809765,2809765,2809765,2809765,H
2097144,2097144,2097144,2097144,2097126,2097126,2097231,2097196,2097189,2097121,2097121,2097078,2097155,2097029,2097013,2097013,2097124,2097072,2097058,2097036,2097036,2097097,2097047,2097141,2097077,2097077,2097124,2097138,2097088,2097079,2097079,2097226,2097020,2097209,2097126,2097126,2097170,2097170,2097219,2097219,2097219,2097219,2097219,H
2781093,2781093,2781093,2781093,2781093,2781093,2781002,2781027,2781949,2782403,2782403,2782044,2781174,2780416,2779310,2779310,2778633,2778127,2777683,2777686,2777686,2777317,2778878,2776327,2778972,2778972,2782555,2787141,2790621,2794169,2794169,2798096,2801852,2803836,2803836,2805978,2806790,2807751,2808554,2808554,2808554,2808554,2808554,M
2725204,2725204,2725204,2725204,2725204,2725204,2725204,2725444,2725444,2725427,2725587,2725799,2725904,2725904,2725996,2725278,2724458,2723718,2723718,2722400,2721363,2720533,2720137,2720137,2719847,2720111,2721399,2722577,2722577,2723786,2724753,2725360,2726437,2726437,2727312,2728789,2729012,2729012,2729012,2729012,2729012,2729012,2729012,S
2817541,2821445,2824482,2826623,2826623,2821302,2815060,2809222,2804644,2800927,2800927,2797973,2795403,2792834,2792834,2790773,2787366,2785907,2783774,2784568,2784568,2784302,2784766,2787845,2787845,2790403,2793225,2794571,2795160,2795160,2795919,2795564,2792688,2789837,2789837,2788322,2787726,2788795,2789622,2789622,2790862,2793212,2797817,H
2822902,2822902,2818113,2813772,2812027,2812027,2811260,2812158,2812956,2813969,2813969,2814274,2813819,2813679,2812792,2812792,2813838,2816986,2822096,2827625,2834293,2834293,2840266,2845102,2850884,2856017,2856017,2854846,2850891,2846886,2846375,2846375,2847106,2851843,2853452,2857365,2857365,2860841,2864139,2868015,2872052,2872052,2875854,M
2806672,2806672,2805166,2802989,2803198,2802756,2802756,2803812,2805536,2806768,2807608,2807608,2809270,2812064,2814232,2813102,2813102,2811861,2811474,2815243,2820362,2820362,2827269,2830892,2834069,2832067,2832067,2826689,2821589,2815621,2821965,2821965,2824497,2824518,2821686,2821524,2821524,2824772,2832751,2842255,2854198,2854198,2867055,S
2665997,2669419,2675295,2675295,2671229,2662704,2649836,2634578,2634578,2620070,2623365,2631986,2630941,2630941,2637119,2642559,2646456,2649249,2649249,2651884,2659549,2667560,2672376,2672376,2679419,2688679,2699019,2709826,2709826,2717083,2721181,2724694,2729342,2729342,2730270,2736573,2742850,2742248,2742248,2745489,2747626,2746587,2740980,M
2463764,2459365,2456179,2452769,2452769,2449461,2447715,2446224,2445706,2445706,2444590,2442022,2437976,2429495,2429495,2424056,2425195,2426280,2428017,2428017,2429725,2430542,2428604,2427155,2427155,2428548,2433381,2443914,2452761,2452761,2460773,2468784,2478885,2489201,2489201,2494723,2490279,2483501,2481533,2481533,2481355,2490411,2504038,S
2488581,2487260,2490308,2491264,2499134,2508235,2508235,2520902,2534239,2547721,2547721,2556767,2566124,2574552,2583819,2591581,2591581,2598791,2606758,2614374,2622485,2622485,2633223,2638063,2640240,2640240,2641986,2641186,2643373,2650801,2651207,2651207,2645741,2648932,2645297,2646896,2646896,2642004,2644442,2652052,2662835,2662835,2674638,H
2679178,2679574,2680925,2682742,2680969,2680969,2678328,2676456,2677036,2678877,2678877,2680048,2680780,2681078,2683196,2683196,2684853,2689292,2692596,2694130,2694130,2696037,2698459,2701063,2703986,2703986,2708092,2713050,2718073,2721507,2721507,2725438,2728467,2730427,2733494,2733494,2734544,2736685,2743530,2753922,2753922,2761678,2770767,H
2654525,2652769,2652769,2647298,2636474,2626678,2620110,2620110,2617643,2618486,2618719,2619203,2619203,2622148,2627184,2632775,2639423,2639423,2646261,2654111,2661068,2666097,2666097,2672271,2678670,2685159,2687512,2687512,2683059,2678773,2676461,2677141,2677141,2679132,2678744,2675236,2669533,2669533,2663834,2659972,2658927,2660414,2660414,M
2655653,2650787,2646189,2641540,2637783,2637783,2635555,2635245,2636016,2636446,2636446,2635767,2635816,2637721,2640811,2640811,2644991,2650407,2655780,2661499,2661499,2666132,2668762,2667149,2666743,2666743,2668170,2670678,2675236,2677947,2677947,2677558,2676432,2674315,2671605,2671605,2670470,2670337,2669888,2671869,2671869,2674082,2673492,S
2097113,2097113,2097113,2097113,2097113,2097183,2097188,2097133,2097111,2097111,2097078,2097092,2097170,2097156,2097156,2097128,2097119,2097117,2097067,2097067,2097077,2097168,2097082,2097122,2097122,2097176,2097118,2097181,2097256,2097256,2097235,2097192,2097089,2097219,2097219,2097159,2097094,2097131,2097113,2097113,2097113,2097113,2097113,H
2012585,2012585,2012647,2012864,2013483,2013483,2013861,2014044,2014461,2014998,2014998,2015372,2015447,2014825,2013493,2013493,2013295,2009729,2009488,2009190,2009190,2009597,2005404,2009478,2009426,2009426,2010435,2010599,2010880,2011025,2011025,2011547,2011364,2011472,2011867,2011867,2011737,2011590,2011356,2011153,2011153,2010860,2010860,M
1995732,1995732,1995732,1995732,1995732,1995935,1995954,1996254,1996254,1996251,1995449,1994775,1994380,1994380,1993578,1993258,1993097,1993013,1993141,1993141,1992597,1992929,1992122,1992122,1993061,1993184,1993608,1993967,1993967,1995658,1996006,1996118,1996486,1996561,1996561,1996591,1997010,1997678,1997478,1997478,1997478,1997478,1997478,S
2057058,2057058,2057058,2057058,2057058,2056400,2056060,2055568,2055428,2055010,2054926,2054735,2054553,2054066,2052731,2051447,2050250,2049268,2047711,2046024,2045739,2043678,2044606,2041998,2040635,2043755,2042700,2046627,2046471,2047438,2048238,2048738,2048258,2047696,2046535,2045798,2044957,2043786,2043786,2043786,2043786,2043786,2043786,M
2062769,2062769,2062769,2062769,2062769,2062769,2062769,2062769,2062769,2062769,2062769,2062108,2061679,2061100,2060545,2060545,2060379,2059571,2058319,2056857,2056857,2057054,2056647,2055691,2054349,2054349,2054532,2054495,2055301,2055297,2055297,2055414,2055424,2055229,2055229,2055229,2055229,2055229,2055229,2055229,2055229,2055229,2055229,S
2039667,2039667,2039667,2039667,2039667,2039667,2039667,2039667,2039484,2038951,2038517,2037438,2037438,2036239,2034914,2034843,2035394,2035394,2036423,2036340,2033873,2036273,2036273,2030476,2028425,2031705,2027080,2027080,2030978,2033255,2037365,2038620,2038620,2039631,2039669,2039607,2039153,2039153,2039153,2039153,2039153,2039153,2039153,H
2045918,2046709,2047671,2048200,2048732,2048732,2049509,2049906,2050198,2050198,2049772,2049441,2049061,2050052,2050052,2049751,2048793,2047977,2046094,2046094,2044641,2043305,2043814,2045036,2045036,2042935,2043634,2044998,2045487,2045487,2042098,2040828,2041676,2044906,2044906,2048300,2051346,2053923,2056013,2056013,2057343,2057676,2058184,H
2071237,2071237,2071237,2071237,2071237,2071237,2071237,2071237,2071895,2072246,2072803,2072971,2073339,2072781,2076307,2075213,2072775,2072775,2074122,2071618,2074508,2071632,2071632,2074241,2073870,2075080,2075351,2075351,2078029,2078034,2078859,2079438,2079438,2080149,2080215,2080215,2080215,2080215,2080215,2080215,2080215,2080215,2080215,M
2048517,2048517,2048517,2048517,2048517,2048517,2048517,2048911,2049506,2049722,2049722,2049810,2050189,2050462,2050442,2050442,2049959,2050895,2050400,2049846,2049846,2049358,2049459,2049447,2050500,2050500,2050921,2051811,2051976,2052443,2052443,2052844,2053106,2053337,2053711,2053711,2053711,2053711,2053711,2053711,2053711,2053711,2053711,S
3122697,3122697,3122697,3122697,3124239,3126171,3126171,3128100,3129912,3129415,3127145,3127145,3125048,3123940,3122425,3121724,3121357,3121357,3120650,3120326,3120298,3120298,3120928,3121981,3123386,3124828,3124828,3127049,3128874,3131905,3135514,3135514,3137889,3138095,3137833,3137608,3137608,3137434,3137711,3137711,3137711,3137711,3137711,H
3058913,3058913,3054632,3053501,3053781,3053781,3054217,3054600,3055831,3057772,3057772,3060069,3062850,3066089,3069020,3069020,3064335,3054933,3046681,3041109,3041109,3038159,3036318,3035124,3034460,3034460,3033922,3034142,3036218,3042213,3042213,3048404,3053979,3058487,3055846,3055846,3050614,3046475,3043857,3043362,3043362,3044462,3044462,M
3100266,3100266,3100266,3100266,3100266,3100266,3100266,3094186,3090946,3089823,3090426,3090426,3091639,3092697,3092471,3090490,3090490,3087427,3084826,3082990,3082058,3082058,3083388,3086410,3086429,3083950,3083950,3082341,3081657,3081221,3081800,3081800,3082086,3082199,3082182,3082866,3082866,3083968,3083968,3083968,3083968,3083968,3083968,S
2930718,2930718,2930718,2930718,2930718,2930718,2928575,2926903,2925837,2924448,2924448,2920807,2914883,2910215,2906243,2906243,2901872,2898064,2892498,2887009,2887009,2882697,2878020,2874243,2874524,2874524,2877960,2883614,2887637,2885154,2885154,2881356,2879525,2877827,2877370,2877370,2877260,2877103,2877103,2877103,2877103,2877103,2877103,M
2916558,2916558,2916558,2916558,2916558,2916558,2916558,2916558,2913186,2913186,2909596,2906518,2903821,2901087,2901087,2898074,2895209,2892586,2891001,2891001,2891495,2894365,2894500,2894579,2894579,2893768,2893768,2893256,2893172,2893172,2893063,2893563,2894538,2896008,2896008,2896008,2896008,2896008,2896008,2896008,2896008,2896008,2896008,S
2862726,2862726,2862726,2862726,2862726,2862726,2862726,2862726,2861800,2861532,2861038,2861038,2860561,2859456,2857058,2854693,2854693,2852555,2850234,2848365,2845420,2845420,2839544,2835562,2833397,2843676,2843676,2853986,2862125,2866550,2869790,2869790,2871998,2874502,2876078,2877774,2877774,2877774,2877774,2877774,2877774,2877774,2877774,H
2895400,2895400,2895400,2895400,2895400,2895400,2895400,2895052,2893730,2891923,2891118,2891118,2890235,2889956,2889596,2885716,2885716,2880016,2872942,2861538,2850176,2850176,2846734,2846035,2844840,2845522,2845522,2850068,2857444,2870752,2879987,2879987,2887599,2894007,2899667,2904250,2904250,2906185,2906185,2906185,2906185,2906185,2906185,H
3027802,3027802,3027802,3027802,3027802,3027802,3027802,3027802,3030832,3034206,3037764,3041668,3045317,3046425,3045777,3046471,3048180,3050774,3053901,3057045,3059414,3060226,3061372,3063636,3065084,3068811,3072487,3073320,3073552,3073935,3074258,3075634,3077388,3079226,3081185,3081185,3081185,3081185,3081185,3081185,3081185,3081185,3081185,M
2850907,2850907,2850907,2850907,2850907,2850907,2850907,2850907,2850907,2850907,2852302,2853621,2854882,2856161,2857202,2856423,2848399,2843103,2843070,2842717,2838899,2833370,2833002,2839139,2845976,2853797,2859961,2864469,2867277,2869223,2871141,2871923,2867004,2864269,2864269,2864269,2864269,2864269,2864269,2864269,2864269,2864269,2864269,S
2862428,2857776,2853342,2849478,2849478,2845563,2842313,2840435,2838642,2838642,2837157,2836359,2836107,2836248,2836248,2837031,2837593,2837912,2835337,2835337,2830346,2826391,2824123,2823869,2823869,2824422,2824544,2826333,2824745,2824745,2824275,2824942,2825550,2824917,2824917,2825017,2825726,2826623,2828428,2828428,2830012,2831657,2833684,H
2784182,2784182,2784182,2784182,2787022,2787271,2786147,2786147,2784760,2783738,2782962,2782517,2782523,2782523,2782425,2782822,2783218,2781380,2781380,2779286,2776059,2774111,2775295,2775295,2778153,2782603,2788284,2793326,2793326,2796628,2797265,2794134,2794134,2790653,2788665,2786459,2784516,2784516,2782820,2782820,2782820,2782820,2782820,M
2875568,2877364,2879056,2880375,2880375,2881597,2880578,2877633,2874947,2874947,2872640,2870413,2868416,2867266,2867266,2866262,2864372,2861905,2860875,2860875,2860427,2860033,2860211,2860103,2860103,2860143,2860967,2862403,2866718,2866718,2872460,2876475,2876291,2873937,2873937,2872282,2870538,2868805,2868432,2868432,2869142,2869835,2871096,S
2847851,2847851,2847851,2847851,2847329,2846984,2846996,2848146,2848146,2849147,2849819,2849582,2848775,2848775,2846329,2843614,2838091,2833975,2833975,2830781,2830089,2832461,2836481,2836481,2837874,2839939,2839196,2839367,2839367,2840673,2841978,2844146,2845878,2845878,2847798,2850127,2852043,2852170,2852170,2848870,2848870,2848870,2848870,M
2855998,2855998,2855998,2855998,2855998,2854452,2854452,2853721,2853404,2853295,2853037,2853037,2852699,2852131,2852047,2849865,2849865,2845880,2842313,2838592,2834335,2834335,2829945,2825515,2820038,2816904,2816904,2815450,2815709,2817319,2821152,2821152,2822003,2822162,2823052,2824306,2824306,2824916,2825078,2825078,2825078,2825078,2825078,S
2842949,2842949,2842949,2839956,2836485,2834250,2831957,2831957,2829765,2826861,2824163,2822999,2822999,2819825,2815862,2811938,2809771,2809771,2808693,2808130,2808594,2807990,2807990,2807328,2814848,2805666,2805876,2805876,2806731,2804745,2799200,2792430,2792430,2792887,2793492,2794455,2796222,2796222,2799633,2803538,2804599,2804516,2804516,H
2818207,2818349,2818857,2819488,2819488,2819935,2820159,2820138,2822535,2822535,2823087,2822982,2818663,2815687,2815687,2813103,2810552,2808058,2805749,2805749,2804001,2803078,2803301,2803497,2803497,2805035,2805476,2808269,2803187,2803187,2789856,2784460,2783381,2784227,2784227,2784100,2784993,2785021,2784779,2784779,2784125,2783362,2782666,H
2826770,2826928,2826783,2826783,2827189,2828244,2829395,2830215,2830215,2831124,2832557,2834037,2835682,2835682,2837617,2839349,2840610,2842072,2842072,2843226,2845110,2844446,2841715,2841715,2837690,2831065,2828499,2820148,2820148,2811120,2809762,2809157,2809880,2809880,2811790,2811832,2811407,2811152,2811152,2810766,2810402,2810738,2812246,M
2798526,2798526,2798526,2798526,2798526,2798526,2801058,2803194,2804260,2804260,2802739,2800513,2799220,2798096,2798096,2797170,2797061,2796300,2792951,2792951,2788477,2786948,2787530,2791639,2791639,2795231,2797910,2798655,2799592,2799592,2800631,2799285,2796186,2792547,2792547,2784208,2776966,2777327,2777327,2777327,2777327,2777327,2777327,S
2090417,2090417,2090417,2090138,2090448,2090074,2090074,2090306,2090881,2090802,2090525,2090525,2089163,2088286,2087773,2091862,2091862,2093166,2091201,2091396,2089561,2089561,2087852,2085191,2082844,2077645,2077645,2059147,2042224,2032357,2031384,2031384,2038536,2044505,2048379,2051349,2051349,2053186,2053779,2054658,2054658,2054658,2054658,H
2062682,2062682,2062682,2062682,2062682,2062682,2062682,2062621,2062621,2061623,2060595,2058806,2058806,2057884,2056693,2057043,2058558,2058558,2059450,2061706,2062872,2062388,2059650,2059650,2049258,2031867,2025842,2025842,2029170,2037026,2040895,2044408,2044408,2048342,2050753,2053047,2054795,2054795,2054795,2054795,2054795,2054795,2054795,M
2081356,2081356,2081356,2081356,2081299,2080880,2080880,2080831,2081113,2081123,2080775,2080775,2080220,2079355,2077937,2077937,2077937,2078713,2080540,2081419,2080297,2080297,2078691,2075606,2070960,2066360,2066360,2060657,2062432,2065711,2068038,2068038,2069896,2071010,2072629,2073074,2073074,2073760,2073802,2073802,2073802,2073802,2073802,S
2041768,2041768,2041768,2041768,2041768,2041768,2041768,2041309,2041192,2041192,2040752,2039024,2038829,2038720,2038720,2040460,2042870,2044881,2042415,2042415,2040720,2038117,2033928,2026574,2016944,2016944,2015486,2024294,2029280,2029280,2033004,2035997,2038847,2040941,2040941,2043225,2043785,2043785,2043785,2043785,2043785,2043785,2043785,M
2070283,2070283,2070283,2070283,2070283,2070283,2069217,2069217,2068662,2067582,2066478,2065370,2065370,2064078,2063313,2062907,2062442,2062732,2062732,2060815,2058788,2056515,2052335,2052335,2047145,2043918,2047386,2056237,2056237,2061412,2064150,2066286,2067964,2067964,2069393,2070315,2072244,2072244,2072244,2072244,2072244,2072244,2072244,S
2053114,2053114,2053114,2053114,2053114,2053114,2053114,2051128,2049919,2047163,2047163,2045914,2048851,2057028,2059275,2059275,2062647,2066264,2066378,2064965,2064965,2063075,2058232,2047408,2034741,2034741,2026247,2027502,2034676,2038037,2038037,2041181,2041489,2043508,2045781,2045781,2046808,2046808,2046808,2046808,2046808,2046808,2046808,H
2077664,2077664,2077664,2077664,2077664,2077664,2077664,2076310,2075925,2075481,2075481,2076300,2075222,2074681,2074787,2074787,2069617,2077652,2078336,2080341,2080341,2082769,2077713,2074070,2064145,2064145,2046584,2031645,2031107,2042781,2042781,2054137,2058881,2058930,2059815,2059815,2059315,2059315,2059315,2059315,2059315,2059315,2059315,H
2064320,2064320,2064320,2064320,2064320,2064320,2064320,2063798,2063618,2063115,2063115,2062890,2062569,2062504,2063147,2063147,2063128,2063246,2065341,2066965,2066965,2066190,2062909,2057548,2050567,2050567,2042760,2034115,2029451,2034884,2034884,2045392,2053036,2058758,2060849,2060849,2061530,2061530,2061530,2061530,2061530,2061530,2061530,M
2065388,2065388,2065388,2065388,2065388,2065388,2065388,2065388,2065388,2063087,2061215,2059412,2058088,2058088,2057352,2057098,2057275,2058056,2058056,2058934,2059888,2059028,2054952,2054952,2046112,2035633,2038221,2048335,2048335,2052150,2053293,2055823,2057819,2057819,2059962,2059962,2059962,2059962,2059962,2059962,2059962,2059962,2059962,S
2052290,2052290,2053587,2054914,2055160,2055746,2055746,2054186,2054367,2052585,2053369,2053369,2053361,2055450,2050595,2048788,2048788,2045020,2045577,2040473,2043373,2043373,2040287,2042606,2041991,2043385,2043385,2041822,2039161,2040129,2040535,2040535,2043465,2044277,2045556,2045461,2045461,2046263,2046396,2047073,2047627,2047627,2047627,H
2064932,2066088,2066088,2066267,2067024,2067428,2067948,2067948,2066874,2066226,2066129,2065397,2065397,2064384,2063828,2062705,2062421,2062421,2061021,2060829,2060682,2057598,2057598,2055678,2054412,2053923,2055367,2055367,2055053,2055356,2056679,2057878,2057878,2058066,2058508,2059391,2059295,2059295,2060529,2060937,2062445,2062988,2062988,M
2040843,2040522,2040507,2040507,2040681,2040300,2039962,2040032,2040032,2040266,2040735,2040839,2041038,2041038,2041159,2040753,2039893,2037419,2037419,2035021,2033036,2033598,2033598,2033981,2035386,2036932,2037636,2037636,2037936,2038649,2039544,2040049,2040049,2040208,2040461,2041310,2042012,2042012,2042379,2042388,2041472,2040317,2040317,S
2011299,2010288,2010020,2010020,2010080,2010162,2010122,2010207,2010207,2009990,2009772,2009991,2009316,2009316,2008400,2006236,2002436,2001483,2001483,1999849,1999847,1999724,2001181,2001181,2003591,2005590,2006944,2007229,2007229,2008191,2006836,2007030,2010445,2010445,2013144,2015487,2016256,2016150,2016150,2015495,2015890,2016691,2016817,M
2185322,2185378,2185351,2185619,2185619,2186603,2187629,2189011,2190362,2191006,2191006,2191517,2192040,2190144,2190144,2188742,2185158,2182963,2182614,2178666,2178666,2180416,2179475,2178077,2178077,2178563,2178705,2176504,2178150,2178150,2175543,2174665,2173952,2175340,2175340,2174518,2174530,2174156,2174874,2174874,2174760,2175140,2175531,H
2131583,2131845,2131469,2131153,2131153,2130817,2132442,2135507,2138083,2138083,2139951,2142067,2144345,2147890,2147890,2147622,2150883,2151724,2151526,2151526,2152311,2151329,2153885,2152969,2152969,2154227,2153585,2153802,2154126,2154126,2155532,2157916,2159385,2161694,2161694,2161850,2163641,2164376,2165407,2165407,2166005,2166647,2167343,H
2142706,2143286,2144287,2144287,2145145,2146678,2148105,2148515,2148515,2148893,2149086,2148571,2148623,2148623,2149866,2150458,2149436,2148841,2148841,2146356,2145697,2143872,2144390,2144390,2141986,2142032,2140209,2140118,2140118,2139854,2139676,2137894,2136855,2136855,2137483,2137972,2137993,2139228,2139228,2139260,2140271,2140585,2141089,M
2119717,2119898,2120475,2120303,2120605,2120605,2119575,2118409,2117185,2115883,2115883,2114272,2112957,2111501,2110862,2110161,2110161,2109489,2109970,2111007,2111007,2112795,2115992,2117499,2116611,2116335,2116335,2117356,2118932,2120233,2120233,2121122,2121664,2123778,2124034,2124034,2124823,2124872,2125066,2124351,2124351,2122767,2121108,S
1978074,1978047,1977880,1977823,1977745,1977574,1977072,1976176,1975960,1975431,1975257,1974834,1974272,1972846,1971213,1968946,1968048,1967486,1967319,1967907,1969547,1969648,1971209,1971866,1973739,1975256,1975375,1975397,1973990,1974060,1973867,1973875,1973409,1972901,1972794,1972808,1972307,1971171,1971327,1971012,1970335,1970264,1970510,S
2957838,2957555,2957555,2957356,2957354,2957158,2956809,2956809,2956678,2956101,2956007,2955613,2955613,2954931,2953026,2949289,2946146,2946146,2940172,2934085,2936653,2961141,2961141,2977544,2938763,2922353,2918343,2918343,2916817,2914359,2916412,2918740,2918740,2920393,2922369,2924436,2926665,2926665,2928411,2929328,2930052,2930385,2930385,H
3016971,3016971,3016971,3016971,3015703,3014462,3013349,3012548,3011451,3010327,3009525,3008378,3007469,3006406,3005180,3003579,3001502,2997858,2994047,2989194,2984243,2981001,2977470,2976395,2973357,2971841,2971910,2972810,2978367,2980382,2982344,2984448,2986709,2989222,2992426,2995575,2997274,2998894,2999426,2998959,2998959,2998959,2998959,M
3112307,3111860,3111548,3111548,3111642,3111249,3110271,3109320,3109320,3108653,3108168,3107562,3106855,3106855,3105985,3104153,3101652,3100411,3100411,3095269,3079450,3107958,3132534,3132534,3120186,3087720,3067503,3062073,3062073,3060970,3064406,3070717,3076749,3076749,3083481,3088255,3092407,3095317,3095317,3098161,3100738,3103186,3105976,S
3077037,3076405,3074946,3073707,3073707,3072183,3070464,3069176,3067323,3067323,3066131,3063304,3058976,3053104,3053104,3043639,3039381,3043361,3044462,3044462,3039221,3037703,3034550,3032791,3032791,3022822,3015136,3006475,3001430,3001430,2996316,2989771,2983675,2979821,2979821,2976500,2975654,2978761,2981401,2981401,2984685,2987241,2988982,M
3026149,3026149,3023985,3021904,3019411,3017141,3017141,3015342,3013312,3011517,3009094,3009094,3007239,3004632,3000634,2996767,2996767,2991871,2988639,2984720,2978938,2978938,2971840,2968742,2970165,2969345,2969345,2965892,2960421,2956446,2955593,2955593,2956240,2962569,2965644,2967686,2967686,2968913,2969056,2969325,2969445,2969445,2969445,S
2938402,2938402,2938402,2934875,2934875,2931579,2928974,2926329,2924474,2924474,2922158,2920168,2918364,2916996,2916996,2915520,2914575,2913607,2911265,2911265,2913071,2922363,2929379,2931642,2931642,2944574,2987510,3005214,3010206,3010206,2927864,2907945,2897009,2896976,2896976,2902424,2902181,2901868,2900067,2900067,2900067,2900067,2900067,H
2797462,2797462,2797462,2797462,2796225,2794866,2793450,2792189,2791102,2790099,2789234,2787979,2785595,2782003,2770919,2798428,2965751,3051328,3105932,3156213,3171020,3146371,3104371,2997114,2876286,2783791,2765816,2759684,2763543,2763696,2765686,2768032,2770138,2772622,2773914,2775389,2775992,2776734,2777574,2778692,2778692,2778692,2778692,H
2793575,2793575,2795827,2796471,2795550,2796598,2796598,2793906,2791089,2787936,2780239,2780239,2775380,2777154,2773664,2772306,2772306,2783430,2814092,2905450,2941058,2941058,2959083,2956758,2937240,2902888,2902888,2882334,2827755,2809628,2807442,2807442,2809197,2812887,2811583,2816015,2816015,2817165,2819908,2821725,2822037,2822037,2822497,M
2842023,2842023,2838150,2835557,2835557,2835581,2833889,2833286,2834539,2834539,2832111,2829098,2827608,2827608,2844718,2849150,2844213,2825727,2825727,2811413,2810248,2808659,2807332,2807332,2806049,2808290,2801744,2811869,2834026,2834026,2837277,2817134,2807502,2800799,2800799,2795600,2793421,2792397,2792038,2792038,2791096,2790839,2790839,S
3103133,3103133,3103133,3103133,3103133,3102181,3102181,3101806,3101461,3101281,3100928,3100928,3100762,3100809,3101043,3101376,3101376,3101546,3101836,3101476,3101476,3101476,3099535,3100890,3100979,3101589,3101589,3100333,3096797,3093114,3089998,3089998,3088361,3088672,3089478,3092145,3092145,3094359,3095896,3095896,3095896,3095896,3095896,H
3078268,3078268,3078268,3078268,3078579,3078893,3078893,3079360,3079868,3080415,3081019,3081019,3080748,3079124,3077337,3075663,3075663,3074260,3073145,3071547,3069636,3069636,3067488,3065651,3065011,3064883,3064883,3065009,3064606,3064165,3063443,3063443,3062330,3061378,3061410,3062361,3062361,3064262,3065928,3065928,3065928,3065928,3065928,M
2977864,2977864,2977864,2977864,2977864,2977074,2976433,2976433,2976162,2975715,2975395,2975112,2975112,2974833,2974984,2974839,2974064,2974064,2971162,2967517,2964267,2961862,2961862,2961271,2962187,2963562,2964464,2964464,2965211,2965808,2966361,2966113,2966871,2966871,2967235,2967483,2967550,2967550,2967711,2967711,2967711,2967711,2967711,S
2796956,2795648,2794682,2794682,2793818,2793365,2792759,2792192,2792192,2791857,2791805,2791721,2791769,2791769,2792328,2791752,2791575,2791721,2791721,2790499,2788961,2787469,2786402,2786402,2786697,2787934,2788924,2790006,2790006,2791062,2791969,2792990,2793642,2793642,2793915,2794176,2794319,2794549,2794549,2794192,2793031,2791314,2789288,M
2800643,2800643,2800933,2801413,2801819,2801510,2801510,2800416,2799168,2797974,2797087,2797087,2796628,2796142,2795550,2794810,2794810,2794939,2794564,2795795,2796519,2796519,2797326,2797926,2797538,2796362,2796362,2794133,2791871,2790177,2790269,2790269,2790971,2792093,2793431,2794530,2794530,2795815,2797008,2798393,2799758,2799758,2799758,S
2724217,2722353,2720803,2720803,2719377,2718395,2717260,2716431,2716431,2716290,2716046,2716336,2716520,2716520,2719216,2710010,2708089,2705576,2705576,2705222,2706529,2707093,2707576,2707576,2710316,2715221,2722512,2731809,2731809,2738570,2742989,2745515,2747218,2747218,2748395,2749771,2751801,2753418,2753418,2755635,2757653,2759134,2759230,H
2760473,2761244,2761907,2761907,2762440,2762816,2763518,2763908,2763908,2763590,2762830,2761521,2760815,2760815,2760644,2760672,2760740,2758990,2758990,2756487,2751641,2752524,2749313,2749313,2750813,2752484,2754653,2759510,2759510,2763223,2768243,2771169,2773168,2773168,2774346,2775659,2777789,2780734,2780734,2783543,2786190,2788707,2790434,H
2769181,2768881,2769094,2769268,2769268,2769853,2770134,2770695,2771038,2771038,2771779,2770931,2768759,2766359,2766359,2764471,2763411,2762341,2762211,2762211,2759781,2758132,2755962,2754870,2754870,2754041,2755174,2758429,2761731,2761731,2764555,2764796,2763344,2761935,2761935,2761337,2761695,2762476,2762476,2762316,2761118,2760009,2759532,M
2752232,2751304,2751304,2750623,2750125,2749742,2749775,2749775,2749963,2750151,2750480,2750863,2750863,2751119,2751460,2751909,2752166,2752166,2751611,2749734,2748135,2748571,2748571,2748147,2748637,2750052,2752489,2752489,2755677,2758882,2761882,2763984,2763984,2765356,2766434,2767297,2767664,2767664,2768081,2768242,2767373,2765357,2765357,S
2828284,2827215,2827215,2826405,2825736,2825148,2824432,2824432,2823620,2822921,2822374,2822039,2822039,2821821,2821892,2822647,2823188,2823188,2824010,2824601,2825608,2827290,2827290,2829067,2830839,2832232,2833118,2833118,2834084,2835489,2835960,2834910,2834910,2834761,2835739,2837151,2838700,2838700,2839565,2840374,2840950,2841353,2841353,H
2797234,2797197,2797089,2797263,2797263,2797595,2797969,2798512,2799068,2799068,2799847,2800367,2800116,2799121,2799121,2798078,2795886,2794134,2793188,2793188,2793068,2793493,2794625,2795793,2795793,2797517,2799252,2800870,2802160,2802160,2803669,2804849,2805208,2805177,2805177,2804876,2804631,2804651,2804661,2804661,2804856,2804884,2805077,M
2833924,2833924,2833924,2833924,2832619,2832619,2831724,2830956,2830176,2829623,2829623,2829115,2828884,2828383,2827684,2827684,2827201,2827440,2828135,2828334,2828334,2827772,2826989,2826320,2825855,2825855,2825361,2824838,2824407,2824275,2824275,2824254,2824162,2824379,2824484,2824484,2824565,2824918,2824797,2824797,2824797,2824797,2824797,S
2804176,2804396,2804524,2804524,2804775,2804830,2804005,2802315,2802315,2800833,2799458,2798395,2797808,2797808,2797697,2798086,2798626,2799544,2799544,2800598,2801783,2803104,2804616,2804616,2806252,2807878,2809498,2809851,2809851,2809652,2809414,2809320,2809462,2809462,2809384,2809392,2809457,2809713,2809713,2809932,2810293,2811063,2811600,M
2729031,2729031,2729031,2729031,2729031,2729031,2729200,2729539,2730379,2730379,2731245,2732241,2733153,2734146,2734146,2734694,2734282,2733738,2733554,2733554,2734137,2736178,2739168,2742224,2742224,2744454,2747123,2749569,2751958,2751958,2753564,2754733,2755821,2756856,2756856,2757949,2758881,2758678,2758678,2758678,2758678,2758678,2758678,S
2762803,2761926,2760996,2760125,2760125,2759682,2759324,2759314,2759989,2759989,2763298,2769142,2777801,2789059,2789059,2800550,2810851,2820022,2828338,2828338,2835839,2842660,2847818,2852413,2852413,2856573,2860003,2862393,2863596,2863596,2863930,2863332,2862224,2861930,2861930,2861300,2860290,2858917,2857596,2857596,2856258,2855029,2853908,H
2097115,2097045,2097228,2097228,2097109,2097178,2097164,2097162,2097162,2097089,2097185,2097166,2097096,2097096,2097159,2097170,2097132,2097201,2097201,2097157,2097140,2097148,2097106,2097106,2097128,2097133,2097126,2097081,2097081,2097187,2097220,2097183,2097148,2097148,2097081,2097152,2097172,2097026,2097026,2097110,2097162,2097160,2097163,H
2815722,2815722,2815685,2815567,2815630,2815902,2815902,2816184,2816296,2816741,2816101,2816101,2814891,2813184,2811160,2809205,2809205,2808002,2807380,2807306,2807821,2807821,2808805,2809846,2810558,2811552,2811552,2812874,2814444,2816082,2817382,2817382,2818152,2818253,2818229,2818103,2818103,2818139,2818225,2818361,2818361,2818356,2818590,M
2798894,2798894,2799181,2799582,2799582,2799934,2800100,2799512,2798071,2798071,2796576,2795389,2794157,2792820,2792820,2791519,2790178,2789702,2789504,2789504,2789512,2790043,2790962,2792148,2792148,2793066,2794077,2793869,2792695,2792695,2791053,2789729,2788365,2787333,2787333,2786211,2785160,2784290,2783492,2783492,2783007,2782627,2782306,S
