2886675,2886675,2886675,2886675,2886231,2886231,2885553,2885386,2884937,2884677,2884677,2884647,2884439,2884922,2886111,2886111,2889351,2891873,2893742,2895125,2895125,2895417,2895639,2895404,2895056,2895056,2894392,2894031,2893608,2893096,2893096,2892436,2891874,2891472,2891220,2891220,2891067,2890928,2891102,2891102,2891102,2891102,2891102,H
2889200,2889200,2889200,2889200,2889200,2889200,2889200,2889200,2889260,2889260,2889401,2889659,2889864,2890349,2890349,2890805,2891353,2891723,2891155,2891155,2889709,2888961,2888822,2888841,2888841,2888076,2887925,2887403,2887408,2887408,2887467,2888202,2888435,2889090,2889090,2889090,2889090,2889090,2889090,2889090,2889090,2889090,2889090,S
2901306,2901306,2901306,2901306,2901306,2901306,2901306,2901306,2901306,2901306,2901306,2901306,2901470,2901443,2901124,2900924,2900924,2901418,2902013,2902301,2902533,2902533,2902640,2902995,2902617,2901531,2901531,2900545,2900039,2898933,2898778,2898778,2898181,2898181,2898181,2898181,2898181,2898181,2898181,2898181,2898181,2898181,2898181,M
2904636,2904636,2904636,2904636,2904636,2904636,2904636,2904636,2904636,2904636,2904705,2904708,2904869,2905336,2905336,2905510,2905531,2905790,2906349,2906349,2905844,2904944,2904152,2903404,2903404,2902763,2902233,2902061,2901898,2901898,2902179,2902158,2902266,2902805,2902805,2902805,2902805,2902805,2902805,2902805,2902805,2902805,2902805,S
2874755,2874755,2874755,2874755,2874755,2874755,2874755,2874755,2874755,2874755,2874755,2874755,2875185,2875845,2876380,2877096,2877096,2877232,2876323,2876788,2877925,2877925,2878618,2878579,2878300,2877944,2877944,2877957,2877999,2877550,2877353,2877353,2877572,2877572,2877572,2877572,2877572,2877572,2877572,2877572,2877572,2877572,2877572,H
2880485,2880485,2880485,2880485,2880485,2880485,2880485,2880485,2880485,2880485,2880485,2880485,2880286,2879880,2879880,2879807,2879563,2879387,2878809,2878809,2879568,2880180,2881130,2881965,2881965,2882802,2882430,2881348,2880588,2880588,2879843,2879031,2879031,2879031,2879031,2879031,2879031,2879031,2879031,2879031,2879031,2879031,2879031,M
2855148,2855148,2855148,2855148,2855148,2855148,2855148,2855148,2855148,2855148,2855148,2855072,2855190,2855643,2855254,2855254,2853810,2851809,2847123,2845767,2845767,2845762,2846275,2847772,2848761,2848761,2850442,2852109,2853526,2854741,2854741,2855650,2856468,2856468,2856468,2856468,2856468,2856468,2856468,2856468,2856468,2856468,2856468,M
2835730,2835730,2835730,2835730,2835730,2835730,2835730,2835730,2835730,2835730,2835730,2835877,2835757,2835782,2835782,2835671,2836299,2837034,2838049,2838049,2839753,2841094,2841822,2841836,2841836,2841956,2842209,2843157,2844489,2844489,2845853,2846934,2848156,2848156,2848156,2848156,2848156,2848156,2848156,2848156,2848156,2848156,2848156,S
2846144,2846144,2846144,2846144,2846144,2846144,2846144,2846144,2846144,2846144,2846144,2846311,2845817,2845114,2844693,2844693,2844101,2843822,2843870,2843462,2843462,2844600,2848907,2855277,2859173,2859173,2862798,2865898,2866824,2866496,2866496,2866028,2865424,2864413,2864413,2864413,2864413,2864413,2864413,2864413,2864413,2864413,2864413,H
2678946,2678843,2678933,2678933,2678936,2678790,2678956,2678915,2678915,2678970,2679856,2680949,2681983,2681983,2683081,2684249,2685479,2685599,2685599,2685385,2685104,2684438,2684517,2684517,2684099,2683483,2682489,2681012,2681012,2674200,2667761,2664684,2665551,2665551,2667237,2669074,2670625,2672117,2672117,2673667,2675137,2676911,2679067,H
2768190,2767977,2767977,2768177,2768502,2768760,2768647,2768647,2768289,2767488,2766900,2766585,2766585,2766476,2766455,2766419,2766246,2766246,2766409,2766491,2766662,2766122,2766122,2765652,2765299,2765785,2765994,2765994,2766221,2766104,2766189,2765963,2765963,2766017,2766130,2766067,2766067,2765971,2765810,2765904,2765984,2765984,2766288,S
2705395,2705069,2704825,2705025,2705555,2705555,2706040,2706219,2706198,2705412,2705412,2704483,2703784,2703143,2702740,2702740,2702539,2702270,2702090,2702107,2702107,2702440,2702874,2703497,2704135,2704135,2704949,2705797,2706565,2706467,2706467,2706140,2705465,2705042,2704366,2704366,2704534,2704060,2703772,2703683,2703683,2703202,2702953,M
2718765,2718836,2718885,2719284,2719646,2719646,2720013,2720469,2720775,2721378,2721378,2721316,2721043,2720720,2720422,2720422,2720322,2720331,2720040,2719822,2719822,2720198,2720978,2721625,2722313,2722313,2722995,2723900,2724369,2724959,2724959,2725083,2724738,2723851,2723026,2723026,2722254,2722018,2721728,2721640,2721640,2721503,2721637,S
2713436,2713119,2712971,2712940,2712884,2712884,2712913,2713030,2713370,2713815,2713815,2713956,2714117,2713964,2713590,2713590,2714224,2714939,2715373,2715668,2715668,2716499,2716931,2717052,2717183,2717183,2717390,2717999,2718650,2719379,2719379,2720174,2721083,2718719,2713922,2713922,2710349,2709121,2709817,2711572,2711572,2714236,2717275,H
2705820,2705820,2706297,2706709,2706486,2706347,2706347,2706178,2704762,2702954,2701136,2701136,2699306,2697196,2695339,2693423,2693423,2692042,2691226,2690416,2689902,2689902,2689450,2689197,2689327,2689636,2689636,2689968,2690017,2689584,2689226,2689226,2689031,2689200,2689560,2689928,2689928,2690472,2690967,2691849,2692834,2692834,2694099,M
2772562,2772562,2772562,2771701,2771339,2770807,2770161,2770161,2769211,2768348,2767342,2766530,2766530,2765438,2764683,2764703,2764785,2764785,2764841,2765142,2764893,2764657,2764657,2764353,2764153,2763576,2762291,2762291,2759743,2758346,2757516,2757400,2757400,2756942,2756771,2756368,2755765,2755765,2755896,2756613,2757873,2758430,2758430,M
2697725,2697725,2697055,2697055,2696362,2695717,2695303,2694919,2694919,2694394,2692973,2691481,2689867,2689867,2688184,2687244,2686555,2685833,2685833,2684977,2683922,2683027,2682132,2682132,2681693,2681259,2681089,2680980,2680980,2681190,2681235,2679769,2678187,2678187,2676628,2676257,2676491,2676761,2676761,2677332,2678133,2678133,2678133,S
2712078,2712027,2712389,2712389,2712631,2712741,2712792,2712556,2712556,2712296,2711604,2710562,2708894,2706701,2706701,2705296,2704375,2703815,2703417,2703417,2703278,2703224,2702368,2701482,2701482,2700856,2700185,2699840,2699727,2699727,2699676,2700356,2697381,2697381,2695462,2695117,2697347,2700677,2704002,2704002,2707414,2710535,2713695,H
2757538,2757538,2757538,2757538,2757538,2757538,2757538,2756751,2756645,2756334,2755586,2755586,2754037,2752967,2752739,2749392,2749392,2747334,2747189,2745331,2744446,2744446,2743085,2743326,2742909,2742366,2742366,2741703,2739785,2737888,2736901,2736901,2736395,2735767,2735494,2735494,2734956,2734697,2734697,2734697,2734697,2734697,2734697,H
2800537,2800537,2800537,2800537,2800537,2800537,2800537,2800537,2800537,2800537,2800537,2800815,2800815,2801274,2801735,2802060,2801306,2800485,2800485,2798673,2797086,2795850,2795850,2794449,2793349,2792418,2790909,2790909,2789844,2789033,2788388,2787923,2787923,2787923,2787923,2787923,2787923,2787923,2787923,2787923,2787923,2787923,2787923,S
2674096,2674096,2674096,2674096,2674096,2674096,2674096,2672177,2670781,2669601,2668926,2668926,2668333,2667525,2666944,2666416,2666416,2665905,2665741,2665571,2665273,2665273,2662607,2659977,2657089,2654487,2654487,2653641,2651983,2649810,2648264,2648264,2647217,2646963,2647792,2649704,2649704,2651656,2651656,2651656,2651656,2651656,2651656,M
2711282,2711282,2711282,2711282,2711282,2711282,2711282,2711282,2710192,2710192,2709589,2709282,2708843,2708362,2708362,2707932,2706797,2704823,2703097,2703097,2701109,2699900,2699431,2698628,2698628,2697736,2697018,2696317,2695677,2695677,2695845,2695816,2695675,2695904,2695904,2695904,2695904,2695904,2695904,2695904,2695904,2695904,2695904,S
2692557,2692557,2692557,2692716,2693277,2693507,2693907,2693907,2693561,2692668,2691263,2689961,2689961,2688850,2686327,2685316,2681152,2681152,2677813,2677232,2675960,2678560,2678560,2680599,2684784,2687567,2689836,2689836,2694025,2697511,2699551,2699886,2699886,2700189,2699495,2698928,2698964,2698964,2698563,2698417,2698417,2698417,2698417,H
2695620,2695620,2695620,2695620,2695620,2695620,2695620,2695620,2695108,2695108,2694821,2694345,2693809,2693769,2693769,2693678,2693710,2693335,2691265,2691265,2690210,2688756,2686724,2686381,2686381,2686234,2685764,2684477,2683334,2683334,2682031,2681466,2680657,2679770,2679770,2679770,2679770,2679770,2679770,2679770,2679770,2679770,2679770,M
2763267,2763267,2763267,2763267,2763267,2763267,2763267,2762063,2760994,2760994,2759804,2758759,2757625,2756490,2756490,2755691,2754908,2754746,2752760,2752760,2749010,2746713,2745590,2745378,2745378,2745401,2744420,2744339,2744131,2744131,2744711,2745687,2746587,2747529,2747529,2748165,2748165,2748165,2748165,2748165,2748165,2748165,2748165,M
3732750,3732750,3732750,3732750,3732750,3732750,3732750,3732750,3732750,3732686,3732788,3732797,3732792,3732691,3732798,3732684,3732347,3731526,3730742,3729982,3729236,3728659,3728095,3726943,3726189,3725743,3725215,3725216,3724775,3724941,3725189,3725246,3725552,3725663,3725663,3725663,3725663,3725663,3725663,3725663,3725663,3725663,3725663,S
2764670,2764670,2764670,2764670,2764670,2764670,2764670,2763689,2762411,2760239,2760239,2757490,2754892,2752694,2750385,2750385,2748291,2745691,2743778,2744066,2744066,2741098,2740864,2740430,2740153,2740153,2740066,2738890,2738941,2736804,2736804,2734562,2732530,2731058,2729406,2729406,2728489,2728489,2728489,2728489,2728489,2728489,2728489,H
2874827,2867031,2856342,2849290,2849290,2847691,2848881,2849129,2842699,2842699,2833775,2833775,2839441,2850392,2850392,2869755,2869755,2881850,2890546,2890546,2897239,2902357,2902697,2908188,2908188,2906206,2906374,2906107,2906803,2906803,2908692,2910408,2910399,2898624,2898624,2900457,2920043,2928261,2950429,2950429,2977064,2991029,3009078,H
2990134,2992600,2992600,2994508,2993747,2987117,2976528,2976528,2966930,2959783,2952809,2944103,2944103,2934898,2925084,2916635,2909700,2909700,2905578,2901881,2899260,2897853,2897853,2901056,2905228,2908619,2909112,2909112,2908764,2910877,2912961,2915622,2915622,2918735,2920634,2924306,2926353,2926353,2927145,2926516,2923727,2921407,2921407,S
2825074,2825074,2826130,2827087,2824027,2824027,2816060,2807037,2803685,2795581,2795581,2784267,2775999,2771880,2769720,2769720,2764543,2758917,2752737,2748592,2748592,2744460,2743260,2747579,2759380,2759380,2772402,2788337,2800360,2812513,2812513,2819967,2822086,2819188,2816512,2816512,2814805,2814741,2814271,2812419,2812419,2808532,2808532,M
2642509,2642509,2642509,2633238,2627161,2625228,2624475,2624475,2624636,2623382,2622192,2622911,2622911,2625586,2631739,2639456,2649032,2649032,2658478,2667269,2673504,2677922,2677922,2681277,2684060,2689157,2689926,2689926,2683722,2677283,2674322,2673916,2673916,2673087,2670685,2669373,2668511,2668511,2668943,2669492,2670977,2672415,2672415,S
2667795,2667795,2668429,2661372,2646496,2634155,2634155,2623469,2614630,2606608,2598910,2598910,2591571,2586317,2580332,2578137,2578137,2575729,2576344,2578848,2588348,2588348,2599343,2595155,2587744,2581252,2581252,2575371,2576460,2568094,2553604,2553604,2534472,2527348,2523518,2540349,2540349,2561178,2582483,2603869,2620245,2620245,2632404,H
2668083,2669440,2670966,2670966,2672109,2672386,2674130,2676246,2676246,2676295,2671368,2667381,2666712,2666712,2667175,2669090,2671243,2672274,2672274,2672729,2674959,2678049,2678871,2678871,2685497,2695076,2704115,2713129,2713129,2722751,2730588,2736661,2743712,2743712,2744849,2734063,2725868,2717965,2717965,2715199,2713514,2712873,2712919,M
2733209,2734193,2734193,2739637,2751225,2764327,2780170,2780170,2794011,2802644,2809370,2815412,2815412,2821635,2826812,2832471,2838610,2838610,2845451,2851779,2857122,2864597,2864597,2874706,2878362,2880395,2884958,2884958,2894843,2903424,2910205,2916860,2916860,2923383,2928712,2929258,2917494,2917494,2905094,2894977,2887497,2881515,2881515,M
2819738,2826328,2826328,2831046,2835233,2836977,2835243,2835243,2824032,2812440,2804057,2798504,2798504,2796769,2796537,2801345,2805144,2805144,2811972,2819804,2829814,2842486,2842486,2849963,2857261,2863727,2871007,2871007,2877020,2882117,2885386,2885765,2885765,2877216,2866197,2857714,2851884,2851884,2847566,2842687,2838055,2832205,2832205,S
2816381,2827956,2839117,2854798,2870668,2870668,2875722,2865336,2842919,2829899,2829899,2820259,2814882,2813099,2813900,2813900,2813802,2814908,2821604,2845191,2845191,2877755,2900707,2912772,2916682,2916682,2921509,2921078,2914578,2901315,2901315,2887663,2874483,2861501,2854947,2854947,2853975,2849803,2840209,2834575,2834575,2830246,2826437,H
2097143,2097143,2097143,2097143,2097143,2097143,2097077,2097200,2097155,2097155,2097055,2097144,2097093,2097106,2097106,2097172,2097155,2097056,2097099,2097099,2097077,2097144,2097085,2097165,2097140,2097140,2097170,2097132,2097143,2097143,2097227,2097157,2097234,2097150,2097150,2097195,2097180,2097041,2097041,2097041,2097041,2097041,2097041,H
2038166,2038166,2038166,2038166,2038166,2038166,2038166,2038166,2038166,2038166,2038186,2037984,2037984,2037601,2037496,2037279,2037100,2037100,2036771,2036687,2039229,2039537,2039537,2038895,2037826,2036928,2037142,2037142,2037022,2036896,2037200,2037805,2037805,2038622,2038622,2038622,2038622,2038622,2038622,2038622,2038622,2038622,2038622,S
2012421,2012421,2012421,2012421,2013009,2013427,2013896,2013896,2014074,2013602,2013150,2012072,2012072,2011244,2010884,2009173,2010756,2010756,2011626,2015254,2013785,2013526,2013526,2013364,2010311,2011941,2011941,2013591,2015514,2016680,2019084,2019084,2021228,2023110,2024347,2025566,2025566,2026309,2025858,2025858,2025858,2025858,2025858,M
2036090,2036090,2036090,2036090,2036090,2036090,2036090,2036090,2035939,2035653,2035653,2035090,2034953,2034504,2034298,2034298,2034104,2033654,2034285,2036126,2036126,2037150,2038255,2036277,2036916,2036916,2038591,2039507,2040060,2041400,2041400,2042661,2043438,2043618,2042807,2042807,2042807,2042807,2042807,2042807,2042807,2042807,2042807,S
2030188,2030188,2030188,2030188,2030188,2030188,2030188,2029392,2029392,2029086,2029055,2028816,2029072,2029072,2029189,2030632,2032036,2032465,2032465,2032430,2028778,2032181,2030338,2030338,2031301,2034543,2039799,2043840,2043840,2047349,2048903,2049076,2048653,2048653,2048227,2048191,2048063,2048063,2048063,2048063,2048063,2048063,2048063,H
2035914,2035914,2035914,2035914,2035914,2035914,2035914,2035914,2035555,2035334,2034891,2034891,2034876,2034935,2035152,2034803,2034803,2035664,2036888,2038346,2035789,2035789,2037958,2037256,2039968,2042016,2042016,2042315,2040648,2038802,2038994,2038994,2038827,2038593,2038216,2038216,2038216,2038216,2038216,2038216,2038216,2038216,2038216,M
2041865,2041865,2041865,2041865,2041865,2041865,2041865,2041865,2041865,2042084,2042084,2042235,2042319,2042160,2041939,2041939,2042019,2044081,2041952,2040747,2040747,2039053,2038339,2039031,2042740,2042740,2045925,2049999,2052201,2053487,2053487,2054448,2054592,2053940,2053940,2053940,2053940,2053940,2053940,2053940,2053940,2053940,2053940,M
2026929,2026929,2026929,2026929,2026929,2026929,2026929,2026929,2026929,2026929,2026929,2026892,2027088,2027574,2027878,2027878,2027937,2027902,2027143,2027143,2028063,2028799,2028568,2026574,2026574,2027185,2027501,2026869,2026725,2026725,2027047,2026944,2026944,2026944,2026944,2026944,2026944,2026944,2026944,2026944,2026944,2026944,2026944,S
2058520,2058520,2058520,2058520,2058520,2058520,2058520,2058520,2058520,2058520,2058520,2058520,2058721,2058758,2057484,2059577,2057642,2057518,2057435,2055160,2052477,2049678,2047352,2050719,2053717,2055947,2057582,2058621,2059426,2059814,2060168,2060330,2060330,2060330,2060330,2060330,2060330,2060330,2060330,2060330,2060330,2060330,2060330,H
3156108,3156108,3156108,3156108,3156108,3156108,3156603,3157049,3157846,3158771,3158771,3160264,3161488,3163045,3164436,3164436,3165505,3166197,3167773,3169320,3169320,3170779,3170590,3168835,3167696,3167696,3166462,3167537,3168220,3168464,3168464,3168754,3168916,3169441,3170237,3170237,3172283,3172283,3172283,3172283,3172283,3172283,3172283,H
3080237,3080237,3080237,3080237,3080237,3080237,3080237,3079352,3079426,3079426,3080367,3081556,3082611,3084092,3084092,3086116,3088436,3093590,3093590,3093590,3095584,3097064,3099321,3101402,3101402,3100326,3097328,3096196,3096196,3096163,3096893,3098352,3099664,3099664,3101050,3104482,3104482,3104482,3104482,3104482,3104482,3104482,3104482,S
3112224,3112224,3112224,3112224,3112224,3112224,3109877,3107981,3106789,3106789,3105728,3104198,3103041,3102045,3102045,3101392,3100874,3100460,3100217,3100217,3100061,3100205,3101425,3100807,3100807,3098641,3097740,3097681,3096351,3096351,3094748,3092508,3090118,3087850,3087850,3085566,3083763,3082080,3082080,3082080,3082080,3082080,3082080,M
3028743,3028743,3028743,3028743,3028743,3028743,3029627,3029627,3030621,3031359,3032168,3032825,3032825,3033757,3030623,3023828,3017118,3017118,3010804,3005786,3002847,3001660,3001660,3000863,3000041,2999750,3000010,3000010,2999849,2999632,2999943,2999850,2999850,2999766,2999908,3000302,2998224,2991700,2991700,2991700,2991700,2991700,2991700,S
3020508,3020508,3020508,3020508,3020508,3020508,3013574,3013574,3008928,3005646,3003737,3001827,3001827,2999776,2998231,2997417,2997817,2997817,2995235,2998649,3001379,3007293,3007293,3009991,3012640,3006545,3000060,3000060,2995939,2993488,2992666,2991279,2991279,2989316,2987356,2986936,2986432,2986432,2986432,2986432,2986432,2986432,2986432,H
3019608,3019608,3019608,3019608,3019608,3019608,3019608,3021036,3022228,3022228,3019679,3015679,3013494,3012596,3012596,3012525,3013292,3013746,3015848,3015848,3018506,3020075,3022291,3025242,3025242,3029046,3033445,3038313,3044576,3044576,3044676,3042722,3040924,3039471,3039471,3038610,3038610,3038610,3038610,3038610,3038610,3038610,3038610,M
2995022,2995022,2995022,2995022,2995022,2996363,2990279,2981943,2981943,2976745,2974393,2973532,2973883,2973883,2974549,2974880,2975785,2976826,2976826,2975230,2971033,2971413,2975668,2975668,2981307,2986873,2994103,2994514,2994514,2989277,2986311,2985222,2984709,2984709,2984834,2984787,2984450,2984425,2984425,2984425,2984425,2984425,2984425,M
2993699,2993699,2993699,2993699,2993699,2993780,2995095,2996628,2998953,2998953,3001547,3003763,3006286,3008352,3008352,3008694,3001235,2992896,2987390,2987390,2984122,2982413,2982404,2983582,2983582,2984152,2985242,2987309,2989749,2989749,2993303,2996367,2998993,3001719,3001719,3003815,3006157,3004493,2995178,2995178,2995178,2995178,2995178,S
2941896,2941896,2941896,2941896,2941896,2941896,2941896,2941896,2942963,2944352,2946266,2949158,2949158,2951771,2954174,2957387,2961343,2961343,2955442,2946416,2944458,2946876,2946876,2953042,2958739,2963738,2968188,2968188,2972744,2975536,2978441,2981250,2981250,2982714,2984158,2984864,2981365,2981365,2981365,2981365,2981365,2981365,2981365,H
2856966,2856966,2859277,2859277,2859764,2857074,2854067,2851737,2851737,2850066,2849561,2849379,2849379,2849028,2849756,2850572,2851886,2853241,2853241,2853011,2850078,2846892,2844400,2844400,2845008,2844654,2842922,2842922,2840866,2842274,2844957,2849584,2849584,2853571,2856436,2857737,2858624,2859412,2859412,2860514,2861641,2863261,2863261,H
2814464,2814464,2814464,2814164,2814194,2814194,2813741,2811864,2807910,2804801,2804801,2801505,2797939,2795268,2793726,2793726,2792971,2793766,2795615,2796462,2796462,2799227,2804064,2808408,2811732,2811732,2815676,2818005,2818791,2819913,2819913,2822428,2825037,2827473,2827393,2827393,2826073,2824335,2823199,2821226,2821226,2821226,2821226,S
2814929,2814929,2814929,2814929,2814929,2814119,2813369,2813138,2813136,2813312,2813742,2814313,2814802,2815514,2815822,2816766,2817714,2821218,2822802,2821343,2818390,2816046,2813777,2812270,2811860,2811288,2812766,2811951,2808641,2806570,2805624,2804617,2804617,2803688,2802738,2802569,2801890,2801158,2801158,2801158,2801158,2801158,2801158,M
2783412,2783412,2783412,2783412,2783412,2783412,2783412,2782982,2783009,2783037,2783416,2783416,2783683,2783314,2781097,2776723,2776723,2771808,2772691,2777203,2777203,2780452,2782976,2784839,2787729,2787729,2790047,2790350,2791034,2791181,2791181,2790908,2789794,2788584,2787432,2787432,2787432,2787432,2787432,2787432,2787432,2787432,2787432,S
2739649,2739649,2739649,2739649,2739848,2740607,2741030,2741190,2741190,2740877,2738264,2734965,2732274,2732274,2730933,2729382,2728473,2724195,2724195,2716582,2713700,2713130,2717555,2717555,2722168,2729455,2738215,2743266,2743266,2747510,2750186,2749318,2744583,2744583,2740241,2736589,2732696,2729006,2729006,2729006,2729006,2729006,2729006,H
2684410,2684410,2684410,2684410,2684410,2684410,2685150,2686791,2688868,2690417,2690417,2691052,2689549,2687435,2686717,2686717,2685469,2684418,2684060,2681575,2681575,2673878,2670645,2668003,2667131,2667131,2667443,2673838,2684860,2693194,2693194,2700901,2705351,2705256,2704314,2704314,2703671,2702860,2702860,2702860,2702860,2702860,2702860,M
2741910,2741910,2741067,2740782,2741231,2741826,2741826,2742353,2743299,2743956,2744753,2744753,2744848,2742014,2738301,2735121,2735121,2731967,2729072,2724455,2717483,2717483,2721237,2724205,2727005,2730469,2730469,2732803,2735753,2737671,2741586,2741586,2746929,2753098,2755712,2756473,2756473,2753874,2749458,2745235,2740860,2740860,2736434,M
2800296,2800296,2800296,2800296,2800296,2800296,2800296,2800296,2801844,2803182,2804979,2804979,2806419,2808437,2810096,2809251,2809251,2804396,2798644,2795019,2790504,2790504,2789607,2792193,2795520,2797945,2797945,2800905,2801503,2802442,2803703,2803703,2804886,2806485,2807890,2807890,2807890,2807890,2807890,2807890,2807890,2807890,2807890,S
2697989,2697380,2697380,2696894,2696736,2696925,2697911,2697911,2698072,2695184,2690286,2686440,2686440,2683039,2679028,2675221,2676019,2676019,2673113,2673009,2670556,2669510,2669510,2673174,2676312,2678558,2680569,2680569,2678298,2680685,2691597,2696487,2696487,2696251,2692644,2689953,2688217,2688217,2686166,2685273,2685517,2686366,2686366,H
2093734,2093734,2093734,2093734,2093734,2093734,2093734,2093734,2094118,2094438,2093792,2091027,2091027,2083939,2076624,2077023,2078281,2078281,2082879,2086548,2088436,2087151,2087151,2076124,2044268,2026927,2036086,2036086,2051929,2060778,2065068,2068181,2068181,2070214,2072234,2076417,2076417,2076417,2076417,2076417,2076417,2076417,2076417,H
2038709,2038709,2038709,2038709,2038709,2038709,2038427,2038567,2038667,2038667,2038170,2037382,2036889,2037336,2037336,2039667,2042111,2043244,2044524,2044524,2045660,2044286,2042671,2029737,2029737,2012850,2009533,2015792,2026344,2026344,2037309,2043095,2046609,2048312,2048312,2050118,2049152,2048839,2048839,2048839,2048839,2048839,2048839,S
2062945,2062945,2062945,2062945,2062945,2062945,2062945,2062945,2062476,2061848,2061259,2060989,2060836,2060130,2059981,2060429,2058309,2059968,2059834,2057874,2053533,2043410,2038763,2044964,2053823,2061407,2065303,2066395,2067213,2067433,2067996,2067237,2066559,2067535,2067712,2067502,2067502,2067502,2067502,2067502,2067502,2067502,2067502,M
2044256,2044256,2044256,2044256,2044256,2044256,2044458,2044206,2044206,2043868,2043372,2042664,2042038,2041677,2041677,2041383,2041894,2043319,2045165,2045165,2045507,2045557,2041604,2041604,2034645,2028023,2028374,2032607,2032607,2035497,2036606,2036914,2036741,2036339,2036339,2036137,2036414,2036793,2036793,2036793,2036793,2036793,2036793,S
2031955,2031955,2031955,2031955,2031955,2031955,2031955,2031041,2030726,2030457,2029950,2029746,2029746,2027723,2024385,2023336,2023336,2026502,2027179,2022403,2017144,2017144,2011485,1999197,1986279,1990314,1999933,1999933,2011045,2018447,2020765,2022222,2022222,2024534,2028680,2031389,2034279,2034279,2034279,2034279,2034279,2034279,2034279,H
2076269,2076269,2076269,2076269,2076269,2076269,2076269,2076269,2075621,2075490,2075269,2074440,2074440,2073138,2072278,2071886,2071003,2071003,2068714,2067815,2068501,2068072,2068072,2066956,2057311,2045673,2040055,2040055,2048396,2058425,2063880,2064762,2064762,2064107,2065085,2065926,2067278,2067278,2067278,2067278,2067278,2067278,2067278,M
2040627,2040627,2040627,2040627,2040627,2040627,2040398,2040096,2040272,2040690,2040690,2039974,2040095,2040840,2040511,2040511,2043043,2047209,2050254,2045611,2045611,2042593,2038766,2030212,2020674,2020674,2022304,2033560,2044335,2050979,2050979,2052762,2053514,2055015,2055015,2055015,2055445,2054973,2054973,2054973,2054973,2054973,2054973,M
2062310,2062310,2062310,2062310,2062310,2062310,2062137,2061525,2061525,2061656,2060827,2061141,2061000,2061000,2061394,2062069,2062163,2062117,2062117,2061892,2062952,2062097,2060267,2060267,2056648,2049400,2044216,2047060,2047060,2053252,2059636,2063863,2063863,2064802,2064758,2064970,2065719,2065537,2065537,2065537,2065537,2065537,2065537,S
2087101,2087101,2087101,2087101,2087101,2087628,2087368,2087670,2087595,2087595,2087188,2085070,2081697,2076234,2076234,2069295,2065194,2065170,2073412,2073412,2075801,2068090,2055301,2051116,2051116,2037734,2027674,2038823,2057610,2057610,2073092,2080693,2086470,2089695,2089695,2090525,2090122,2089637,2089637,2089637,2089637,2089637,2089637,H
2026607,2026607,2026607,2026607,2026607,2026607,2025433,2025433,2024923,2024587,2024342,2024096,2024096,2023907,2022995,2022345,2021070,2021070,2020295,2018668,2015990,2019027,2019027,2012568,2015304,2014861,2008337,2008337,2013330,2015060,2016272,2017492,2017492,2018393,2018788,2019825,2020985,2020985,2020985,2020985,2020985,2020985,2020985,H
2055912,2055912,2055462,2055178,2055025,2055025,2054826,2054493,2054041,2053898,2053898,2053397,2052035,2050815,2049749,2049749,2048244,2047333,2045751,2045191,2045191,2043680,2043731,2044247,2044843,2044843,2046230,2046444,2046739,2046750,2046750,2046584,2046493,2046058,2044963,2044963,2043563,2042765,2041986,2041619,2041619,2041287,2041287,S
2005055,2005175,2005175,2005305,2005316,2005848,2006138,2006138,2006436,2006744,2007189,2007810,2007810,2007623,2006792,2006019,2005862,2005862,2005443,2005377,2005314,2005239,2005239,2005612,2005577,2005582,2004743,2004743,2004975,2002678,2001904,1999080,1999080,2001515,2002077,2003394,2004786,2004786,2005337,2007027,2007719,2008284,2008284,M
2178547,2178547,2178547,2178547,2178547,2178420,2178296,2178296,2178496,2178496,2178423,2178060,2178060,2178130,2178130,2177979,2177778,2175588,2175987,2175987,2175426,2176269,2176965,2177781,2177781,2179533,2179366,2178974,2178649,2178649,2178555,2178370,2178513,2178630,2178630,2178513,2178116,2177794,2177168,2177168,2177168,2177168,2177168,S
2183888,2183767,2183767,2183338,2182645,2182360,2182072,2182072,2181632,2180929,2179944,2179166,2179166,2178477,2177325,2178089,2176589,2176589,2176118,2171940,2171909,2169304,2169304,2166448,2166536,2163484,2166707,2166707,2167138,2165072,2165473,2165794,2165794,2169514,2172674,2174069,2175959,2175959,2178130,2179515,2180493,2181145,2181145,H
2166188,2166213,2166362,2166362,2166431,2166481,2166570,2167190,2167190,2166912,2166732,2165873,2165608,2165608,2165615,2164244,2164206,2161248,2161248,2158475,2156272,2155736,2158243,2158243,2161356,2163102,2167234,2171458,2171458,2173886,2174748,2173545,2173563,2173563,2172712,2172417,2172088,2171716,2171716,2172019,2171988,2171851,2171699,M
2133389,2133389,2133389,2133389,2132883,2132701,2132630,2132787,2132787,2132771,2132764,2132919,2132902,2132902,2132928,2132637,2132171,2130687,2128112,2124958,2122802,2123484,2125774,2130028,2135216,2139823,2146858,2148249,2150382,2149961,2149502,2149550,2149192,2148843,2148525,2148240,2148066,2147888,2147716,2148146,2147844,2147844,2147844,M
2154962,2154962,2154962,2155165,2155325,2155155,2154119,2154119,2153518,2153114,2152825,2152508,2152508,2152124,2151970,2151204,2150739,2150739,2151117,2151913,2152855,2154856,2154856,2156174,2156448,2155465,2154545,2154545,2153169,2152193,2151452,2150659,2150659,2150077,2149541,2149130,2149137,2149137,2149104,2149070,2149070,2149070,2149070,S
2161326,2161254,2161249,2161249,2161161,2161536,2161661,2161794,2161794,2161770,2159549,2158804,2156210,2156210,2153020,2149617,2149944,2150425,2150425,2152139,2153882,2157498,2160239,2160239,2162855,2168661,2172661,2175976,2175976,2175100,2171229,2169378,2169845,2169845,2168795,2168348,2168425,2168277,2168277,2168180,2167426,2166066,2164466,H
3013483,3013483,3013483,3012074,3012074,3010746,3009452,3008463,3007413,3007413,3006718,3005613,3004886,3004139,3004139,3003223,2999727,2994171,2990318,2990318,2985021,2981729,2978389,2977033,2977033,2974083,2975254,2980001,2986976,2986976,2991665,2995700,3000290,3004074,3004074,3005563,3005954,3006721,3007497,3007497,3007571,3007571,3007571,H
3073769,3073769,3073769,3073769,3073710,3073710,3073236,3073435,3073792,3074649,3074649,3075332,3075839,3076568,3077553,3077553,3078448,3079312,3080180,3075855,3075855,3067504,3063982,3063948,3063644,3063644,3065281,3070436,3073630,3075432,3075432,3076891,3078050,3079392,3080470,3080470,3081630,3082268,3082895,3082895,3082895,3082895,3082895,S
3042577,3042577,3042521,3042196,3041648,3041648,3040674,3040397,3040167,3039894,3039894,3039788,3039192,3038924,3038824,3038824,3038800,3039066,3039228,3038734,3038734,3035716,3034939,3033529,3033120,3033120,3032982,3033843,3035256,3035440,3035440,3034809,3033934,3033061,3032239,3032239,3031445,3030632,3029954,3029178,3029178,3028788,3028788,M
3069845,3069845,3069845,3069845,3069845,3069845,3069845,3070115,3070115,3070423,3070784,3071496,3072417,3072417,3073214,3073996,3073837,3073387,3073387,3073032,3071933,3066760,3062489,3062489,3061512,3061752,3062493,3064214,3064214,3064098,3064352,3065739,3067822,3067822,3070393,3072691,3074739,3074739,3074739,3074739,3074739,3074739,3074739,S
3073267,3073267,3073267,3073267,3073267,3073267,3072764,3071703,3070587,3070587,3069735,3069263,3068690,3067997,3067997,3067617,3067557,3067803,3067803,3067766,3067516,3061876,3060017,3060070,3060070,3059395,3059824,3059930,3063895,3063895,3067972,3075692,3082076,3082076,3088786,3094408,3098023,3100682,3100682,3100682,3100682,3100682,3100682,H
3102628,3102628,3102628,3102893,3102893,3103494,3104338,3104989,3105749,3105749,3106360,3106982,3107754,3108576,3108576,3109420,3110156,3109949,3108868,3108868,3107615,3103748,3099388,3099992,3099992,3100436,3100779,3101172,3102389,3102389,3104122,3109296,3114292,3117289,3117289,3119166,3121405,3122963,3124775,3124775,3124775,3124775,3124775,M
2906853,2906853,2906853,2906853,2906853,2906853,2906228,2906242,2906242,2906549,2907385,2908206,2909765,2909765,2911056,2912063,2912189,2910916,2910916,2909815,2907040,2904150,2901114,2901114,2899695,2900567,2902068,2903099,2903099,2903628,2904581,2905131,2904510,2904510,2903577,2903231,2903148,2903540,2903540,2903540,2903540,2903540,2903540,M
2988156,2988156,2988156,2988156,2988156,2988156,2988744,2987962,2986571,2985000,2984004,2982967,2981943,2981177,2980513,2979883,2979522,2979127,2979298,2979198,2979463,2978952,2975508,2970983,2971711,2973941,2975707,2976951,2977491,2977913,2978971,2980075,2981102,2981942,2982334,2982941,2983430,2983296,2983296,2983296,2983296,2983296,2983296,S
2893064,2894166,2895060,2895042,2895042,2894954,2894150,2893297,2892420,2892420,2891621,2891307,2890825,2890760,2890760,2890467,2890328,2887956,2885239,2893353,2893353,2894104,2896956,2897935,2897935,2897896,2897697,2895348,2889472,2889472,2887730,2885449,2888190,2890854,2890854,2894947,2896716,2899143,2901730,2901730,2904425,2906568,2906914,H
3079828,3079828,3079828,3079828,3079828,3080365,3080365,3080623,3081183,3081666,3081394,3080465,3080465,3079525,3079015,3078846,3078886,3078886,3079387,3080104,3077911,3077911,3069907,3069907,3068647,3067429,3067429,3067693,3072527,3076699,3080516,3080516,3084467,3088223,3091216,3093295,3093295,3093757,3093453,3093453,3093453,3093453,3093453,H
2677249,2677249,2677249,2677249,2677401,2677560,2677894,2678042,2678042,2678344,2678499,2678418,2678103,2678103,2678218,2678160,2677860,2677494,2677494,2677653,2677566,2676821,2676821,2676987,2677094,2677589,2678100,2678599,2678599,2678807,2679292,2679778,2680157,2680157,2680551,2680410,2680269,2680269,2680376,2680376,2680376,2680376,2680376,M
2782343,2781926,2781739,2781739,2781508,2781346,2781174,2781150,2781150,2781170,2780458,2778688,2776720,2776720,2775179,2774176,2773416,2772590,2772590,2772028,2771578,2771306,2771198,2771198,2771563,2771263,2770064,2768302,2768302,2765848,2764564,2764168,2763839,2763839,2764034,2764824,2765472,2766072,2766072,2766487,2766809,2767411,2767849,S
2705647,2704898,2704397,2704397,2704380,2704312,2704591,2704982,2704982,2705810,2705771,2706257,2707360,2707360,2708281,2709322,2710758,2711622,2711622,2712245,2712990,2710720,2704098,2704098,2698873,2695084,2691926,2690475,2690475,2689420,2687952,2687468,2687961,2687961,2690236,2692757,2693887,2695917,2695917,2698216,2700335,2701646,2701683,H
2697509,2697509,2697039,2696580,2696580,2696253,2695997,2695956,2695183,2695183,2693557,2692440,2693000,2694118,2694118,2695859,2696541,2697406,2697731,2697731,2696042,2691268,2686077,2682437,2682437,2683738,2688837,2693616,2696811,2696811,2699863,2701713,2703137,2703984,2703984,2704036,2703261,2702556,2702033,2702033,2701538,2701290,2701290,M
2798706,2797183,2797183,2796377,2795752,2795173,2794580,2794580,2794417,2794405,2794613,2795073,2795073,2795647,2795769,2796759,2797145,2797145,2796416,2794937,2793928,2793579,2793579,2793125,2791804,2789777,2788496,2788496,2787646,2786967,2788032,2790794,2790794,2792856,2794795,2796388,2798237,2798237,2798900,2798398,2796927,2795858,2795858,M
2786433,2786433,2786433,2786433,2786433,2785402,2784029,2782739,2781938,2781938,2781493,2781464,2781076,2781164,2781164,2781552,2781567,2781615,2780890,2780890,2779991,2779888,2780593,2781612,2781612,2783296,2783925,2784681,2785242,2785242,2785633,2786413,2786731,2786993,2786993,2787338,2787891,2788543,2789262,2789262,2789262,2789262,2789262,S
2769047,2769047,2769047,2769949,2770407,2770407,2769905,2768121,2766224,2764282,2764282,2762830,2761859,2761574,2761206,2761206,2761398,2757744,2755811,2750435,2750435,2745891,2744560,2743965,2745830,2745830,2750386,2754524,2758807,2761677,2761677,2762986,2764136,2765332,2766757,2766757,2768202,2769451,2770083,2770979,2770979,2770979,2770979,H
2097144,2097144,2097144,2097144,2097144,2097144,2097144,2097144,2097098,2097178,2097179,2097179,2097093,2097159,2097127,2097110,2097110,2097041,2097178,2097210,2097085,2097085,2097177,2097235,2097227,2097225,2097225,2097160,2097135,2097107,2097158,2097158,2097185,2097225,2097173,2097173,2097173,2097173,2097173,2097173,2097173,2097173,2097173,S
2793517,2793325,2793325,2793232,2793187,2793219,2793309,2793309,2793536,2793996,2794503,2794353,2794353,2795156,2795894,2797098,2798085,2798085,2799585,2800691,2802380,2804763,2804763,2806929,2809099,2810038,2810570,2810570,2810155,2809782,2810175,2811086,2811086,2812008,2812485,2813150,2813717,2813717,2814095,2814172,2814033,2813899,2813899,H
2787755,2787755,2787755,2786456,2784862,2783320,2782200,2782200,2781196,2780436,2779104,2776574,2776574,2776814,2776785,2777371,2778501,2778501,2779751,2781266,2782302,2783425,2783425,2784630,2785439,2786299,2786674,2786674,2786944,2786855,2787607,2789346,2789346,2790831,2791753,2792032,2792452,2792452,2792935,2793277,2793457,2792999,2792999,S
2819245,2819245,2819245,2819245,2819245,2819245,2819245,2818212,2817472,2816945,2816525,2816525,2816071,2815848,2815774,2815808,2815808,2815513,2815517,2815268,2815341,2815341,2815645,2815651,2815433,2814924,2814924,2813699,2813776,2814037,2814744,2814744,2815449,2815966,2816677,2817350,2817350,2817350,2817350,2817350,2817350,2817350,2817350,S
2778242,2777175,2776453,2775666,2775666,2774968,2774492,2774065,2774131,2774131,2774655,2776226,2778004,2780822,2780822,2783557,2787225,2791381,2795535,2795535,2800249,2803999,2807862,2810690,2810690,2812299,2812680,2812503,2812630,2812630,2813116,2813527,2814099,2814635,2814635,2815108,2815900,2816509,2816763,2816763,2816368,2815743,2815003,H
2797007,2795179,2793978,2793205,2793205,2792634,2792132,2791722,2791362,2791362,2789770,2787094,2784404,2782041,2782041,2779698,2777598,2775794,2775794,2773969,2772767,2771881,2770979,2770979,2770605,2770301,2770723,2770845,2770845,2771300,2771030,2770413,2769331,2769331,2767941,2766635,2765512,2764670,2764670,2763776,2763068,2762735,2762679,M
2776473,2775233,2774395,2774395,2773813,2773517,2773235,2772959,2772959,2772621,2770954,2768035,2764960,2764960,2762249,2759722,2758725,2757474,2757474,2756973,2756503,2756216,2756611,2756611,2757116,2757432,2758311,2759289,2759289,2759857,2759848,2758814,2757452,2757452,2756213,2755502,2754757,2754187,2754187,2753591,2753389,2753249,2753423,M
2096990,2096990,2096990,2097098,2097140,2097140,2097161,2097210,2097240,2097085,2097085,2097206,2097202,2097087,2097103,2097103,2097223,2097163,2097140,2097085,2097085,2097148,2097104,2097052,2097125,2097125,2097220,2097141,2097080,2097156,2097156,2097198,2097228,2097169,2097132,2097132,2097154,2097157,2097135,2097217,2097217,2097217,2097217,S
2097158,2097158,2097158,2097159,2097158,2097119,2097119,2097159,2097142,2097197,2097154,2097154,2097053,2097139,2097117,2097128,2097128,2097123,2097137,2097132,2097152,2097152,2097126,2097096,2097223,2097184,2097184,2097130,2097079,2097074,2097134,2097134,2097033,2097198,2097160,2097149,2097149,2097087,2097085,2097221,2097064,2097064,2097201,H
2696486,2696486,2696863,2697240,2697553,2697553,2698036,2698598,2698991,2698991,2699593,2700106,2700735,2701316,2702035,2702035,2702635,2703089,2703438,2703438,2703700,2704087,2704495,2704892,2704892,2705367,2705663,2706070,2706660,2706660,2706935,2707375,2708093,2708986,2708986,2709987,2710703,2711206,2711245,2711245,2711383,2711528,2711528,M
