2902436,2902436,2902436,2902436,2902436,2902436,2902436,2902436,2902436,2902436,2902695,2903447,2903447,2903962,2904614,2905239,2905239,2904962,2903579,2902316,2901581,2901581,2900746,2900010,2898720,2898331,2898331,2898104,2898935,2900254,2901588,2902946,2902946,2903871,2903871,2903871,2903871,2903871,2903871,2903871,2903871,2903871,2903871,M
2890979,2890979,2890979,2890979,2890979,2890979,2890979,2890979,2890979,2890979,2890706,2890223,2890061,2890009,2890115,2890130,2890155,2889461,2888391,2887044,2887564,2888420,2888523,2889572,2890761,2894635,2899196,2901384,2902552,2903898,2903827,2903920,2903703,2903703,2903703,2903703,2903703,2903703,2903703,2903703,2903703,2903703,2903703,H
2886109,2886109,2886109,2886109,2886109,2886109,2886109,2886109,2886109,2886109,2886109,2885907,2885819,2885849,2886250,2886250,2885549,2885775,2886168,2886168,2886223,2886546,2887593,2888756,2889430,2889430,2889810,2890579,2891024,2891893,2891893,2892562,2892897,2892897,2892897,2892897,2892897,2892897,2892897,2892897,2892897,2892897,2892897,S
2896892,2896892,2896892,2896892,2896892,2896892,2896892,2896892,2897209,2897577,2897577,2896430,2894312,2892233,2892541,2892541,2892121,2892975,2893680,2893685,2893685,2894950,2894990,2899694,2904740,2904740,2907464,2908189,2908387,2908265,2908265,2906560,2904736,2903470,2903470,2902528,2902528,2902528,2902528,2902528,2902528,2902528,2902528,H
2888246,2888246,2888246,2888246,2888246,2888246,2888246,2888246,2888246,2888246,2888246,2888246,2888246,2888246,2888328,2888726,2889083,2889032,2889032,2889671,2889708,2888350,2887626,2887626,2886842,2886486,2886228,2886362,2886362,2886635,2886804,2886804,2886804,2886804,2886804,2886804,2886804,2886804,2886804,2886804,2886804,2886804,2886804,S
2881992,2881992,2881992,2881992,2881992,2881992,2881992,2881992,2881992,2881992,2881992,2882289,2882642,2882642,2883093,2883577,2884106,2884642,2884642,2884187,2882220,2880507,2880262,2880262,2880511,2881276,2882037,2882581,2882581,2883229,2883952,2884668,2885251,2885251,2885251,2885251,2885251,2885251,2885251,2885251,2885251,2885251,2885251,M
2904677,2904677,2904677,2904677,2904677,2904677,2904677,2904677,2904677,2904677,2904677,2904677,2904309,2904061,2904083,2903964,2903964,2904085,2904647,2905630,2906517,2906517,2906712,2906133,2904600,2903246,2903246,2902184,2900906,2900614,2900766,2900766,2901175,2901175,2901175,2901175,2901175,2901175,2901175,2901175,2901175,2901175,2901175,M
2890718,2890718,2890718,2890718,2890718,2890718,2890718,2890718,2890027,2890027,2889251,2888501,2888227,2887649,2887649,2887397,2887302,2887401,2887812,2887812,2888071,2888238,2888026,2887086,2887086,2886684,2885166,2884078,2884545,2884545,2885176,2885262,2885297,2885036,2885036,2885036,2885036,2885036,2885036,2885036,2885036,2885036,2885036,S
2869316,2869316,2869316,2869316,2869316,2869316,2869316,2869827,2869827,2870360,2870835,2869937,2868764,2868764,2868088,2867135,2865463,2864033,2864033,2859951,2858410,2859961,2861438,2861438,2864145,2868230,2872032,2872032,2874853,2875686,2876168,2876456,2876456,2875620,2874317,2873026,2872075,2872075,2872075,2872075,2872075,2872075,2872075,H
2761598,2762580,2763641,2763641,2764198,2764423,2764101,2764247,2764247,2764322,2764674,2764900,2764983,2764983,2765066,2765243,2765429,2766183,2766183,2766559,2767265,2767615,2768265,2768265,2768859,2768437,2767839,2766745,2766745,2766107,2765634,2765212,2765078,2765078,2765282,2765584,2766033,2766582,2766582,2767109,2767655,2768281,2769016,M
2732976,2732976,2733976,2734925,2735918,2737154,2738198,2739241,2740140,2740529,2739597,2737843,2737501,2738125,2737767,2737550,2736814,2736114,2735397,2734661,2734398,2733934,2733374,2732818,2732662,2732037,2731857,2731104,2729931,2725469,2720524,2716664,2715029,2715505,2716718,2718581,2720054,2721427,2722829,2724169,2725403,2726648,2726648,H
2744224,2744224,2744689,2745046,2745177,2744581,2744581,2743630,2742538,2741873,2741218,2741218,2740995,2740797,2740171,2739669,2739669,2739571,2739404,2739357,2738890,2738890,2738761,2738476,2737995,2737858,2737858,2737017,2735864,2735021,2734048,2734048,2733477,2733027,2732681,2732066,2732066,2731899,2731888,2731788,2731762,2731762,2731916,S
2733204,2733204,2732951,2732601,2732652,2732857,2732857,2732976,2733266,2733382,2733382,2733615,2733433,2732714,2732192,2732192,2731333,2731205,2730712,2730165,2729573,2729573,2729074,2728105,2727747,2726958,2726958,2726076,2723252,2721204,2719961,2719961,2720017,2720411,2721279,2722558,2722558,2723601,2724432,2724737,2725125,2725125,2725125,H
2755475,2755421,2755421,2755140,2755220,2755146,2755365,2755365,2755316,2755499,2755758,2756085,2756085,2755756,2754605,2753313,2752148,2752148,2750797,2749616,2748715,2747894,2747894,2746360,2744673,2743747,2743276,2743276,2743279,2743481,2743912,2744448,2744448,2744992,2745315,2745031,2744453,2744453,2743831,2743237,2742883,2742404,2742404,S
2681856,2682805,2683869,2684433,2683996,2683996,2683164,2682273,2681395,2679949,2679949,2678502,2676999,2675511,2674505,2674505,2673939,2673528,2673365,2673052,2673052,2672725,2672340,2672062,2671518,2671518,2669594,2666820,2663579,2661333,2661333,2660060,2659329,2659305,2660055,2660055,2661137,2662501,2664180,2665713,2665713,2667362,2668758,M
2774912,2775043,2775043,2775130,2775476,2775908,2775683,2775683,2774901,2773262,2772949,2773026,2773026,2773174,2773774,2774481,2775499,2775499,2776807,2777596,2777631,2777781,2777781,2777140,2775845,2776085,2776742,2776742,2777706,2778709,2780215,2781558,2781558,2782753,2783915,2784896,2785831,2785831,2786775,2787760,2788726,2788803,2788803,M
2734311,2735000,2735948,2735948,2736810,2737450,2737475,2737380,2737380,2737219,2737289,2737176,2736829,2736829,2736140,2735413,2734857,2734209,2734209,2733458,2732496,2732157,2731810,2731810,2732210,2732925,2733428,2733614,2733614,2733805,2733895,2734154,2734302,2734302,2734637,2734904,2735125,2735634,2735634,2736062,2736828,2737457,2737989,S
2768975,2768743,2768327,2767821,2767183,2767183,2766470,2765417,2762693,2758991,2758991,2756222,2753603,2751915,2750712,2750712,2749583,2748838,2747705,2746758,2746758,2746298,2745664,2745189,2744949,2744949,2744460,2743316,2742178,2740474,2740474,2738613,2735551,2730631,2727047,2727047,2726277,2727262,2728618,2729883,2729883,2730986,2732183,H
2788154,2788154,2788154,2788154,2788154,2788154,2788154,2788154,2788154,2787002,2786245,2785718,2785216,2785021,2785033,2785014,2785468,2785379,2784621,2784521,2784533,2783261,2783029,2781539,2779685,2776704,2774359,2771484,2770260,2769275,2769248,2768952,2769202,2770201,2771804,2771804,2771804,2771804,2771804,2771804,2771804,2771804,2771804,M
2825033,2825033,2825033,2825033,2825033,2825033,2825033,2825033,2825033,2825583,2825583,2825942,2825275,2824057,2824057,2823159,2822463,2822928,2826436,2826436,2827696,2822491,2817909,2814843,2814843,2811898,2809900,2806246,2809687,2809687,2813399,2816113,2818481,2822198,2822198,2822198,2822198,2822198,2822198,2822198,2822198,2822198,2822198,H
2754213,2754213,2754213,2754213,2754213,2754213,2754213,2754213,2754213,2753811,2753811,2753813,2753992,2754448,2754288,2754288,2754917,2755155,2756409,2758169,2758169,2757806,2756605,2754473,2751705,2751705,2748429,2744514,2740958,2738267,2738267,2737473,2737623,2737827,2737827,2737827,2737827,2737827,2737827,2737827,2737827,2737827,2737827,S
2780502,2780502,2780502,2780502,2780502,2780502,2780502,2780502,2780502,2780502,2780509,2780506,2780506,2780712,2781128,2784214,2784599,2784599,2784023,2781261,2778369,2776294,2776294,2772835,2768727,2765256,2762980,2762980,2761717,2761627,2761927,2762840,2762840,2764882,2764882,2764882,2764882,2764882,2764882,2764882,2764882,2764882,2764882,H
2756189,2756189,2756189,2756189,2756189,2756189,2756486,2756486,2756611,2756610,2757156,2757087,2757087,2756933,2756033,2755185,2754518,2754518,2754081,2753067,2753430,2752939,2752939,2752320,2750432,2747605,2745054,2745054,2743494,2742689,2740782,2739905,2739905,2738986,2739086,2738542,2738793,2738793,2738793,2738793,2738793,2738793,2738793,S
2799291,2799291,2799291,2799291,2798580,2797440,2796768,2795751,2795751,2794962,2794360,2793438,2793180,2793180,2792460,2791397,2789487,2787945,2787945,2786450,2786339,2786120,2785663,2786343,2786343,2787918,2786407,2784788,2783442,2783442,2781661,2778807,2778587,2779004,2779004,2778261,2778448,2778740,2778740,2778883,2779209,2779209,2779209,M
2772353,2772353,2772353,2772353,2772353,2772353,2772353,2771859,2771198,2771198,2770614,2769957,2769510,2769098,2769098,2769007,2769183,2768949,2768583,2768583,2767573,2769531,2770690,2769188,2769188,2766782,2763541,2759815,2756662,2756662,2755399,2757646,2760249,2763536,2763536,2767148,2770149,2770149,2770149,2770149,2770149,2770149,2770149,M
3766649,3766649,3766649,3766649,3766649,3766649,3766649,3766649,3766649,3766649,3766649,3766635,3766418,3766435,3766281,3766431,3766150,3766186,3766357,3766431,3766110,3765914,3765735,3765254,3764579,3763834,3763353,3763180,3763081,3763147,3763332,3763662,3764173,3764173,3764173,3764173,3764173,3764173,3764173,3764173,3764173,3764173,3764173,S
2816246,2816246,2816246,2816246,2816246,2816246,2816246,2816246,2816994,2818255,2818255,2819094,2820447,2821760,2821760,2822540,2823848,2825372,2826895,2826895,2826465,2827370,2829240,2830821,2830821,2831068,2832408,2834547,2838226,2838226,2843054,2844764,2846519,2847627,2847627,2847627,2847627,2847627,2847627,2847627,2847627,2847627,2847627,H
2780903,2782470,2784916,2784916,2787010,2789987,2791124,2793149,2793149,2794429,2798240,2799829,2800534,2800534,2795306,2794879,2794613,2798970,2798970,2801230,2805419,2806702,2810316,2810316,2813531,2816741,2821156,2826055,2826055,2830766,2846545,2861233,2874940,2874940,2885600,2893059,2896656,2898710,2898710,2900606,2904330,2908347,2908222,M
2883673,2893999,2909857,2924549,2946560,2946560,2965813,2988453,3011896,3031689,3031689,3054004,3070462,3086338,3086338,3100494,3108653,3115313,3118865,3127532,3127532,3138564,3150790,3162167,3162167,3169121,3176278,3180953,3185346,3185346,3191556,3199339,3209194,3219454,3219454,3226235,3233628,3240834,3246581,3246581,3251029,3254392,3254088,H
2924530,2924702,2915045,2901299,2890609,2890609,2882303,2877501,2874261,2871220,2871220,2864566,2855728,2847057,2838077,2838077,2831049,2823190,2817041,2809486,2809486,2802926,2797092,2792685,2790851,2790851,2788596,2794728,2803815,2806995,2806995,2802568,2793505,2788227,2785809,2785809,2785234,2784635,2784947,2785018,2785018,2787911,2789523,S
2771114,2771114,2761163,2752142,2747481,2745812,2745812,2744938,2747615,2746711,2742196,2742196,2741376,2738537,2736403,2737786,2737786,2734657,2736203,2732212,2730779,2730779,2729393,2728642,2731353,2729894,2729894,2735757,2728368,2723749,2720374,2720374,2721236,2699110,2702519,2704155,2704155,2696664,2700763,2714201,2728698,2728698,2744157,H
2679564,2678612,2678612,2672588,2663565,2658966,2662491,2662491,2667083,2668193,2663263,2655721,2655721,2652255,2652582,2657066,2662663,2662663,2673434,2685327,2696661,2716607,2716607,2725220,2721857,2718875,2717846,2717846,2716562,2715750,2713668,2709951,2709951,2705829,2702362,2699946,2699006,2699006,2698256,2698346,2697068,2696032,2696032,S
2709994,2703098,2692681,2673108,2651326,2651326,2630339,2612960,2602449,2601034,2601034,2599087,2596996,2595064,2596377,2596377,2599811,2601332,2605407,2611927,2611927,2623835,2638701,2661519,2672088,2672088,2679787,2689054,2692363,2686992,2686992,2675636,2668411,2660554,2660449,2660449,2660514,2656606,2658531,2661631,2661631,2669760,2678191,M
2692917,2695612,2697062,2696656,2695300,2694273,2693897,2691944,2693335,2695252,2699053,2704983,2712436,2716882,2721982,2730047,2737918,2742052,2746586,2762560,2779443,2799740,2816379,2829771,2838329,2847108,2848247,2849802,2852190,2854784,2859371,2864306,2870567,2886000,2902758,2916213,2925291,2922437,2913753,2908377,2904689,2901315,2896081,M
2837457,2825840,2816696,2816696,2808443,2798810,2786270,2772794,2772794,2758130,2744019,2730626,2720616,2720616,2714379,2712169,2724796,2744877,2744877,2764061,2774399,2784902,2787443,2787443,2788769,2788873,2793343,2793343,2799355,2805028,2812771,2826447,2826447,2841892,2856455,2867450,2877800,2877800,2891059,2903817,2915516,2927594,2927594,S
2897381,2885078,2882863,2895387,2895387,2916383,2935227,2947570,2943219,2943219,2933877,2922839,2911054,2899848,2899848,2888770,2880414,2874627,2872961,2872961,2868674,2866369,2861248,2862106,2862106,2859720,2854562,2857446,2864417,2864417,2876882,2891769,2911374,2930419,2930419,2946325,2952662,2951515,2953371,2953371,2957912,2964978,2970654,H
2035935,2035935,2035935,2035935,2035935,2035935,2035923,2036056,2036452,2036452,2036208,2036045,2036050,2035720,2035720,2035032,2033275,2032582,2033199,2033199,2032379,2034186,2031407,2028017,2028017,2029633,2026967,2027848,2029347,2029347,2028992,2029759,2030287,2030853,2030853,2031884,2032008,2032916,2032916,2032916,2032916,2032916,2032916,M
2031126,2031126,2031126,2031126,2031126,2031301,2031565,2031565,2031615,2031069,2030839,2030623,2030623,2030552,2030135,2030419,2028685,2028685,2030638,2032102,2027362,2024413,2024413,2025011,2022617,2022124,2021006,2021006,2021403,2022329,2022483,2023347,2023347,2023841,2024275,2024420,2024853,2024853,2024853,2024853,2024853,2024853,2024853,H
2057065,2057065,2057065,2057065,2057065,2057065,2057011,2057011,2057375,2057393,2057432,2057174,2057174,2057320,2057461,2056971,2056608,2056608,2056494,2055863,2055065,2053190,2053190,2051610,2050746,2048171,2046786,2046786,2045025,2043741,2043051,2042508,2042508,2042492,2043022,2043345,2044169,2044169,2044169,2044169,2044169,2044169,2044169,S
2084983,2084983,2084983,2084983,2084267,2084267,2083574,2082909,2082343,2081697,2081697,2080591,2079502,2078112,2076912,2076912,2076421,2073844,2072110,2071194,2071194,2069162,2069158,2067472,2067730,2066757,2066757,2065420,2064677,2064875,2064875,2063468,2063178,2063842,2063500,2063500,2064627,2065396,2065746,2065746,2065746,2065746,2065746,H
2097071,2097071,2097071,2097071,2097071,2097071,2097071,2097176,2097198,2097219,2097205,2097205,2097067,2097110,2097104,2097015,2097015,2097111,2097050,2097087,2097027,2097027,2097119,2097145,2097155,2097104,2097104,2097136,2097116,2097087,2097173,2097173,2097180,2097147,2097146,2097072,2097072,2097116,2097116,2097116,2097116,2097116,2097116,S
2028797,2028797,2028797,2028797,2028797,2028797,2028898,2029469,2030461,2030461,2031124,2031808,2032222,2033579,2033579,2033520,2035499,2034423,2033480,2033480,2035900,2033342,2033143,2032382,2032382,2028833,2029278,2027656,2029971,2029971,2032299,2033574,2034460,2035345,2035345,2036427,2037985,2038602,2038602,2038602,2038602,2038602,2038602,M
2059003,2059003,2059003,2059003,2057951,2057304,2056618,2056400,2056400,2055630,2054450,2052455,2051011,2051011,2050906,2050411,2049170,2047905,2047905,2046425,2044235,2041853,2042475,2042475,2040848,2040397,2039396,2039023,2039023,2039798,2040329,2040916,2041299,2041299,2041599,2042694,2043675,2043675,2044108,2044537,2044537,2044537,2044537,M
2058440,2058440,2058440,2058440,2058440,2058440,2058440,2058584,2058584,2058475,2058495,2058328,2058416,2058416,2058443,2058133,2057375,2057261,2057261,2055817,2055223,2056353,2054155,2054155,2054025,2050671,2052745,2054385,2054385,2054310,2053844,2054355,2054546,2054546,2054472,2055080,2055864,2055864,2055864,2055864,2055864,2055864,2055864,S
2028825,2028825,2028825,2029333,2029622,2030095,2030095,2030445,2030801,2031409,2031227,2031227,2030561,2030158,2029357,2028801,2028801,2027943,2027431,2025795,2025510,2025510,2026036,2026053,2026066,2027464,2027464,2028525,2031970,2034691,2035898,2035898,2037015,2037422,2038466,2039775,2039775,2040127,2039968,2039380,2039380,2039380,2039380,H
3139977,3139977,3139977,3139977,3139977,3139977,3139977,3140545,3141725,3143044,3144855,3144855,3146669,3148515,3146820,3141765,3141765,3137305,3133509,3129516,3127202,3127202,3124586,3122483,3120466,3119892,3119892,3120091,3121156,3122539,3124474,3124474,3126513,3128884,3130861,3129081,3129081,3129081,3129081,3129081,3129081,3129081,3129081,M
3125772,3125772,3125772,3128144,3129937,3129937,3126776,3121212,3117191,3114705,3114705,3113658,3113215,3112877,3112635,3112635,3113052,3114136,3115893,3117648,3117648,3118795,3116819,3112717,3103701,3103701,3094415,3088127,3084824,3084100,3084100,3084503,3086070,3088022,3091752,3091752,3095814,3099865,3103364,3106704,3106704,3106704,3106704,H
3045631,3045631,3045631,3045631,3045631,3045631,3045631,3045631,3045631,3041819,3039753,3039096,3038062,3038062,3036839,3036568,3037289,3036964,3036964,3038085,3040017,3041396,3043892,3043892,3043314,3034946,3027248,3021848,3021848,3018479,3017031,3016424,3016424,3015788,3015290,3015290,3015290,3015290,3015290,3015290,3015290,3015290,3015290,S
2958392,2958392,2958392,2958392,2958392,2958392,2958392,2958392,2958304,2958304,2958829,2960083,2961776,2963720,2963720,2965480,2967256,2967467,2967104,2967104,2966057,2964259,2963598,2961403,2961403,2958454,2959359,2964244,2968934,2968934,2971750,2972617,2973387,2974350,2974350,2975167,2975167,2975167,2975167,2975167,2975167,2975167,2975167,H
3061488,3061488,3061488,3061488,3061488,3061488,3061488,3061948,3062430,3062861,3063311,3063311,3063850,3061093,3054126,3047919,3047919,3043220,3039623,3035991,3031493,3031493,3028045,3026359,3026534,3027866,3027866,3030596,3034157,3036501,3037648,3037648,3038425,3034455,3026671,3020532,3020532,3020532,3020532,3020532,3020532,3020532,3020532,S
3009367,3009367,3009367,3009367,3009367,3009367,3009367,3009367,3009184,3008693,3008693,3009042,3010031,3011510,3013367,3013367,3015096,3016377,3011062,3001497,3001497,2992095,2985983,2984732,2986856,2986856,2989571,2992101,2995059,2997820,2997820,3000986,3003912,3006429,3009511,3009511,3009511,3009511,3009511,3009511,3009511,3009511,3009511,M
2969605,2969605,2969605,2969605,2969888,2969990,2969990,2970755,2971771,2973127,2975071,2975071,2977087,2979340,2982664,2983355,2983355,2980546,2976078,2975454,2979161,2979161,2981780,2986219,2991602,2994015,2994015,2997294,3000310,3003433,3006041,3006041,3007587,3009100,3010120,3010120,3010120,3002307,2994186,2994186,2994186,2994186,2994186,M
3016470,3016470,3016470,3016470,3016470,3016470,3016470,3016340,3016340,3016514,3016682,3017832,3019657,3019657,3021729,3022393,3023378,3026086,3026086,3029077,3026961,3020739,3015447,3015447,3011710,3008808,3007278,3006165,3006165,3005444,3005227,3006320,3008043,3008043,3009896,3012179,3012179,3012179,3012179,3012179,3012179,3012179,3012179,S
3123211,3123211,3123211,3123211,3123211,3123211,3123894,3124765,3125872,3125872,3126749,3127689,3128737,3127916,3127916,3124235,3118965,3113233,3107260,3107260,3100502,3097268,3094726,3093742,3093742,3094265,3095681,3096881,3098574,3098574,3100028,3101810,3102118,3096755,3096755,3087720,3079664,3072937,3072937,3072937,3072937,3072937,3072937,H
2811622,2811622,2810001,2808596,2807215,2806906,2806906,2806424,2805627,2804862,2804225,2804225,2804010,2807197,2811334,2815896,2815896,2819485,2823244,2825459,2825459,2829114,2833112,2836008,2839344,2839344,2843963,2844649,2844916,2838781,2838781,2835195,2834336,2833261,2832071,2832071,2830935,2830600,2830662,2830170,2830170,2829845,2829845,M
2832669,2831345,2830333,2829296,2828222,2828222,2826750,2825246,2823165,2820614,2820614,2819094,2818805,2815938,2810569,2810569,2805573,2803322,2801115,2798948,2798948,2797268,2797165,2795589,2795091,2795091,2796386,2795727,2802492,2811793,2811793,2818959,2822478,2824751,2825974,2825974,2829002,2830745,2829548,2826346,2826346,2822701,2819892,H
2805509,2805509,2805509,2805509,2805509,2805509,2805509,2805509,2805509,2803041,2801379,2799418,2797716,2796870,2795917,2795314,2794284,2792203,2789620,2788708,2791106,2794389,2799572,2804428,2808151,2811281,2811975,2810824,2810023,2809340,2808357,2807582,2808579,2810344,2811659,2811659,2811659,2811659,2811659,2811659,2811659,2811659,2811659,S
2761091,2761091,2761091,2761091,2761091,2760597,2760355,2760083,2760481,2760481,2761085,2761694,2762260,2763020,2763020,2763937,2765211,2766258,2766245,2766245,2760573,2755702,2755912,2759662,2759662,2761821,2765542,2768755,2771510,2771510,2771260,2772331,2772824,2772824,2772755,2772462,2772114,2771520,2771744,2771744,2771744,2771744,2771744,H
2796273,2796273,2796273,2796273,2796273,2796273,2796273,2796273,2796273,2796273,2795159,2795159,2794574,2793965,2792758,2786811,2786811,2776480,2783107,2789480,2797521,2797521,2801768,2809370,2813782,2817922,2817922,2815481,2813280,2809951,2809691,2809691,2810261,2811759,2811759,2811759,2811759,2811759,2811759,2811759,2811759,2811759,2811759,S
2750865,2752072,2753793,2756694,2756694,2758588,2761746,2764904,2768302,2768302,2771130,2774207,2774027,2771728,2771728,2770385,2769587,2769025,2769220,2769220,2770149,2770619,2770248,2768702,2768303,2768303,2772875,2777693,2784008,2784008,2786126,2782606,2786516,2789521,2789521,2791938,2792610,2790456,2788947,2788947,2788235,2788375,2787957,M
2764692,2764692,2766278,2769100,2772960,2778534,2778534,2782277,2782474,2781021,2780425,2780425,2779987,2781405,2782741,2784228,2784228,2784928,2782689,2776479,2777016,2777016,2777843,2778779,2784643,2784643,2793214,2802608,2813398,2821776,2821776,2824503,2820834,2820681,2820062,2820062,2819514,2818832,2820343,2821268,2821268,2823522,2824577,M
2772018,2772018,2772018,2772018,2772018,2772018,2772018,2772018,2772018,2772018,2771700,2771021,2770180,2769551,2769551,2769226,2770232,2770300,2763589,2763589,2754489,2748974,2745875,2744646,2744646,2749124,2756394,2762583,2771054,2771054,2773523,2772407,2772270,2773659,2773659,2773659,2773659,2773659,2773659,2773659,2773659,2773659,2773659,S
2718279,2717924,2717924,2718026,2718798,2719742,2720687,2720687,2722083,2723481,2725197,2726997,2726997,2729090,2728549,2724141,2720385,2720385,2716978,2711212,2703582,2697288,2697288,2700065,2706048,2714276,2724558,2724558,2730333,2733827,2741027,2744777,2744777,2752093,2754738,2755521,2755018,2755018,2751186,2746791,2742804,2738603,2738603,H
2074209,2074209,2074209,2074209,2074209,2074209,2074209,2074351,2074162,2074162,2073574,2072778,2071690,2066363,2066363,2061493,2059979,2058349,2059314,2058291,2058291,2053307,2036377,2025277,2025277,2027379,2038350,2047382,2056467,2056467,2060954,2064015,2066689,2068466,2068466,2070241,2070241,2070241,2070241,2070241,2070241,2070241,2070241,M
2073976,2073976,2073976,2073976,2073976,2073976,2073976,2074028,2074514,2074087,2074087,2072228,2070155,2067527,2062479,2062479,2058346,2057846,2055585,2048950,2048950,2026789,2004275,2004358,2019106,2019106,2033755,2042257,2046739,2049305,2049305,2052170,2054637,2056892,2056892,2057817,2057817,2057817,2057817,2057817,2057817,2057817,2057817,H
2061191,2061191,2061191,2061191,2061191,2061191,2061191,2061191,2061191,2061191,2061722,2062047,2061997,2061984,2062123,2062424,2062694,2062751,2059910,2056676,2056663,2055561,2052276,2049106,2049958,2053611,2058369,2060927,2062294,2064264,2065471,2066159,2066713,2067496,2067496,2067496,2067496,2067496,2067496,2067496,2067496,2067496,2067496,S
2071808,2071808,2071808,2071808,2071808,2071808,2071513,2071542,2071494,2071566,2071566,2071966,2071752,2069743,2070276,2070276,2071192,2076105,2073219,2068961,2068961,2061219,2048574,2038650,2028480,2028480,2024781,2023712,2036333,2045359,2045359,2057696,2057696,2060400,2061443,2061443,2061858,2062638,2062638,2062638,2062638,2062638,2062638,H
2042919,2042919,2042919,2042919,2042919,2042919,2042919,2042869,2042869,2043280,2043261,2043559,2043637,2043637,2043711,2043196,2042618,2042305,2042305,2042028,2041929,2040931,2038431,2038431,2035462,2034889,2034018,2030509,2030509,2027564,2026960,2028348,2031286,2031286,2035015,2036981,2036981,2036981,2036981,2036981,2036981,2036981,2036981,S
2045469,2045469,2045469,2045469,2045469,2045469,2045469,2045469,2045469,2045469,2045469,2045469,2045583,2044901,2043058,2043058,2041916,2040813,2040585,2040565,2039840,2039840,2038405,2036292,2028763,2013451,2013451,2005374,2017281,2017281,2017281,2023965,2028305,2028305,2028305,2028305,2028305,2028305,2028305,2028305,2028305,2028305,2028305,M
2053657,2053657,2053657,2053657,2053657,2053657,2053657,2053657,2053483,2052505,2052231,2045704,2045704,2045864,2043111,2043453,2039719,2039719,2037603,2031666,2025984,2019378,2019378,2013796,1997798,1998575,2010791,2010791,2023149,2032891,2039962,2043206,2043206,2045022,2046437,2047175,2047175,2047175,2047175,2047175,2047175,2047175,2047175,M
2069972,2069972,2069972,2069972,2069972,2069972,2069972,2069972,2069713,2070081,2070082,2070138,2070138,2070334,2069896,2070104,2068938,2068938,2067011,2066179,2064321,2064481,2064481,2061245,2058204,2052233,2050394,2050394,2054785,2060926,2066611,2069863,2069863,2071846,2073119,2073119,2073119,2073119,2073119,2073119,2073119,2073119,2073119,S
2019046,2019046,2019046,2019046,2019046,2019046,2017667,2017667,2017730,2017525,2017666,2017337,2017337,2017797,2017588,2014287,2005820,2005820,1999296,1989313,1978280,1965810,1965810,1960535,1961000,1958045,1963417,1963417,1970589,1981789,1994490,2004947,2004947,2010202,2012741,2013071,2015113,2015113,2015113,2015113,2015113,2015113,2015113,H
2022240,2023557,2024608,2025272,2025853,2025853,2025412,2024819,2023421,2022570,2022570,2021047,2022805,2020766,2018302,2018302,2013553,2010507,2007790,2004884,2004884,2001777,1999617,1996513,1995862,1995862,1992957,1993384,1993186,1997086,1997086,1999234,2005264,2010432,2013583,2013583,2016783,2020002,2024588,2027392,2027392,2029991,2030830,M
2029348,2028393,2028197,2028127,2028127,2027224,2026360,2026313,2024713,2024713,2024629,2023216,2021990,2017082,2017082,2016300,2014218,2014410,2012805,2012805,2012126,2013463,2013289,2011759,2011759,2009095,2009037,2006325,2008145,2008145,2005411,2007243,2009947,2012467,2012467,2015627,2016548,2018952,2019949,2019949,2021277,2022926,2023989,H
2014224,2013067,2011885,2011885,2011154,2010616,2010825,2011390,2011390,2011078,2010949,2010408,2009001,2009001,2007582,2004614,2001250,1997673,1997673,1996449,1995482,1995017,1995092,1995092,1993085,1991804,1993193,1995889,1995889,2000671,2003859,2005649,2007240,2007240,2008146,2009042,2009760,2010230,2010230,2010565,2010966,2011598,2012178,S
2227386,2227065,2227199,2227130,2228493,2228493,2230011,2232457,2233470,2232958,2232958,2232690,2231870,2230604,2229777,2229777,2229867,2229576,2230530,2231701,2231701,2232467,2232311,2234642,2237362,2237362,2238983,2241816,2241816,2243805,2243805,2244355,2243426,2243351,2242700,2242700,2242526,2242388,2241796,2241459,2241459,2241621,2241775,H
2184252,2184252,2184252,2184252,2185239,2185239,2185373,2185373,2185489,2185399,2185399,2185673,2185673,2185582,2186164,2186347,2186542,2186542,2184377,2182368,2179537,2179887,2179887,2178497,2180673,2182416,2185632,2185632,2189427,2192374,2193924,2194075,2194075,2194160,2194549,2194670,2194975,2194975,2195275,2195275,2195275,2195275,2195275,S
2174981,2174699,2174789,2174789,2174131,2173719,2172745,2171900,2171900,2170211,2169629,2168926,2168607,2168607,2169079,2168192,2167372,2166490,2166490,2165371,2165769,2165225,2166986,2166986,2164691,2168352,2165932,2169111,2169111,2166977,2171099,2172709,2176825,2176825,2178768,2180406,2180406,2180219,2180219,2181400,2182474,2183552,2183570,M
2151415,2151362,2151556,2151349,2151223,2151223,2150696,2150073,2147901,2147894,2147894,2147631,2145821,2145758,2142123,2142123,2142360,2139417,2141821,2139514,2139514,2144395,2144158,2148957,2149403,2149403,2153544,2156342,2158278,2159678,2159678,2161250,2161374,2161575,2161712,2161712,2160690,2160134,2160134,2160329,2160329,2160102,2159555,M
2159591,2159364,2158849,2158429,2157785,2157785,2157565,2157078,2156334,2155777,2155777,2155211,2154847,2154186,2153200,2153200,2151826,2150119,2149339,2149442,2149442,2150566,2151666,2151931,2151931,2151931,2152078,2152078,2151758,2151610,2151610,2152528,2152546,2152378,2152000,2152000,2151383,2150691,2149882,2150298,2150298,2150209,2149419,S
2154695,2159198,2163344,2165734,2165734,2167898,2169229,2169900,2171302,2171302,2170095,2169854,2166484,2164897,2164897,2162697,2162675,2163099,2163099,2163099,2164152,2165699,2165293,2167314,2167314,2167298,2168823,2170299,2173056,2173056,2174560,2175979,2177561,2176763,2176763,2179801,2179728,2182392,2180397,2180397,2180771,2180276,2179756,H
3158558,3158558,3158558,3160169,3161355,3162860,3164287,3164287,3166003,3167463,3168642,3169980,3171136,3171136,3171497,3171013,3170199,3170199,3164521,3157608,3158929,3158582,3158582,3157518,3154515,3150549,3149034,3149034,3148892,3149450,3150700,3152926,3152926,3155676,3157411,3158651,3159214,3159214,3159446,3159030,3157405,3157405,3157405,M
3094409,3094409,3094409,3094409,3094409,3094409,3095030,3095030,3094560,3092608,3090638,3088893,3088893,3087423,3086976,3088639,3084683,3084683,3084678,3084776,3082588,3079915,3079915,3077297,3073940,3068340,3064533,3064533,3065434,3070141,3074021,3079257,3079257,3084291,3086830,3086920,3087315,3087315,3087315,3087315,3087315,3087315,3087315,H
3030369,3030369,3030369,3030369,3030369,3030369,3029973,3030013,3030013,3030023,3030331,3030497,3031185,3031185,3031460,3032081,3032320,3031954,3031954,3030919,3030196,3028585,3030239,3030239,3032878,3033410,3034049,3033413,3033413,3032678,3032453,3032963,3033332,3033332,3033756,3033642,3033053,3032426,3032426,3032426,3032426,3032426,3032426,S
3149685,3149685,3149685,3149685,3149685,3150136,3150323,3149907,3149907,3149648,3149262,3149116,3149184,3149184,3149268,3149089,3149334,3151930,3151930,3151486,3152579,3154210,3153276,3153276,3152300,3149823,3147326,3144284,3144284,3141482,3140482,3140454,3142644,3142644,3144489,3145277,3145503,3145740,3145740,3145740,3145740,3145740,3145740,H
3119273,3119273,3119273,3119273,3119273,3119273,3119273,3119414,3119386,3119626,3119626,3119871,3119531,3118171,3116581,3116581,3115024,3113517,3111590,3107819,3107819,3104532,3102629,3100885,3100444,3100444,3100162,3099079,3100723,3105907,3105907,3111245,3115348,3118585,3120966,3120966,3120966,3120966,3120966,3120966,3120966,3120966,3120966,S
3161850,3161850,3162060,3162179,3162179,3161941,3160845,3159116,3157481,3157481,3156105,3154654,3153519,3152212,3152212,3150811,3149261,3147742,3145947,3145947,3142711,3139365,3146596,3150168,3150168,3151758,3150321,3147509,3146927,3146927,3146669,3145656,3144279,3143270,3143270,3141638,3140915,3139839,3138690,3138690,3136924,3135903,3135903,M
2987432,2987432,2987432,2987432,2989586,2991626,2993776,2995578,2995578,2996865,2998368,2999608,3000751,3000751,3001943,3002262,3002163,3001772,3001772,3001730,3008268,3015435,3015707,3015707,3013931,3013091,3009794,3005725,3005725,3003595,3000460,2998638,2998234,2998234,2998671,2998988,2998323,2997316,2997316,2995915,2995915,2995915,2995915,M
2956296,2956296,2956296,2956296,2956296,2956296,2956296,2958432,2960445,2962715,2964551,2966389,2967632,2968056,2968278,2968600,2968924,2969092,2969445,2969527,2968798,2965240,2967158,2971970,2973549,2974513,2974704,2975188,2975768,2975309,2975887,2976325,2975925,2974975,2973821,2972591,2970851,2970851,2970851,2970851,2970851,2970851,2970851,S
2812092,2812092,2814775,2816834,2818255,2818935,2818935,2819866,2821694,2823000,2824315,2824315,2824646,2824086,2823380,2823709,2823709,2823741,2825016,2824467,2827642,2827642,2828483,2828301,2829760,2832102,2832102,2831444,2831319,2829287,2830456,2830456,2833745,2837649,2842124,2842898,2842898,2843906,2844246,2843955,2843429,2843429,2843353,H
3056094,3055962,3055941,3055941,3055939,3055898,3056473,3057025,3057025,3057796,3058276,3059227,3059508,3059508,3058977,3057773,3056966,3056409,3056409,3055916,3055521,3055319,3054703,3054703,3054308,3054135,3054489,3054807,3054807,3055699,3056849,3058473,3060228,3060228,3064226,3064226,3065095,3064877,3064877,3064365,3064365,3064761,3064980,M
2971724,2971724,2971724,2971724,2970850,2970418,2970277,2970361,2970361,2970367,2970504,2970957,2971173,2971464,2971464,2971747,2971926,2972370,2973043,2973043,2972990,2969794,2965827,2962917,2962917,2961607,2961796,2963275,2965514,2965514,2966753,2966340,2970703,2977155,2977155,2984240,2994189,3002652,3007451,3007451,3007451,3007451,3007451,H
2994980,2994980,2994980,2994924,2995358,2995610,2995610,2995536,2995325,2994171,2992684,2992684,2991004,2989622,2988373,2987242,2987242,2986234,2984967,2983775,2983002,2983002,2981122,2978915,2976004,2973216,2973216,2970387,2968489,2968610,2971123,2971123,2974568,2976251,2976666,2976917,2976917,2977100,2977089,2976961,2976961,2976961,2976961,S
2805081,2804956,2804587,2804587,2804488,2804449,2804610,2804787,2804787,2805184,2805614,2806182,2806684,2806684,2807282,2807491,2806884,2805791,2805791,2804623,2803734,2803007,2802631,2802631,2802780,2802953,2803859,2805712,2805712,2807685,2808678,2808920,2808676,2808676,2810243,2811642,2813611,2814779,2814779,2814693,2813518,2812382,2811733,H
2722322,2722322,2722322,2722322,2722322,2722322,2722322,2722340,2722097,2722097,2722197,2722325,2722852,2722941,2722638,2721480,2720379,2719518,2719034,2718605,2718380,2717247,2715414,2713215,2711617,2710994,2712422,2715729,2720143,2723984,2726878,2728518,2729645,2730265,2730278,2729501,2729501,2729501,2729501,2729501,2729501,2729501,2729501,S
2748939,2748111,2748111,2747428,2746995,2746903,2747233,2747233,2747476,2747258,2747285,2747412,2747412,2747430,2747439,2747404,2747387,2747387,2747366,2747145,2746511,2744568,2744568,2743386,2741802,2739985,2737211,2737211,2735351,2734374,2734701,2736283,2736283,2739821,2744430,2748682,2751948,2751948,2754886,2757098,2758042,2758612,2758612,M
2770342,2770342,2770342,2770161,2770161,2770230,2770440,2770888,2771674,2771674,2772541,2773518,2774473,2775559,2775559,2776589,2777694,2779161,2780365,2780365,2780731,2778391,2774244,2771823,2771823,2769386,2767649,2767367,2769817,2773035,2773035,2776422,2779356,2781175,2782674,2782674,2784069,2785429,2786408,2786408,2786408,2786408,2786408,M
2815805,2815021,2815021,2814510,2814385,2814073,2813999,2813999,2813804,2813868,2814019,2814241,2814241,2814500,2814782,2814651,2813792,2813792,2812741,2811933,2811757,2811655,2811655,2811180,2811063,2810983,2811003,2811003,2811183,2811956,2813533,2815320,2815320,2816022,2815672,2815383,2815482,2815482,2815789,2816149,2816323,2816628,2816628,S
2779035,2777706,2775671,2775671,2774078,2773054,2772492,2772125,2772125,2771975,2771559,2771854,2772205,2772205,2772789,2773520,2775024,2772088,2772088,2769842,2770434,2768613,2765917,2765917,2761661,2758893,2760243,2763836,2763836,2768112,2771352,2774337,2776374,2776374,2778604,2780600,2782499,2784322,2784322,2786184,2788017,2789744,2790094,H
2851031,2851031,2850662,2850422,2850078,2850152,2850152,2850013,2850345,2850359,2850619,2850619,2850462,2850408,2850332,2849623,2849623,2849082,2848115,2847966,2847582,2847582,2847881,2848336,2848726,2848726,2848944,2849390,2850270,2850983,2850983,2852013,2853054,2853896,2854420,2854420,2854864,2854448,2854037,2853843,2853843,2853715,2853715,M
2813618,2813618,2813618,2813618,2813618,2813618,2814520,2815293,2815293,2816187,2816964,2816735,2814890,2814890,2812548,2809982,2809970,2810012,2810012,2810824,2812306,2813814,2815608,2815608,2817290,2819226,2820840,2822677,2822677,2824456,2824705,2825123,2825994,2825994,2827141,2828226,2829113,2829903,2829903,2829903,2829903,2829903,2829903,H
2884424,2884424,2884424,2884272,2884274,2884157,2883987,2883987,2884097,2883928,2883782,2882820,2882820,2880875,2879857,2879498,2880345,2880345,2881652,2883266,2884830,2885491,2885491,2886538,2887569,2888688,2890132,2890132,2891301,2892282,2892336,2893205,2893205,2894234,2895262,2896076,2896902,2896902,2897531,2897934,2898009,2898009,2898009,H
2797661,2797661,2796619,2796619,2795642,2794641,2793780,2793159,2793159,2792636,2792017,2791185,2789865,2789865,2789912,2790444,2790872,2790707,2790707,2790718,2791149,2792400,2793865,2793865,2795742,2798285,2800439,2801687,2801687,2803014,2804211,2805202,2806183,2806183,2807071,2807848,2808735,2808735,2809458,2809652,2808741,2807599,2807599,S
2852045,2851095,2850020,2848977,2848073,2847551,2846945,2846464,2846046,2845520,2845263,2845271,2845201,2845356,2845546,2845734,2846146,2846043,2845253,2844079,2842970,2842474,2842032,2842205,2842049,2842120,2842316,2842467,2843523,2845463,2847282,2848798,2849850,2850837,2851857,2852415,2852426,2852107,2851796,2851801,2852066,2852165,2852253,M
2797357,2798194,2798918,2799887,2799887,2800877,2801971,2803088,2804298,2804298,2805271,2806393,2807254,2807222,2807222,2806922,2806751,2807019,2807339,2807339,2808086,2808911,2809922,2810735,2810735,2811852,2812705,2813414,2814138,2814138,2815169,2816942,2818622,2820351,2820351,2821371,2821638,2821705,2821766,2821766,2821814,2821926,2822144,M
2097111,2097226,2097142,2097134,2097134,2097133,2097149,2097065,2097242,2097242,2097093,2097198,2097139,2097206,2097206,2097022,2097186,2097127,2097201,2097201,2097286,2097213,2097054,2097093,2097093,2097106,2097198,2097054,2097159,2097159,2097139,2097065,2097126,2097156,2097156,2097230,2097177,2097165,2097195,2097195,2097181,2097202,2097155,S
2097081,2097145,2097051,2097032,2097032,2097092,2097086,2097106,2097086,2097086,2097088,2097257,2097191,2097180,2097180,2097005,2097131,2097170,2097154,2097154,2097159,2097181,2097131,2097178,2097178,2097215,2097033,2097075,2097137,2097137,2097078,2097177,2097084,2097166,2097166,2097152,2097141,2097080,2097070,2097070,2097185,2097135,2097131,H
2675011,2675011,2675011,2675011,2675423,2675351,2675351,2674728,2674141,2673598,2673163,2673163,2672680,2672340,2672061,2671824,2671824,2671767,2671578,2671284,2671397,2671397,2671490,2671525,2671475,2671885,2671885,2672395,2672839,2672397,2671811,2671811,2671401,2670813,2670491,2670242,2670242,2669943,2669797,2669797,2669797,2669797,2669797,S
