0.,0.,0.,0.,0.,-12.1,-41.1,-47.4,-36.8,-47.5,-129.,-278.4,-468.,-579.,-606.2,-558.8,-387.5,-234.4,-178.,-506.,-1067.,-1360.4,-1376.8,-1360.4,-1049.4,-485.2,-212.6,-165.6,-136.5,-80.1,-37.1,-9.2,3.,1.5,0.,0.,0.,0.,0.,S
0.,0.,0.,0.,0.,0.,-84.1,-252.4,-406.3,-476.,-543.2,-584.3,-532.6,-470.7,-434.4,-347.,-333.1,-644.7,-1058.6,-1234.4,-1414.3,-1587.3,-1323.9,-881.9,-696.4,-587.6,-376.9,-254.1,-209.5,-185.8,-134.9,-61.3,-19.3,0.,0.,0.,0.,0.,0.,M
0.,0.,0.,0.,-66.3,-132.6,-171.,-264.2,-333.3,-268.3,-189.,-171.,-64.9,90.8,186.5,214.6,320.6,402.5,333.5,235.8,183.,47.6,-150.2,-365.4,-670.2,-822.2,-948.5,-1199.9,-1370.6,-1252.5,-1088.8,-912.7,-558.3,-190.,0.,0.,0.,0.,0.,H
0.,0.,0.,-43.2,-86.4,-111.6,-178.2,-238.6,-196.2,-134.8,-75.,11.8,15.7,-114.,-220.6,-352.4,-509.7,-534.2,-497.2,-461.2,-402.8,-385.1,-440.2,-469.4,-484.2,-475.4,-418.3,-362.2,-270.3,-186.2,-156.2,-93.9,-13.9,16.9,0.,0.,0.,0.,0.,S
0.,0.,0.,0.,0.,-31.7,-184.,-372.7,-440.8,-512.7,-630.5,-698.5,-872.6,-1024.6,-1122.,-1371.8,-1643.,-1696.2,-1630.6,-1384.4,-642.6,341.2,1251.3,1673.2,1767.6,1775.9,1598.2,1317.1,1127.6,956.3,605.5,290.9,77.9,0.,0.,0.,0.,0.,0.,M
10.,10.,29.4,82.5,124.4,146.3,160.,162.7,22.7,-253.5,-491.2,-595.4,-641.7,-693.7,-760.7,-904.2,-986.4,-1044.2,-1117.4,-1055.,-904.,-830.8,-839.9,-777.1,-505.3,-138.1,29.2,185.7,456.8,429.3,111.6,-64.,-131.5,-255.4,-260.8,-107.,-4.2,-2.1,0.,H
0.,0.,0.,0.,0.,0.,0.,-123.5,-334.5,-494.6,-607.7,-648.2,-563.2,-385.5,-136.9,104.,189.,226.3,50.,-589.4,-1386.2,-1757.2,-2055.4,-2395.9,-2228.5,-1807.,-1595.2,-1344.7,-843.5,-460.,-212.5,-97.8,-48.9,0.,0.,0.,0.,0.,0.,M
0.,0.,0.,0.,0.,0.,0.,0.,-95.5,-291.8,-392.6,-508.5,-708.1,-769.7,-728.6,-709.6,-737.4,-789.,-892.2,-975.3,-979.,-928.7,-882.7,-907.5,-960.2,-992.4,-899.,-693.8,-408.7,-117.7,0.,0.,0.,0.,0.,0.,0.,0.,0.,S
-483.8,-729.2,-974.6,-1213.,-1657.8,-1820.8,-1728.3,-1679.2,-1617.3,-1505.7,-1372.4,-1209.9,-1131.,-1001.8,-853.7,-756.1,-642.6,-607.8,-865.2,-1254.2,-1624.4,-2069.8,-2276.6,-2250.5,-2153.5,-2004.6,-1849.4,-1772.2,-1657.5,-1511.3,-1429.8,-1310.8,-1241.8,-1077.9,-747.,-433.2,-143.2,0.,0.,H
-472.8,-532.9,-593.,-576.6,-519.3,-441.9,-354.,-302.6,-258.5,-193.7,-120.5,-77.3,-86.6,-22.4,51.9,20.1,-21.8,-21.8,-123.9,-285.9,-353.1,-375.4,-390.4,-377.,-331.8,-311.5,-287.4,-251.8,-248.8,-211.3,-110.1,-26.6,-9.8,47.4,107.,96.6,64.4,45.,45.,S
-91.6,-65.9,-40.2,11.1,125.1,248.4,331.5,354.,364.9,367.8,339.2,317.7,316.8,341.8,386.1,397.2,300.2,211.4,109.5,-16.1,-27.6,102.7,220.8,353.5,687.9,1124.8,1572.1,1784.2,1952.7,2058.6,1851.,1474.2,1242.4,941.4,467.9,172.5,4.,-41.6,-41.6,M
-298.8,-117.3,129.4,323.5,507.1,561.8,529.8,472.3,520.6,812.9,1031.4,1230.9,1515.4,1661.3,1680.3,1638.4,1647.3,1691.,1610.1,1338.7,1183.,1041.,802.2,563.5,227.4,33.2,146.5,549.,1011.4,1304.,1423.4,1222.9,690.8,284.3,255.9,302.4,360.6,460.3,501.8,H
626.2,626.2,503.,267.1,19.8,-106.2,-97.6,-119.1,-187.6,-221.5,-204.8,-201.2,-63.,254.9,572.2,874.6,1039.4,1107.6,1257.2,1369.9,1268.4,1135.6,922.,408.7,-98.9,-404.6,-502.4,-518.7,-466.6,-364.2,-295.3,-260.4,-248.,-235.3,-246.9,-281.8,-304.8,-267.6,-230.4,S
2075.6,2075.6,2095.5,1960.3,1602.,1186.7,974.6,785.7,541.9,505.5,553.,582.,690.5,933.8,1168.5,1416.5,1564.6,1545.1,1450.8,1268.5,1036.1,911.2,813.4,653.,534.4,525.4,572.4,639.,717.,668.9,470.7,332.,206.2,-25.6,-112.2,-81.4,-70.,-51.8,-33.6,M
1070.,1070.,918.4,641.4,407.1,299.7,301.2,231.3,97.6,106.,319.6,461.,568.4,619.2,253.1,-503.6,-950.8,-1275.4,-1770.6,-1944.,-1866.9,-1787.,-1700.3,-1514.3,-1313.9,-1229.5,-1246.2,-1358.6,-1491.9,-1219.,-511.1,-97.,328.5,1011.4,1143.9,829.8,640.6,552.7,464.8,H
638.8,519.5,400.2,372.9,322.2,272.2,259.8,274.,271.2,304.1,392.8,440.5,435.2,429.7,505.7,678.4,921.3,1073.,1261.3,1535.9,1642.6,1637.6,1612.2,1548.3,1376.9,1322.7,1301.9,1227.8,1088.6,851.3,542.4,251.5,171.4,168.1,151.1,146.6,138.7,121.6,121.6,M
652.4,755.2,828.,798.,790.1,720.5,548.2,339.3,241.,140.1,-21.3,-30.1,116.2,210.8,365.5,639.6,871.7,1008.2,1032.,1027.5,1033.9,997.1,943.3,937.2,835.7,603.,265.7,-108.,-275.6,-400.5,-561.,-530.5,-426.,-387.6,-332.1,-233.8,-163.3,-105.2,-74.8,S
214.4,214.4,219.7,371.3,646.7,969.2,1162.6,1222.,1079.8,487.9,-251.9,-601.4,-819.4,-1209.1,-1387.5,-1427.3,-1460.4,-1602.9,-1705.3,-1717.1,-1765.1,-1761.2,-1692.8,-1767.5,-1917.8,-2160.8,-2396.6,-2187.3,-1581.9,-696.7,400.1,1007.8,1156.7,1252.9,1036.3,704.9,537.4,392.,246.6,H
0.,0.,0.,0.,0.,0.,-151.2,-452.7,-748.6,-894.2,-1040.7,-1207.6,-1217.9,-1123.3,-1038.8,-980.7,-773.8,-411.3,-116.1,-34.6,92.3,202.3,-49.4,-496.9,-709.6,-912.2,-1245.6,-1272.3,-975.9,-783.6,-619.5,-284.9,-57.2,0.,0.,0.,0.,0.,0.,S
-224.,-324.2,-495.3,-607.8,-581.3,-513.2,-425.3,-258.8,-152.,-34.7,54.4,74.,41.8,-158.6,-572.8,-838.4,-1268.4,-1559.3,-1424.2,-1281.2,-1134.2,-778.4,-549.6,-550.6,-246.,-67.4,189.7,672.1,1059.8,1226.,1229.8,1077.6,775.7,547.2,359.4,250.4,212.4,130.8,87.2,M
-9.4,-28.,-46.6,29.3,171.,95.,-112.3,-177.8,-292.5,-505.4,-664.6,-753.2,-780.8,-882.8,-999.,-830.9,-1285.5,-1922.4,-1702.9,-1917.8,-1933.5,-510.,494.8,807.5,1871.2,2310.2,1547.1,1096.,704.6,37.6,-473.9,-597.1,-484.4,-544.5,-552.6,-392.6,-202.4,-120.2,-120.2,H
0.,0.,0.,0.,0.,0.,28.2,75.8,127.4,145.1,130.6,7.3,-260.,-573.9,-788.9,-834.,-853.3,-796.8,-676.3,-392.9,-154.2,31.9,372.9,613.7,520.5,378.1,386.3,287.9,247.3,276.6,239.9,160.,80.6,22.2,0.,0.,0.,0.,0.,S
0.,0.,46.3,127.3,185.3,285.4,362.2,366.1,298.,54.2,-361.9,-606.2,-810.3,-1083.6,-1119.3,-995.8,-905.8,-683.,-808.8,-1275.2,-1363.8,-1334.6,-1299.4,-605.4,712.7,1829.2,2286.4,2403.6,2386.1,1897.8,1050.7,557.2,335.9,45.6,-96.3,-84.6,0.,0.,0.,M
0.,0.,0.,0.,-47.7,-214.3,-333.2,-481.6,-868.7,-1319.5,-1728.1,-1924.6,-2165.4,-2410.9,-2957.6,-3387.5,-3275.4,-2878.6,-2352.6,-1214.7,75.,356.,978.9,2246.6,2998.9,3179.,3251.6,2674.4,1479.2,546.8,82.1,-68.2,-121.5,-87.4,0.,0.,0.,0.,0.,H
0.,0.,0.,-41.7,-157.8,-232.2,-264.6,-328.9,-339.6,-315.9,-313.4,-438.9,-704.1,-995.1,-1180.,-1213.6,-1249.7,-1338.7,-1406.9,-1361.3,-1300.4,-989.5,-335.,298.6,737.5,886.4,862.3,779.5,597.6,338.8,203.2,110.4,-42.8,-82.9,-31.3,0.,0.,0.,0.,M
0.,0.,0.,0.,0.,-107.1,-323.8,-500.5,-691.1,-814.6,-716.4,-567.1,-472.1,-392.1,-356.,-328.2,-292.9,-282.3,-294.9,-310.6,-280.7,-139.,77.3,253.6,325.4,284.7,153.,6.4,-20.1,9.,0.9,23.,24.4,-2.2,0.,0.,0.,0.,0.,S
-1.2,-2.,-3.8,-14.6,-24.4,-13.9,0.5,-6.5,5.6,28.6,16.6,2.9,7.2,-1.3,-15.8,-2.7,-1.1,-10.2,-13.3,-18.8,-15.7,-3.4,7.,15.,21.9,23.7,20.2,-0.2,-15.4,-4.1,-9.7,-11.5,1.9,0.2,-1.8,-2.7,-10.6,-0.4,18.8,H
1267.4,1195.2,988.3,650.6,447.6,308.9,130.7,-319.5,-1618.8,-2507.4,-3376.9,-4904.1,-5557.8,-4640.7,-3949.3,-3452.9,-2339.4,-1894.3,-1844.6,-1905.6,-1936.,-1748.3,-1197.3,-803.4,-294.1,480.9,888.2,754.6,479.4,-137.5,-818.9,-860.8,-334.1,170.,888.1,1517.2,1057.6,285.9,-115.2,S
-2437.6,-1836.8,-589.9,521.4,986.6,1244.7,1625.9,1780.1,1737.5,1663.8,1357.4,460.5,-1157.6,-3601.9,-5018.6,-6193.6,-8226.7,-9450.2,-9740.3,-10745.2,-10617.2,-9008.9,-7922.9,-6299.8,-4282.4,-3226.2,-2008.2,447.2,2857.7,4054.8,5571.3,8297.4,10358.1,11279.1,12162.4,11483.3,8925.5,6424.,4987.8,M
-937.2,-1060.7,-1103.1,-1022.,-1400.,-1630.6,-1421.2,-1179.,-998.8,-795.7,-656.9,-782.8,-985.5,-1126.6,-1043.5,-1047.7,-1018.9,-788.5,-674.2,-712.5,-829.4,-1045.2,-1365.9,-1549.4,-1659.6,-1828.7,-2051.1,-2034.9,-1855.2,-1679.3,-1314.9,-864.6,-584.8,-566.8,-696.1,-834.5,-747.1,-261.2,128.2,H
-4393.8,-3483.8,-1511.4,88.1,437.8,250.4,-467.8,-2093.,-3639.8,-4706.1,-5132.6,-5158.3,-5289.,-5634.,-6206.9,-6539.8,-6951.,-7299.7,-6846.5,-5697.1,-4938.4,-4136.8,-2703.7,-1420.5,-299.4,170.,1061.3,3240.5,6246.5,9279.7,10594.8,10976.1,11034.1,9139.8,6136.4,4704.,3406.8,562.5,-984.6,S
6061.8,3959.8,1857.8,627.2,-2356.6,-6151.5,-9081.2,-9969.2,-11047.2,-12592.2,-13134.6,-13409.5,-13609.,-13116.2,-12194.6,-11251.3,-10453.6,-10170.4,-9747.7,-8911.3,-7718.1,-5560.9,-4183.2,-3582.6,-1751.6,508.,2463.2,3389.2,5930.7,10030.7,13210.,15641.7,16452.6,14853.1,11661.,8001.4,4241.5,2548.6,2548.6,M
3550.2,2421.3,-765.9,-4481.9,-7398.9,-9731.4,-11279.4,-11405.2,-10873.9,-10772.2,-10851.,-10790.7,-10699.8,-10283.1,-9330.3,-8144.5,-6978.7,-5853.9,-5090.1,-5187.4,-5354.,-4853.1,-4111.6,-3804.9,-3851.4,-4003.7,-4352.,-5132.1,-6194.5,-6299.9,-3272.9,2199.6,7917.5,13151.8,17508.2,18763.2,16454.2,13151.7,11386.,H
-7096.4,-7607.4,-7607.5,-6322.5,-5096.5,-4644.6,-4538.5,-4363.,-4075.2,-3719.7,-3582.6,-3463.5,-3387.8,-3626.5,-3959.6,-4097.4,-4180.4,-4212.,-4097.5,-4008.3,-3982.2,-4046.3,-4207.6,-4243.2,-3978.8,-3776.,-2779.7,-56.1,3330.8,6430.6,7870.8,8291.3,8602.,8147.3,7315.5,6828.6,6625.4,5986.7,5551.2,M
-3917.6,-4303.7,-4736.7,-4783.6,-5038.6,-5423.3,-5845.7,-6080.1,-6021.8,-5840.5,-5433.4,-5053.6,-4852.2,-4804.8,-4803.8,-5118.9,-5752.4,-6517.,-6964.2,-7310.9,-7481.6,-6498.5,-3474.7,-1258.,1096.,5226.,7479.2,7023.,6089.6,4542.9,1394.8,-990.1,-2021.1,-2268.6,-1797.3,-495.5,1214.1,2646.1,3199.,S
-12313.6,-10623.2,-8932.8,-7250.9,-4263.6,-2329.,-1633.2,-1566.6,-1794.4,-2315.6,-2850.2,-2818.7,-2981.7,-3566.6,-3540.4,-3065.6,-2766.2,-2603.1,-2096.5,-1541.2,-1219.6,-1109.8,-701.6,-173.7,251.9,1160.7,1763.6,1890.7,2180.8,2066.5,1103.4,417.6,-161.6,-880.8,-517.,1171.8,2356.8,3601.5,4846.2,H
0.,0.,0.,0.,0.,0.,0.,-6.6,-17.3,-21.4,-14.1,-8.4,-20.3,-21.8,-13.,-2.5,8.1,15.3,14.7,7.,1.7,-7.7,-0.2,8.,4.6,-11.7,-22.4,-18.6,-14.,-7.6,-3.8,0.,0.,0.,0.,0.,0.,0.,0.,S
0.,0.,-111.5,-326.6,-543.8,-776.,-894.6,-836.7,-733.5,-735.2,-734.7,-687.2,-661.7,-991.6,-1219.5,-1526.7,-1961.4,-1769.9,-1242.3,-675.6,218.3,881.6,789.9,787.6,644.8,285.7,158.8,82.2,38.2,147.2,223.2,222.8,227.7,188.2,102.1,30.2,0.,0.,0.,M
0.,0.,-122.4,-285.4,-326.,-393.,-573.7,-460.,-167.8,-103.,138.,449.2,385.7,-7.9,-267.8,-963.3,-2127.5,-2646.7,-2580.4,-2463.6,-1768.9,-313.3,798.2,1740.4,2332.,2226.8,1977.1,1608.1,1054.3,725.,753.5,677.8,526.7,336.4,193.,96.5,0.,0.,0.,H
0.,0.,-83.4,-259.2,-425.2,-665.5,-832.2,-902.4,-1032.9,-1153.9,-1183.7,-1152.8,-948.9,-818.5,-576.,-362.8,-465.6,-534.3,-67.,469.,799.3,1129.6,1153.8,849.2,302.3,-77.,-238.2,-362.9,-540.,-634.8,-690.2,-703.2,-682.,-589.4,-439.2,-277.9,-195.4,-97.7,0.,S
59.8,98.5,224.,310.8,358.,363.6,203.,-47.3,-178.6,-268.5,-147.4,145.9,514.8,801.4,1062.9,1192.6,1260.5,806.1,152.,-417.1,-1260.1,-1390.6,-547.8,151.6,601.3,1279.6,1184.2,628.2,396.2,331.1,217.6,164.8,91.9,23.4,-10.9,-19.,-9.5,-13.1,0.,M
148.,171.3,179.9,165.2,132.8,21.3,-242.2,-260.3,-94.,-121.3,-241.5,-536.4,-968.8,-1199.2,-1361.9,-1553.7,-1325.7,-898.9,-729.2,-612.7,-533.4,-34.4,848.,1194.2,1701.7,2707.4,2863.9,2200.3,1878.4,1549.,942.1,466.9,53.3,-162.6,-315.1,-506.1,-435.4,-225.5,-124.8,H
45.,45.,76.8,125.,109.6,36.8,-4.2,-119.6,-194.6,-263.7,-476.,-578.8,-842.6,-998.9,-774.9,-439.7,-221.,149.8,485.,449.3,205.6,-38.,64.3,280.3,673.5,1135.7,1318.4,1234.2,976.5,605.5,363.3,318.6,256.8,107.,-37.8,-86.7,-78.8,-58.5,-38.2,M
0.,0.,0.,-1.1,-2.2,-65.8,-249.8,-483.2,-678.2,-760.2,-822.5,-859.,-676.9,-358.9,-197.2,75.9,674.9,628.6,-271.,-798.4,-1229.3,-1709.3,-1288.9,-260.4,298.6,738.5,1197.,1115.,893.6,772.8,616.6,259.6,18.8,-10.6,0.,0.,0.,0.,0.,S
0.,-62.5,-154.8,-222.7,-297.2,-452.8,-509.5,-540.8,-729.1,-656.1,-448.6,-408.6,-214.,213.1,386.1,405.8,418.2,411.5,289.2,63.5,195.9,438.4,709.5,1092.5,1276.8,1202.7,1123.,823.1,515.1,484.4,393.1,324.4,340.3,268.1,168.7,130.1,102.8,51.4,0.,H
405.8,533.8,860.3,1102.7,1146.6,1225.5,826.9,-343.5,-1638.9,-2241.4,-2744.5,-3130.3,-2645.8,-1922.8,-1567.,-1336.4,-890.4,-740.5,-941.5,-1077.,-1330.8,-1735.5,-1759.3,-1293.,-953.8,-305.4,979.,2121.9,2493.,2357.2,1660.8,114.6,-1440.9,-2256.,-2365.4,-2016.9,-1286.9,-641.,-376.6,S
995.,1060.9,1126.8,624.,-469.,-1593.2,-2476.3,-2825.4,-2647.4,-2108.4,-1472.3,-923.1,-649.,-524.9,-343.2,-282.2,-317.4,-371.1,-334.1,-244.,10.3,274.3,725.2,1372.6,1506.1,1082.4,769.4,94.5,-1051.7,-1520.8,-1389.8,-1261.,-996.2,-466.1,-29.5,324.2,506.6,528.6,550.6,M
0.,0.,131.8,263.6,422.,746.4,1117.8,1379.,1434.8,880.5,-577.4,-2309.8,-3938.2,-4737.8,-5259.3,-5865.9,-6001.5,-5793.1,-5534.2,-4408.5,-1975.3,743.,3112.4,4071.,4226.3,4144.9,3333.4,2367.4,1976.2,1310.1,-457.1,-2459.3,-3574.7,-3789.,-3486.5,-2331.,-739.,0.,0.,H
-1415.4,-2255.9,-3096.4,-3641.6,-4608.3,-4976.5,-4363.9,-3804.6,-3321.1,-2495.1,-1838.4,-1302.,-1079.8,-887.5,-614.2,-890.4,-1725.6,-2203.6,-2458.4,-2731.8,-1762.6,250.2,1275.2,1459.4,1622.3,974.5,-260.4,-868.8,-796.2,-613.2,-456.5,-332.3,-254.4,-208.5,-54.3,173.8,336.1,378.6,378.6,S
989.6,398.4,-192.8,-1228.7,-3117.3,-4469.4,-4403.1,-3837.4,-2725.5,-988.9,-80.7,250.6,298.4,102.3,-362.,-1258.,-2511.8,-3137.8,-3283.8,-2714.5,-747.2,2200.6,3896.4,5027.1,5468.9,3491.,821.7,-558.6,-1633.5,-2445.8,-1410.5,-330.,-22.2,210.7,395.4,215.8,64.8,45.2,45.2,M
250.,271.2,357.4,422.4,138.6,-205.9,-904.6,-1607.6,-2250.3,-3148.9,-4036.5,-4582.2,-4561.2,-4474.8,-4382.7,-4174.8,-2781.3,-1590.,-425.1,2604.4,5176.4,6037.1,6190.4,6053.6,4357.2,1749.7,-613.7,-2176.9,-2961.4,-3344.5,-2512.4,-1357.9,-634.1,-515.7,-569.,-466.4,-349.2,-258.6,-258.6,H
0.,178.,537.8,804.9,265.7,-358.8,-1109.2,-2219.5,-2725.8,-2330.7,-1789.2,-1633.1,-1888.6,-2730.5,-3077.8,-3370.5,-3406.5,-1325.3,2047.7,3679.2,5403.6,8128.4,8644.4,7364.5,6569.,4840.9,1780.2,-351.9,-1456.,-1760.6,-1283.7,-276.3,463.2,632.2,592.2,494.7,275.5,76.9,0.,M
0.,0.,0.,0.,0.,-43.4,-153.4,-287.3,-740.8,-1127.,-1584.7,-2381.,-2930.1,-2849.2,-2557.8,-2165.7,-1495.7,-1110.3,-1064.7,-1126.6,-1177.6,-1275.9,-1281.3,-1245.6,-1251.8,-1225.5,-1161.3,-1127.3,-1250.4,-1369.6,-1235.9,-965.5,-696.5,-282.1,0.,0.,0.,0.,0.,S
-1473.,-1829.2,-2469.2,-2753.,-2665.8,-2423.4,-2129.8,-1889.9,-1788.4,-1711.4,-1610.5,-1954.9,-2997.8,-3672.4,-4232.1,-5448.2,-6205.1,-5981.9,-5658.2,-5379.8,-4334.8,-2478.6,-191.9,1005.2,2389.,4509.7,5131.4,4531.5,4046.8,3193.,1594.8,526.6,-361.3,-925.4,-974.3,-932.5,-805.8,-384.9,0.,H
384.2,170.7,-42.8,-550.3,-1452.5,-2139.1,-2522.8,-2614.6,-2516.9,-2334.2,-2109.3,-1872.9,-1776.4,-1629.4,-1389.6,-1458.7,-1711.1,-1801.6,-1800.6,-1753.8,-1257.6,-363.,81.2,416.1,980.5,1144.4,901.,723.2,277.9,-524.8,-1056.5,-1343.7,-1456.6,-1288.6,-951.5,-661.7,-395.2,-249.4,-249.4,S
763.4,763.4,842.1,725.4,202.8,-459.4,-794.4,-1060.6,-1334.4,-1170.4,-855.2,-711.6,-584.2,-332.5,-169.8,-275.1,-418.8,-798.1,-1654.9,-2202.4,-2161.5,-2050.6,-1686.2,-338.,1649.1,3708.3,4764.2,5537.6,6293.6,5726.1,4289.8,3403.6,2598.8,1263.8,371.5,-101.3,-212.,-159.2,-106.4,M
144.8,200.9,291.5,271.7,217.4,-128.,-818.9,-1478.5,-2019.5,-2246.4,-2161.6,-1912.2,-1689.8,-1855.8,-2079.6,-2507.9,-3230.1,-3651.8,-3392.4,-3005.2,-2175.,-400.9,1044.5,1927.3,2308.6,2670.4,2720.9,2299.2,1925.8,1662.8,1121.7,405.,288.9,481.9,615.4,787.4,1163.2,1286.3,1205.6,H
0.,0.,-59.2,-143.3,-168.2,-134.4,-84.7,99.5,355.4,443.,541.7,742.5,826.5,880.3,952.2,874.3,723.3,393.5,-102.9,-342.6,-855.4,-1842.8,-2800.3,-3452.7,-3622.2,-2953.5,-1628.9,-57.5,1354.4,1850.8,1742.3,1407.6,914.5,425.8,204.,102.,0.,0.,0.,S
-225.4,-244.8,-204.8,-10.1,125.2,271.7,519.1,635.6,688.2,725.2,692.6,425.9,-127.7,-815.8,-1184.4,-1454.6,-1752.8,-1938.6,-2192.6,-2288.8,-2692.3,-2990.4,-2637.8,-2648.,-2905.4,-2329.7,-1460.3,-676.4,626.,1438.2,1661.1,1957.3,1923.,1583.2,1351.,1003.2,363.6,-155.7,-383.2,M
-774.2,-776.8,-633.,-421.8,-293.,-229.,-232.2,-204.8,-375.,-1207.,-1838.2,-2505.6,-3810.2,-4695.3,-4720.,-4496.8,-4062.,-3128.7,-2304.2,-2305.9,-2633.6,-1974.7,-528.4,752.4,2416.4,3587.,3385.5,2816.5,2446.8,2424.1,2403.6,2405.4,2069.6,1251.2,243.1,-284.2,-752.2,-1130.9,-1041.6,H
0.,-264.7,-936.5,-1343.6,-1833.3,-2608.2,-2897.,-2875.7,-2850.8,-2598.8,-1979.1,-1418.3,-1293.1,-1361.,-1952.6,-2540.5,-2289.1,-1956.7,-1872.,-1808.,-2522.4,-4246.2,-5052.3,-4913.,-5010.6,-4872.2,-4195.5,-3666.1,-3577.4,-2732.9,-1260.3,-191.1,759.9,1269.8,1288.2,1134.7,853.9,372.5,0.,M
0.,0.,-176.7,-493.3,-763.9,-957.6,-1020.6,-878.2,-625.6,-399.8,-235.8,-187.4,-152.5,-152.6,-188.2,-181.9,-175.,-844.8,-2780.7,-4236.5,-4035.8,-3645.4,-2618.9,-156.9,1757.,2071.3,1907.2,1741.8,1515.8,1231.8,896.9,785.4,593.5,357.5,263.8,107.1,0.,0.,0.,S
-800.4,-832.2,-864.,-811.2,-420.,36.5,210.6,266.6,300.,494.7,880.,1090.,1076.,749.4,-22.2,-1587.,-3306.2,-3905.6,-4798.9,-5833.1,-4911.7,-2781.8,-1714.2,-228.4,1953.3,2722.6,2552.,2308.,2222.4,2006.9,1807.5,1854.3,1970.6,2031.7,1916.2,1548.1,1005.9,655.2,655.2,H
0.,0.,0.,-44.8,-170.7,-251.8,-311.9,-368.1,-342.9,-300.8,-280.,-264.8,-203.5,-127.7,-77.,-56.,-117.9,-293.8,-1037.3,-2745.,-3823.2,-4295.6,-4273.6,-2733.9,-204.8,1279.,2088.3,2743.,2330.1,1885.2,1698.6,1468.5,962.6,523.1,179.7,0.,0.,0.,0.,S
0.,0.,-11.7,-23.4,-32.3,-70.3,-251.5,-620.1,-836.6,-885.3,-1111.9,-993.7,-671.8,-646.,-658.7,-778.8,-1078.1,-1551.2,-1832.4,-3212.7,-5312.3,-5914.,-4236.7,-2677.,-463.6,3243.6,5091.9,4628.,3809.6,3234.5,2311.3,1539.,857.1,599.4,411.7,112.,0.,0.,0.,M
0.,-43.7,-147.1,-206.8,-316.,-540.,-748.5,-377.5,87.2,95.2,-2.8,-293.5,-1041.9,-1605.6,-1842.4,-2149.,-2479.,-4044.7,-5350.2,-6020.8,-6778.5,-5727.2,-2323.7,-58.6,1540.2,3988.6,4477.1,3482.3,2848.6,2431.9,1543.3,1014.4,855.1,752.8,579.3,405.8,267.8,64.9,0.,H
0.,0.,-12.7,-71.1,-181.9,-247.,-338.3,-521.,-690.1,-713.,-658.2,-651.8,-674.2,-810.1,-1050.4,-1183.6,-1259.1,-1055.9,-613.,-691.6,-934.4,-532.9,388.6,1291.2,2175.7,2677.6,2438.6,1587.9,796.4,571.5,526.4,633.7,686.9,496.3,289.3,218.8,109.4,0.,0.,S
0.,0.,0.,0.,0.,0.,-32.4,-95.6,-164.9,-203.4,-205.3,-289.9,-620.7,-1130.4,-1392.,-1102.7,-592.7,-175.4,-62.6,-146.4,-1248.8,-3987.8,-5866.3,-4894.9,-3681.6,-1991.9,1930.7,4908.,4823.,3993.6,3118.9,1542.3,420.2,0.,0.,0.,0.,0.,0.,M
-27.4,-41.3,-15.6,24.,41.2,14.1,-195.1,-399.6,-171.4,-323.2,-831.4,-1055.2,-1190.4,-1793.5,-2165.3,-1719.4,-1689.3,-1873.8,-2017.7,-3758.,-5486.2,-4653.2,-3688.4,-2591.7,1271.2,4625.9,5066.4,4918.4,4446.7,3061.9,1783.4,1119.,820.,753.2,600.,355.1,177.3,158.,158.,H
0.,0.,-2.6,1.8,-108.,-224.8,-353.1,-547.2,-680.1,-474.6,-202.,-258.9,-700.8,-1169.2,-1732.,-2211.4,-2511.3,-3215.3,-4446.2,-4784.3,-4295.6,-3002.8,227.,3844.8,5737.9,5950.2,5322.5,3741.2,2194.1,1223.2,841.,706.5,450.9,208.,91.,95.8,50.3,0.,0.,M
0.,-78.2,-156.4,-188.9,-259.3,-343.7,-327.5,-264.8,-249.5,-131.3,-50.4,94.3,261.,236.5,-91.8,-327.1,-601.2,-943.8,-1257.2,-2107.4,-3056.2,-3035.,-2601.8,-1386.,1173.6,3462.4,4351.,4294.6,3663.9,2627.7,1843.7,1406.7,1348.2,1118.2,725.5,408.3,126.9,0.,0.,S
0.,0.,4.5,17.7,43.2,47.3,34.6,64.8,67.8,107.3,48.5,-77.,-574.3,-1276.5,-1832.6,-2101.3,-2018.8,-1875.9,-2012.1,-3448.1,-5159.5,-5714.,-5298.7,-3720.4,-119.2,3871.2,5423.4,5824.4,6001.4,5113.,3637.5,2826.4,2329.8,1396.7,611.,130.9,0.,0.,0.,H
-124.8,-43.9,63.6,90.2,196.6,370.3,435.7,304.6,175.4,128.6,14.3,-152.4,-146.8,-42.,-62.,-61.6,-126.2,-177.6,-144.,161.6,497.,710.5,1175.7,1457.2,1332.2,1359.7,2015.3,2466.4,2414.4,2363.6,1844.,782.1,15.3,-158.4,-383.1,-518.5,-465.6,-666.1,-830.2,S
-377.8,-220.,15.8,93.8,208.7,400.3,621.4,995.,1224.2,1066.3,533.2,-74.9,-631.,-954.2,-1345.2,-1135.8,-665.,-730.2,-665.8,-313.4,-160.2,45.3,375.2,301.7,428.5,585.8,781.2,1251.7,1557.3,1532.5,1423.2,1026.8,494.9,273.6,299.8,500.4,595.9,574.,631.,M
-615.8,-615.8,-930.5,-968.9,-785.7,-957.,-1035.2,-709.6,-710.2,-640.6,-382.9,-521.,-389.2,-234.3,-22.4,85.3,4.2,130.6,457.8,338.,-18.8,-55.,135.3,29.1,189.2,1489.7,2333.6,2264.3,2490.8,2431.7,1705.1,1333.4,993.7,531.9,460.5,479.4,447.6,465.,482.4,H
-109.6,-85.8,-113.3,-244.3,-434.3,-670.1,-795.6,-790.4,-732.7,-700.7,-737.7,-754.2,-824.1,-947.7,-1059.3,-983.4,-849.6,-695.7,-215.3,631.5,1564.8,1977.8,2241.8,2561.3,2633.,2482.9,2316.6,2128.3,1613.5,887.5,142.8,-202.4,-303.6,-501.7,-612.2,-558.8,-491.8,-478.7,-465.6,S
248.,225.2,194.,270.3,353.6,323.2,315.5,336.8,274.6,80.9,-208.5,-803.,-1239.6,-1496.5,-1856.7,-1570.5,-773.6,-366.2,145.6,770.4,523.8,161.6,539.5,656.,885.8,1962.1,2590.3,2255.5,2207.6,1980.4,1156.5,919.3,946.2,572.3,340.4,273.8,-7.4,-101.,-122.,M
-45.,-238.9,-986.1,-1869.7,-2488.6,-2777.2,-2720.5,-2133.9,-1416.9,-700.9,-172.,233.6,626.2,661.1,441.7,174.4,-150.8,-129.2,-332.1,-689.,-496.2,-1034.7,-1625.3,-681.5,486.7,788.1,1480.8,2038.5,1769.5,1225.7,815.9,639.6,432.4,214.8,194.,230.8,355.9,385.7,290.4,H
-876.8,-1074.8,-1272.8,-1755.9,-2458.5,-2983.4,-3304.,-3319.2,-2701.8,-1322.1,306.5,2051.3,2929.8,3062.,3020.2,3027.4,2523.5,1377.9,922.4,274.9,-425.2,-472.8,-248.8,-38.,591.1,932.2,631.,895.,1191.9,1068.5,639.4,366.6,406.5,325.8,68.,-16.5,36.2,-89.9,-216.,M
-191.8,-221.8,-218.3,-175.7,-200.5,-234.4,-182.8,-182.4,-408.3,-694.,-805.,-1221.5,-1937.1,-2382.2,-2328.9,-2129.6,-1341.9,221.6,1829.5,3074.,3486.4,3393.8,3113.2,2276.3,1136.6,645.8,305.7,-337.6,-460.5,-321.9,-363.6,-401.2,-415.,-407.9,-359.9,-295.2,-197.8,-42.1,16.2,S
-152.,-304.2,-665.3,-1011.1,-1269.4,-1390.8,-886.8,-143.8,546.,1227.9,1954.2,2297.5,2137.8,1693.6,1257.2,786.6,116.7,59.1,-185.6,-261.3,24.8,-437.,-622.6,153.9,368.1,146.5,893.4,1189.5,744.7,661.6,616.4,454.6,290.4,220.2,197.6,216.2,146.7,29.3,0.,H
125.8,68.4,-139.8,-455.2,-768.3,-916.8,-954.5,-869.5,-664.3,-569.6,-557.4,-593.1,-892.1,-1767.2,-3628.,-4877.,-7402.5,-10113.,-9985.1,-7096.3,-4520.4,-1445.5,2429.7,3868.,3760.7,3015.4,2923.5,2733.7,2388.3,1865.7,1590.6,1453.4,1344.1,1578.6,1754.1,1723.,1533.5,1090.1,836.2,S
704.2,916.1,1322.9,1713.3,1881.1,1815.9,1629.9,1348.2,1105.8,985.9,1133.7,1376.1,1014.3,1467.7,2278.2,1583.7,432.3,-163.8,-1856.4,-3820.2,-4163.7,-4205.4,-4196.6,-3440.2,-1827.2,262.8,2555.4,4578.8,5769.2,5627.,4556.9,3155.1,1806.7,803.5,131.9,-343.6,-472.1,-323.1,-233.2,M
837.6,837.6,1055.7,1323.5,1423.2,1475.8,1478.4,1297.8,1015.1,828.6,791.6,839.,1535.5,1003.5,3735.9,5676.9,2526.2,661.4,-9.5,-4540.,-8094.8,-6464.5,-5873.,-5837.3,-5358.9,-4333.9,-3212.3,-1989.9,839.5,4172.1,6174.,6989.6,6555.7,5122.3,3033.8,1211.,477.2,228.,-21.2,H
-430.8,-391.2,-343.,-334.4,-329.2,-355.1,-362.5,-343.7,-348.6,-420.2,-604.,-899.2,-1216.6,-1351.,-1151.1,-1077.1,-1637.1,-2218.8,-2366.4,-2536.7,-2706.3,-1236.8,763.9,1295.8,1500.8,2289.8,2325.9,1925.7,2073.4,2229.8,2335.8,2096.2,1596.7,1286.4,911.4,80.9,-710.6,-1358.7,-1670.8,S
-769.,-941.4,-1297.3,-1427.5,-1374.2,-1387.1,-1407.8,-1368.,-1251.6,-1182.8,-442.2,-2424.2,-4632.1,-4337.6,-4557.8,-5524.3,-4053.4,-2694.9,-3341.3,-2908.8,-1752.3,42.7,1560.9,2525.2,2609.8,2100.9,1642.8,1576.2,1261.9,1065.,858.,361.9,-203.1,-717.8,-956.6,-991.,-960.2,-681.3,-467.6,M
-281.6,-281.6,-423.2,-751.1,-1085.3,-1204.,-1174.8,-1118.6,-961.8,-793.2,-554.1,-383.,472.9,16946.3,96595.4,209203.5,257780.,257219.8,241149.5,104978.8,-90551.2,-165420.6,-199480.9,-248745.1,-210457.9,-131979.5,-106992.2,-73396.1,-24830.,-6824.3,-2750.,-1711.4,-1668.3,-1413.,-1018.7,-629.1,-421.6,-210.8,0.,H
-334.8,-334.8,-468.9,-692.,-882.4,-878.8,-773.8,-740.6,-684.5,-674.6,-705.8,-737.6,-650.3,-386.8,644.5,-551.3,-2602.2,-3861.1,-5135.2,-6129.5,-5622.7,-4123.2,-2142.8,950.2,2499.4,3799.3,4662.6,4056.4,2234.4,901.9,632.5,479.8,366.,208.4,83.1,-63.4,-128.4,-116.3,-104.2,M
0.8,-73.6,-148.,-161.1,-143.6,-86.3,-52.6,-45.6,-54.2,20.9,163.3,505.7,789.4,1449.,2412.5,2662.2,1945.1,1282.2,307.3,-1258.9,-2027.7,-1947.5,-1689.8,-1392.6,-969.2,-571.2,-84.3,130.8,172.8,315.,295.4,151.,126.4,272.4,558.4,879.,1150.9,1242.2,1242.2,S
-222.,-299.9,-540.5,-904.4,-1275.3,-1577.9,-1775.9,-1908.7,-2231.8,-3198.1,-4359.8,-4087.3,-2441.4,14931.4,63885.3,98628.3,113126.4,130223.4,117930.9,64086.7,24831.3,-18588.5,-91336.8,-127506.8,-127537.1,-121918.4,-91795.8,-35791.,-2830.8,4004.6,4968.3,4175.,2642.8,1453.8,987.8,560.,207.,113.2,103.6,H
114.8,114.8,180.,264.5,240.1,-8.1,-212.6,-405.5,-711.7,-923.8,-875.5,-728.4,-658.7,-527.2,-356.5,-236.5,-225.4,-136.3,68.8,288.4,393.,394.,261.9,-23.2,-327.2,-529.6,-581.,-519.5,-332.4,2.2,270.1,329.,-46.8,-479.,-663.4,-811.,-830.6,-415.3,0.,S
0.,0.,-14.,-13.3,30.3,112.6,166.,261.9,435.7,581.8,667.,684.,703.7,731.1,717.7,561.5,426.4,-34.1,-1246.1,-2738.3,-3975.1,-4471.2,-4299.6,-3476.8,-1723.5,959.,2539.4,3690.1,5591.,6455.8,5967.2,5364.,4400.6,2687.,1384.8,416.4,0.,0.,0.,M
-245.,-162.9,-29.4,58.9,127.1,202.7,258.3,262.1,254.6,260.7,273.3,288.7,275.7,253.8,87.9,-331.3,-918.9,-1631.3,-2009.4,-1926.8,-1892.8,-1836.9,-1333.1,-933.8,-846.3,-281.4,676.9,1524.7,1891.6,2105.2,2622.7,3317.6,3976.5,4244.4,4395.6,4428.6,4075.2,3524.5,3209.,H
0.,-262.6,-755.9,-1205.,-1611.9,-1981.4,-2041.4,-1810.2,-1604.1,-1399.8,-1194.7,-1037.1,-936.6,-831.4,-741.3,-755.5,-959.1,-1378.1,-1921.6,-2561.1,-3133.8,-3326.8,-2990.2,-2123.3,-830.6,674.1,1985.4,2682.2,2657.7,2174.6,1452.9,724.,264.9,82.5,24.9,-6.8,-27.6,-21.3,0.,S
-179.2,-172.8,-94.9,-1.4,20.6,-16.8,-88.4,-98.4,-41.2,-8.2,18.5,98.6,126.4,92.,83.2,65.5,-195.6,-986.7,-2176.3,-2818.2,-3473.8,-4377.9,-4407.8,-3399.5,-2609.8,-1030.3,1953.2,4368.9,5723.7,6066.8,5446.8,4100.2,2755.4,1662.8,1188.4,885.2,367.5,75.5,-2.,M
-351.,-388.9,-361.,-295.2,-261.3,-190.,-120.3,-71.9,-55.8,-48.3,-90.7,-160.3,-299.4,-418.8,-1425.8,-2237.9,-2253.7,-2580.6,-2696.8,-1929.2,-1337.4,-689.3,1575.2,3015.8,4610.3,7182.2,7921.8,6645.8,5607.6,4305.4,2129.4,887.3,233.3,-52.4,-315.9,-727.9,-809.7,-619.4,-495.8,H
-155.2,-125.9,-96.6,-51.5,78.4,224.1,368.1,451.2,471.,514.7,501.7,210.8,-43.2,-287.6,-742.3,-1229.6,-1710.2,-1913.8,-2171.8,-2566.8,-2708.4,-2380.7,-2048.4,-1466.9,-124.7,1417.3,2738.4,3278.2,3566.3,3658.6,3253.1,2651.9,2260.4,1801.6,962.5,222.9,-256.2,-376.,-376.,M
-849.2,-849.2,-735.1,-565.6,-435.5,-301.,-241.2,-185.8,-65.5,31.,16.4,-29.8,-173.2,-589.4,-1078.7,-1494.4,-1693.6,-1832.7,-1922.8,-1623.5,-773.3,-173.4,710.6,2338.3,3448.9,3731.1,3646.4,3306.2,2667.9,2143.4,1793.5,1670.,1545.,1324.3,1189.2,1144.3,1138.8,997.6,856.4,S
1190.8,1190.8,1171.5,1135.,1049.5,892.5,803.8,632.6,244.6,-140.8,-414.6,-519.8,-485.7,-312.1,-403.9,-873.8,-1112.4,-1375.3,-1741.8,-1798.3,-1384.1,-1017.,-466.2,479.3,1633.3,3126.5,3860.4,4340.2,5029.4,4975.8,4013.7,3314.6,2840.5,2095.5,1930.6,2210.4,2384.2,2292.2,2200.2,H
110.6,13.8,-83.,-223.4,-528.8,-858.3,-1035.6,-1048.4,-1020.1,-955.5,-817.3,-685.3,-655.2,-517.7,-259.,-25.5,214.7,342.6,425.1,614.8,782.4,832.1,821.4,688.5,378.8,11.9,-264.4,-350.6,-344.2,-323.3,-285.8,-256.,-249.2,-254.6,-223.5,-156.3,-88.,-50.4,-50.4,M
544.6,628.4,712.2,730.6,818.,926.6,1089.9,1213.6,1305.8,1594.8,1969.9,2260.3,2372.4,2552.6,2718.9,2734.7,2808.5,2852.6,2832.2,2813.4,2731.2,2411.7,2176.,1890.6,1290.3,735.,397.1,299.6,253.4,139.8,39.4,-69.6,-145.6,-197.7,-235.,-244.2,-240.4,-212.6,-212.6,H
-12.8,23.4,106.7,224.8,358.7,421.6,469.9,545.,612.9,643.8,633.6,527.4,250.8,-146.8,-519.4,-664.8,-688.1,-603.9,-328.5,-67.7,25.2,112.,265.4,411.1,574.9,659.6,715.6,812.7,843.4,841.2,849.4,854.8,867.8,865.4,769.3,683.2,580.,350.5,224.2,S
-1041.2,-972.4,-829.3,-755.,-726.6,-641.2,-524.8,-357.5,-249.6,-134.3,21.4,153.9,271.1,296.2,302.8,257.7,95.7,-140.5,-266.4,-355.7,-404.3,-222.5,72.8,227.,433.3,728.3,810.7,751.2,698.,562.7,342.2,199.3,114.4,87.2,104.,48.5,-213.4,-608.,-813.,M
-939.6,-906.7,-833.8,-741.6,-652.7,-616.,-549.5,-395.7,-121.,454.4,842.4,1195.5,1920.4,2466.,2636.3,2632.8,2638.4,2550.2,2398.,2276.8,2214.,2160.7,2007.3,1781.,1409.8,1164.8,861.9,411.3,150.1,5.2,-26.2,-28.9,-83.5,-166.9,-316.5,-434.6,-612.4,-969.7,-1149.2,H
-1140.6,-1133.3,-1096.5,-1067.,-1026.5,-1023.6,-906.5,-705.3,-434.2,87.1,595.7,807.6,996.6,1140.,939.5,610.3,489.,503.,494.3,497.2,469.8,440.2,373.1,267.6,221.4,243.2,263.7,302.9,354.9,380.,371.8,276.6,67.3,-139.7,-316.8,-401.,-378.7,-291.7,-227.,M
-44.8,-44.8,-177.7,-501.8,-885.7,-1185.8,-1293.2,-1279.5,-1238.5,-1174.7,-1137.3,-1136.4,-1183.6,-1153.,-987.9,-756.8,-613.,-428.8,-180.2,-14.5,115.6,144.4,33.4,-225.6,-572.9,-933.1,-1094.,-1122.6,-1101.,-980.5,-879.5,-848.8,-812.1,-728.,-618.8,-453.4,-349.8,-264.7,-179.6,S
-2.,-2.,1.6,4.,7.4,14.9,17.8,1.8,-10.4,-4.,-8.5,-15.6,-2.,8.6,7.9,11.4,7.,15.5,17.6,-6.9,-7.4,10.2,1.4,-3.6,6.,-10.4,-27.,-15.2,-7.5,-8.7,-1.2,5.6,3.7,-5.8,2.5,7.1,-4.2,-10.3,-14.2,H
0.,0.,-23.1,-46.2,-60.2,-81.8,-97.,-72.7,-40.8,-6.5,39.2,62.4,109.2,144.2,182.3,254.8,331.8,308.1,241.8,102.9,-181.3,-447.,-572.6,-577.8,-426.3,-127.5,133.9,299.9,351.8,285.9,180.7,100.9,36.2,12.,6.9,0.9,0.,0.,0.,S
