95.2,145.7,196.2,236.9,294.,327.6,359.4,435.4,456.1,454.3,516.7,543.4,522.8,499.,420.,282.2,135.5,10.,-35.2,-4.2,92.1,257.4,365.,424.7,505.8,541.1,558.8,562.6,589.5,673.,778.3,823.8,820.6,847.4,756.4,513.7,300.2,211.6,211.6,S
0.,0.,0.,30.4,60.8,71.4,23.9,-99.9,-256.1,-346.6,-416.5,-478.4,-423.3,-365.6,-355.,-329.9,-313.6,-276.2,-161.8,-93.6,-71.,45.7,154.6,215.1,260.8,340.6,368.8,216.2,39.2,-36.8,-105.,-156.8,-81.8,-11.6,0.,0.,0.,0.,0.,M
0.,0.,0.,0.,6.5,29.9,91.3,182.2,228.6,253.9,330.2,334.9,173.3,58.,47.7,121.8,348.2,745.4,1000.6,1192.,1495.2,1537.2,1239.5,1011.6,654.2,-10.3,-396.3,-422.2,-369.2,-202.9,6.4,57.9,55.,43.6,21.8,0.,0.,0.,0.,H
0.,0.,0.,0.,0.,55.7,188.3,313.4,361.6,333.9,176.,-104.1,-312.9,-371.8,-342.1,-263.2,-100.5,63.4,113.8,152.,272.2,356.6,363.7,368.4,390.5,415.3,407.2,404.4,412.4,350.1,228.4,136.9,52.4,0.,0.,0.,0.,0.,0.,S
0.,0.,0.,0.,0.,-13.2,-26.4,-4.3,62.1,153.4,257.3,314.2,370.8,440.4,499.2,629.8,714.6,742.5,1073.8,1430.8,1398.8,1313.2,1203.,596.9,-171.4,-574.3,-704.8,-755.2,-664.7,-397.8,-184.2,-96.6,-42.6,5.7,0.,0.,0.,0.,0.,M
0.,0.,0.,73.9,236.2,409.2,493.8,460.2,327.,124.9,-85.8,-194.,-132.8,126.3,626.1,1075.3,1222.6,1130.9,863.,366.8,-71.3,-189.4,-70.8,111.4,294.8,456.9,499.2,526.1,475.4,250.5,55.3,7.4,-74.,-137.4,-59.7,0.,0.,0.,0.,H
0.,0.,0.,-61.6,-195.,-331.9,-433.,-469.,-428.7,-333.5,-202.2,-56.,13.8,63.9,205.5,449.1,716.4,831.6,980.,1181.3,1102.8,806.4,641.4,360.8,-130.8,-402.,-458.9,-455.6,-358.9,-167.2,-44.,-3.1,9.6,16.3,11.5,0.,0.,0.,0.,M
0.,0.,0.,0.,0.,-50.9,-101.8,-117.7,-155.6,-218.2,-204.2,-149.6,-188.,-281.8,-328.4,-309.9,-300.2,-168.3,77.9,238.7,278.1,271.,285.5,365.2,550.9,741.,810.6,787.6,738.3,576.8,365.7,289.8,220.7,75.8,0.,0.,0.,0.,0.,S
0.,0.,0.,-43.1,-138.1,-337.9,-567.6,-649.4,-771.8,-1048.2,-1258.6,-1422.3,-1529.6,-1467.6,-1067.8,377.,3053.,4622.,6137.5,8317.5,8076.5,5580.1,3989.2,2365.2,-234.7,-1405.9,-1647.7,-1694.2,-1730.,-1812.1,-1660.3,-1204.7,-947.2,-699.4,-225.8,0.,0.,0.,0.,H
224.2,228.9,233.6,172.4,12.9,-155.2,-257.7,-290.4,-288.3,-244.4,-158.8,-110.,-105.,-69.3,-29.,-12.8,20.9,43.,36.9,78.7,145.9,199.8,234.4,246.6,179.6,51.8,-57.9,-119.,-165.,-198.2,-206.9,-203.2,-178.,-147.7,-87.2,-0.6,52.7,49.6,49.6,S
74.6,98.9,129.2,135.2,85.9,-68.2,-308.6,-558.,-671.8,-706.5,-698.,-603.1,-492.9,-434.4,-319.8,-158.2,-25.9,127.6,195.8,250.7,409.1,591.7,749.8,828.8,869.3,846.7,637.3,330.6,170.2,-9.4,-287.3,-376.7,-356.2,-344.6,-317.3,-235.,-156.4,-85.5,-38.2,M
-93.8,-93.8,-72.6,-137.7,-373.3,-666.2,-809.8,-960.6,-1181.2,-1192.5,-1070.7,-1007.4,-983.8,-860.9,-678.3,-514.8,-434.6,-294.8,-74.5,71.2,235.2,334.,373.5,436.2,416.5,310.6,247.6,212.3,149.5,308.2,804.,1113.6,1410.9,1975.3,2285.2,2174.9,2021.8,1824.3,1626.8,H
480.4,502.2,524.,430.5,240.2,37.,-95.2,-121.,-102.3,-89.4,-68.2,-53.5,-65.8,-84.8,-149.1,-285.5,-460.8,-545.,-615.9,-703.2,-668.3,-570.7,-524.4,-507.9,-493.7,-501.6,-481.7,-456.2,-374.4,-161.5,52.2,231.8,328.8,357.3,401.2,435.8,472.2,489.4,489.4,S
-446.4,-521.9,-597.4,-608.3,-591.7,-584.1,-649.9,-695.8,-797.,-975.,-1039.6,-977.3,-927.2,-861.6,-721.8,-611.6,-521.3,-467.,-448.2,-425.1,-446.1,-382.1,-292.8,19.4,673.4,1343.1,1841.8,2012.6,1913.7,1632.6,1265.6,893.4,706.,610.8,443.8,349.,297.,268.,268.,M
-549.8,-420.6,-290.5,-382.,-521.4,-568.4,-655.7,-754.9,-689.8,-540.5,-540.1,-572.1,-480.8,-371.8,-314.2,-224.3,-11.9,158.2,280.4,355.,424.4,531.7,656.9,762.1,780.,811.8,820.6,687.6,442.3,307.,299.8,469.3,1027.1,1844.5,2280.8,2516.8,2799.9,2691.8,2536.6,H
-211.6,-301.1,-549.1,-707.6,-862.5,-1178.5,-1415.9,-1491.8,-1491.4,-1493.8,-1521.9,-1599.1,-1658.5,-1666.4,-1638.4,-1523.,-1355.7,-1206.1,-1136.4,-1038.1,-891.8,-750.,-595.3,-534.4,-571.1,-584.8,-461.3,-212.1,-63.4,141.2,494.4,664.5,672.3,658.6,590.3,463.7,362.2,304.6,290.2,M
-432.4,-416.3,-384.7,-331.7,-294.2,-270.2,-250.4,-294.6,-422.6,-510.6,-631.5,-829.5,-924.,-917.3,-893.2,-790.1,-613.,-452.4,-278.7,-191.6,-178.3,-143.9,-132.5,-176.9,-211.6,-213.9,-232.3,-299.7,-434.6,-518.2,-604.2,-750.8,-802.7,-736.3,-678.6,-639.5,-573.7,-547.3,-547.6,S
18.4,18.4,-136.9,-510.4,-938.6,-1306.2,-1463.8,-1521.4,-1564.2,-1558.8,-1536.2,-1504.2,-1485.9,-1425.4,-1280.3,-1022.5,-867.6,-681.2,-314.9,33.7,298.6,394.8,407.,372.5,259.8,173.,152.2,222.9,476.2,927.3,1529.6,1863.4,2209.3,2798.6,3074.8,2903.6,2699.6,2376.,2052.4,H
-408.,-408.,-552.4,-670.9,-581.,-433.4,-349.8,-268.1,-182.5,-121.6,-32.8,-1.,67.8,219.9,341.2,432.2,485.2,471.7,385.7,186.9,-127.5,-315.6,-404.9,-510.7,-480.2,-358.,-282.8,-234.4,-121.6,9.9,149.4,221.8,267.5,351.4,400.3,424.6,438.2,459.7,481.2,S
122.2,243.6,425.2,485.4,497.8,569.3,496.8,234.3,103.4,-126.3,-552.3,-908.2,-1115.,-1162.2,-1050.7,-942.3,-1070.7,-990.8,-785.6,-749.6,-541.,-150.9,-13.,-92.6,-92.4,-169.,-263.6,-449.,-616.6,-715.3,-960.4,-1106.5,-1044.2,-982.2,-836.5,-538.4,-290.9,-97.9,0.,M
0.,0.,-87.9,-256.5,-337.2,-374.,-402.9,-485.1,-122.6,330.,344.7,143.8,388.1,504.9,161.8,650.4,1508.3,1775.6,1647.4,1621.2,1187.7,600.6,287.7,109.7,91.,92.9,108.5,93.4,-31.4,-127.4,-270.1,-576.8,-732.6,-612.3,-500.2,-392.4,-142.3,0.,0.,H
0.,0.,0.,0.,0.,0.,-73.1,-223.,-354.6,-471.7,-534.,-496.,-434.1,-373.3,-232.6,-128.8,-43.4,51.2,-5.,-281.,-491.6,-717.6,-1038.5,-1039.6,-885.8,-825.8,-778.4,-765.7,-810.9,-712.3,-603.2,-474.9,-173.3,0.,0.,0.,0.,0.,0.,S
0.,0.,0.,0.,20.9,65.5,117.,184.6,224.4,271.4,344.9,347.2,309.7,296.4,205.1,175.9,235.6,210.8,188.4,80.9,75.4,123.,130.9,193.2,274.2,91.2,-113.8,-159.8,-264.8,-214.9,-115.3,-71.4,-38.6,0.,0.,0.,0.,0.,0.,M
0.,0.,0.,0.,0.,72.4,201.7,323.5,474.5,560.6,481.2,249.1,-491.9,-1481.1,-1882.,-1726.,-1227.,416.4,2894.7,4072.6,4358.5,4435.2,3639.3,2248.4,1444.2,1244.9,1059.,871.3,550.7,431.2,195.6,-91.4,-132.,-60.6,0.,0.,0.,0.,0.,H
0.,0.,0.,-120.8,-405.5,-569.4,-693.9,-915.3,-938.2,-738.7,-613.2,-572.9,-479.9,-417.3,-210.4,-13.4,393.9,1148.1,1876.8,2405.2,2551.8,2255.2,1707.1,1030.,234.1,-136.2,-142.7,-197.2,-158.2,-22.1,27.,7.,-16.2,-25.7,-16.,0.,0.,0.,0.,M
0.,0.,12.,7.9,-8.2,1.8,15.3,-6.5,-3.5,24.8,6.9,-7.2,8.8,4.7,-11.6,4.,0.6,-6.6,9.3,13.4,2.2,13.,9.3,-1.9,12.6,-2.2,-21.1,-7.8,-4.1,-17.8,-2.6,9.3,3.6,0.4,-0.4,2.7,2.9,0.,0.,S
0.,0.,0.,0.,0.,101.5,170.3,119.4,71.4,41.6,-77.,-66.5,147.1,252.3,273.,841.,1636.4,2636.3,3417.9,4318.4,5275.2,5217.5,4338.2,3582.,2708.7,1186.6,250.5,-175.2,-313.6,-331.7,-317.3,-198.2,-55.8,0.,0.,0.,0.,0.,0.,H
-989.6,-930.9,-393.6,85.,864.2,2117.2,2643.8,1973.6,1250.6,800.3,-142.6,-2196.1,-3512.6,-3268.2,-3906.6,-4732.8,-3716.9,-2704.1,-2895.,-2496.7,-2006.,-1866.2,-1627.9,-1437.,-1218.3,-799.1,-421.9,-319.3,-393.4,-455.1,-575.8,-826.8,-1657.8,-2296.8,-2198.1,-1976.4,-1639.8,-713.1,0.,S
-4330.2,-4330.2,-4140.,-3757.8,-3377.2,-2982.6,-2776.6,-2585.,-2148.7,-2028.9,-2803.6,-3453.4,-4483.9,-6614.2,-8081.9,-8080.1,-7710.4,-7059.1,-5820.7,-5375.6,-6289.3,-7061.,-7717.4,-8783.8,-9102.,-7830.5,-6650.8,-3754.,2365.2,8486.9,13377.4,15368.6,15159.7,13454.2,9998.,6313.5,4588.6,3375.3,2162.,M
-10620.2,-10620.2,-9400.7,-6054.2,-1880.2,1900.3,3633.8,5475.7,8109.7,9990.3,10877.3,10675.8,9056.,6110.2,3521.2,1577.,895.8,246.,-1444.8,-3491.1,-5186.3,-5876.2,-6213.6,-6698.4,-6297.8,-3918.4,-2087.,78.2,3956.,6511.,6308.6,5263.8,3882.9,1604.9,-134.6,-901.2,-825.4,-772.4,-719.4,H
883.6,271.4,-1191.9,-2692.4,-3570.8,-3812.5,-3213.,-1842.,-436.6,534.7,872.1,1085.5,1536.3,2009.9,2495.8,3300.3,3641.7,3677.1,3994.7,4240.5,4656.9,4909.,5075.9,5258.6,4803.2,3131.8,1931.6,640.3,-1231.7,-1578.2,-381.3,581.4,1733.8,3347.8,3712.1,3165.,2715.2,2404.9,2094.6,S
3658.8,3525.9,2882.,1547.4,-108.8,-1547.5,-2475.3,-3467.9,-4672.4,-5433.1,-5733.4,-5774.8,-4852.6,-2641.7,-482.7,951.3,2423.8,3812.8,4621.5,5314.8,5934.3,5793.,5128.1,4359.6,3768.2,3588.5,3646.8,3012.9,1822.3,857.8,434.8,810.7,1989.4,3574.,4639.2,4783.9,3987.5,3256.7,3084.4,M
-238.6,-211.5,56.2,573.6,1467.3,3242.2,5450.4,7188.1,8757.4,10469.3,10675.1,8467.1,5163.1,1912.1,-1162.2,-3846.6,-5587.,-6322.7,-6541.4,-6369.2,-5181.3,-3000.5,-413.5,2633.,5188.7,6552.6,7496.2,8096.1,7692.1,7107.1,6738.7,6025.6,5246.,4345.,3419.3,2603.4,1857.5,1230.7,984.2,H
-6773.,-6773.,-7766.3,-8715.4,-8068.9,-6093.5,-5079.1,-4653.4,-3307.6,-2275.8,-1805.4,-1754.4,-1703.3,-1804.7,-1787.3,-1668.4,-1412.,-897.7,-602.6,-941.7,-2373.9,-3378.5,-4304.4,-5944.8,-6754.5,-5786.4,-4671.8,-3780.4,-2538.3,-1523.5,-1177.7,-1496.,-1752.1,-1586.3,-1216.8,-636.1,-3.,735.8,1474.6,M
-3323.6,-3323.6,-3094.8,-1980.1,-270.3,842.3,1131.,1247.5,1338.3,1359.9,1512.,1616.8,1732.1,1949.2,2061.4,2091.8,2111.8,2084.3,1971.3,1876.7,1350.5,833.4,-199.8,-2085.5,-3492.8,-3617.1,-3186.6,-2264.4,-409.7,891.1,1172.5,1085.6,1065.3,1121.2,1487.8,2115.2,2452.2,2711.4,2970.6,S
2519.8,921.9,-676.,-3323.,-7091.,-9188.,-10257.,-10350.,-10027.6,-9075.9,-8299.7,-8205.3,-8257.8,-8084.3,-8993.7,-10935.3,-12311.2,-12828.4,-13199.1,-12542.2,-10120.,-7578.9,-6432.4,-5707.2,-4553.5,-3495.5,-2150.4,-1434.8,-1101.7,-780.1,-1457.,-2524.5,-2926.6,-2883.8,-2522.2,-1639.2,-791.9,-508.8,-508.8,H
-2.2,-2.2,-11.2,-3.4,-10.3,-21.,-8.,-9.3,-9.1,-2.3,8.,13.,14.6,22.1,18.3,-2.,-12.6,-7.7,-20.5,-17.9,1.,-0.4,-0.6,17.5,21.5,0.7,-5.8,3.4,-4.9,-13.4,0.1,4.6,-5.3,-10.1,4.9,11.8,8.8,6.3,3.8,S
-275.,-275.,-317.7,-420.5,-562.7,-638.6,-632.4,-597.7,-554.8,-520.4,-471.4,-448.6,-411.1,-346.1,-275.5,-214.3,-196.2,-144.,-54.9,30.5,6.,-67.,-76.4,-137.2,-172.7,-87.2,-17.6,-75.8,-71.2,-93.,-198.5,-219.4,-227.2,-288.,-334.7,-271.5,-214.6,-178.4,-142.2,M
16.4,102.8,296.9,399.2,513.2,632.6,478.7,340.6,125.7,10.8,126.6,-72.7,-355.2,-353.4,-240.8,-213.2,220.7,756.5,1102.9,1123.6,899.8,569.7,13.7,-486.8,-841.6,-921.8,-804.2,-648.5,-457.6,-262.8,-220.8,-174.,-51.7,103.8,174.8,165.8,164.4,133.1,103.2,H
0.,0.,0.,-54.5,-149.7,-233.4,-285.2,-294.,-287.8,-201.1,-103.5,-233.5,-380.6,-508.5,-785.9,-943.7,-839.5,-727.,-599.2,-473.,-261.1,-30.3,-13.,272.1,731.3,804.6,780.9,858.,622.4,323.,101.,-108.2,-159.2,-160.3,-160.4,-79.7,0.,0.,0.,S
0.,4.,43.4,90.5,102.2,132.1,92.3,-107.3,-385.4,-533.6,-633.3,-679.3,-545.3,-328.5,-223.5,-249.4,-178.1,-36.5,39.4,250.2,614.3,515.5,271.5,279.6,-42.4,-339.,67.1,212.3,-23.2,515.5,1155.2,1090.3,997.,1069.6,673.6,62.1,-169.8,-93.1,0.,M
-78.8,-88.3,-129.4,-173.6,-186.2,-255.7,-389.3,-468.2,-692.2,-901.4,-203.9,192.2,315.6,975.2,1210.,341.4,35.5,214.1,-115.1,-60.2,311.3,737.6,942.8,1213.,1332.8,1216.4,884.8,541.2,177.7,-57.4,-117.3,-239.6,-388.8,-428.2,-380.8,-296.,-176.1,-70.5,0.,H
79.4,93.,106.6,174.4,335.7,454.4,523.1,566.6,546.,458.2,251.9,1.1,-110.6,-214.1,-324.9,-175.8,40.4,100.2,352.9,582.1,238.2,-92.7,-103.2,-293.3,-670.1,-649.1,-613.8,-786.2,-540.7,152.6,812.9,1410.5,1795.6,1750.4,1647.3,1542.8,1375.3,1254.4,1254.4,M
0.,0.,0.,0.,-40.3,-80.6,-95.8,-140.,-216.9,-260.,-255.2,-422.3,-625.9,-716.3,-843.6,-917.,-646.9,-514.,-424.8,-249.1,-270.,-328.,-170.9,26.2,131.2,254.2,167.4,0.1,-218.4,-319.8,-313.,-256.,-130.9,-31.4,0.,0.,0.,0.,0.,S
0.,0.,-114.9,-342.8,-575.9,-758.,-872.4,-835.5,-693.4,-524.9,-368.9,-303.3,-188.2,16.8,153.,470.1,794.3,834.2,967.4,993.3,652.,397.2,442.7,355.8,328.2,455.2,501.7,391.9,176.6,76.2,-13.3,-126.4,-165.6,-115.8,-85.3,-72.5,-26.5,0.,0.,H
0.,0.,0.,0.,0.,-189.1,-638.2,-1054.9,-1275.8,-1340.,-1143.8,-633.2,-117.5,176.9,270.,330.8,426.8,545.7,782.8,936.2,1092.4,1362.6,1585.9,1624.9,1554.6,1178.9,443.7,-255.7,-749.4,-903.2,-751.6,-444.1,-185.9,-41.8,0.,0.,0.,0.,0.,S
0.,0.,0.,278.4,803.3,1049.8,1333.3,1946.3,2363.7,2605.4,2759.2,2884.4,3038.7,2846.5,2278.1,1931.,1708.9,1341.,1289.6,1598.3,1812.6,1923.5,2169.4,2368.1,2453.3,2474.8,2504.8,2513.6,2559.9,2717.3,2807.2,2479.7,1825.6,1128.4,378.9,0.,0.,0.,0.,M
0.,116.5,401.8,850.1,1129.6,1400.9,1851.1,2134.,2259.,2280.,2214.1,1383.7,-366.9,-2090.9,-2828.8,-3479.5,-4142.8,-3529.7,-2354.6,-1805.2,-1052.6,679.5,2287.2,3276.1,3636.8,3609.,3257.8,2577.,1940.5,1661.4,1153.7,-148.8,-1569.4,-2388.8,-2582.4,-2354.2,-1505.6,-442.6,0.,H
0.,0.,0.,0.,-182.4,-426.6,-488.4,-556.5,-635.2,-489.9,-455.5,-577.,-1091.7,-2092.2,-2783.,-2762.9,-2537.8,-1916.,-875.5,-195.1,-57.,-180.6,-356.2,-589.6,-685.6,-686.1,-648.4,-579.4,-688.2,-858.,-805.9,-761.8,-694.2,-313.3,0.,0.,0.,0.,0.,S
276.2,401.5,584.,708.,774.8,714.2,594.8,521.5,-56.5,-620.,-1312.1,-2596.3,-4025.9,-4999.9,-5136.4,-4658.4,-3824.,-2307.5,-578.7,-10.,661.6,1828.9,2313.9,3077.6,3852.,3969.6,4119.,3747.1,2271.6,1199.8,398.1,-611.4,-770.1,-197.8,325.4,486.,496.1,345.6,345.6,M
0.,0.,59.8,220.2,445.8,628.6,686.4,445.1,-270.,-1620.4,-3023.9,-3550.8,-3177.4,-1912.2,785.6,4080.9,5570.2,6301.7,7476.8,7328.1,6302.3,5868.8,5205.3,3749.4,2575.2,1125.4,57.4,-896.4,-2549.4,-3751.7,-4101.5,-3948.2,-3254.3,-2031.,-1078.8,-328.,0.,0.,0.,H
0.,0.,0.,-146.1,-413.7,-676.6,-1157.8,-1497.6,-2095.3,-3184.8,-3953.,-4319.6,-4409.8,-4066.1,-3090.9,-2123.6,-773.2,241.4,779.4,2060.7,2787.4,3119.9,3469.,3702.2,3538.9,3361.,2229.4,879.2,164.1,-1008.8,-1635.8,-1339.8,-874.6,-530.6,-93.8,48.2,48.7,0.,0.,M
0.,-536.1,-1456.6,-1890.1,-1853.3,-1767.4,-1061.1,146.4,776.6,914.7,923.8,898.3,947.9,1151.9,1303.,1325.2,991.5,200.,-85.,336.4,585.,718.2,1079.8,920.4,228.6,-75.4,100.9,430.,703.1,880.8,938.2,972.9,1092.9,1064.1,830.8,711.6,556.4,200.6,0.,S
0.,0.,-457.3,-1372.9,-2273.2,-2715.2,-3090.1,-3334.7,-3050.8,-2755.1,-2613.,-2515.6,-2509.6,-2946.3,-4159.1,-5026.6,-5397.7,-5393.1,-3726.9,-1174.8,86.8,978.1,2021.3,1362.8,412.6,272.8,111.8,-69.8,163.4,496.5,636.6,615.7,445.4,272.9,155.3,60.8,0.,0.,0.,H
1295.4,1295.4,1294.4,1006.7,297.2,-532.7,-939.8,-1309.1,-1746.1,-1577.6,-1131.6,-921.8,-741.,-355.2,-32.7,321.6,558.4,743.9,1086.5,1317.1,1337.4,1284.2,1229.5,833.7,-49.9,-592.9,-593.4,-285.2,836.3,2791.7,3756.4,3579.,2993.3,1356.,-819.3,-2145.2,-2347.4,-2257.6,-2167.8,S
-1210.8,-1210.8,-1109.,-982.9,-925.4,-927.6,-963.,-950.,-893.6,-860.5,-716.,-561.2,-608.2,-848.8,-1327.4,-2039.3,-2466.2,-2860.3,-3174.3,-2682.9,-1822.,-1233.7,-343.7,881.6,1499.7,1643.8,1665.5,1512.9,982.4,276.4,-125.3,-337.6,-504.3,-438.9,-276.4,-133.7,-28.6,13.5,2.4,M
0.,-51.2,-102.4,-162.7,-234.4,-274.,-264.5,-226.8,-390.7,-893.3,-1570.8,-2432.2,-2954.8,-3039.,-2879.8,-1911.,-188.5,808.6,1586.8,2721.6,3245.2,3094.9,2777.6,2285.3,1773.5,1476.,931.5,665.,412.6,-244.3,-945.9,-1279.8,-1316.6,-1041.7,-592.7,-368.9,-159.6,0.,0.,H
0.,0.,0.,-353.,-990.9,-1519.7,-1763.6,-1966.5,-1941.,-1635.,-1893.7,-2230.,-2333.9,-2289.4,-1818.5,-635.1,225.8,803.,1606.9,1834.3,1654.9,1474.8,1260.4,692.1,-240.4,-1387.3,-1955.6,-2400.4,-3086.8,-3147.3,-2498.5,-2030.8,-1642.,-908.2,-281.6,0.,0.,0.,0.,S
-1327.,-1691.7,-2357.,-2562.8,-2317.1,-2166.2,-2012.4,-1713.8,-1461.5,-1332.7,-1311.4,-1221.7,-1117.3,-1185.6,-1652.6,-2036.6,-2570.1,-3373.3,-3573.2,-2991.2,-2479.,-1606.2,8.,1231.6,1700.8,1687.8,1038.6,14.8,-737.1,-1077.4,-1067.4,-775.1,-437.9,-359.4,-298.8,-176.6,57.4,195.3,221.4,M
0.,0.,-111.1,-250.8,-266.5,-190.,-126.4,62.4,346.6,518.6,623.,650.8,369.4,-375.2,-876.,-221.1,471.4,1439.9,3499.6,5014.,4758.9,4080.6,3361.9,1980.2,824.8,267.5,202.6,188.5,101.1,-111.3,-407.,-563.6,-595.6,-586.1,-388.2,-115.9,0.,0.,0.,H
0.,0.,-56.8,-162.3,-292.9,-391.,-407.2,-382.8,-331.8,-512.3,-1180.,-1640.6,-2135.5,-3254.6,-4007.6,-3452.2,-2768.,-2168.2,-726.5,519.4,598.9,274.4,132.5,-253.,-562.9,-619.3,-609.4,-629.2,-732.,-765.3,-659.9,-604.2,-715.7,-696.2,-534.8,-452.9,-401.4,-200.7,0.,M
-6.8,28.7,64.2,111.2,-13.7,-638.9,-1127.7,-1594.,-2452.5,-3095.2,-3212.4,-3114.6,-2953.9,-2579.,-2312.2,-2176.2,-2414.9,-2466.9,-2050.4,-2107.5,-2196.1,-1359.5,-637.8,-142.5,1301.2,2814.4,2979.6,2726.5,2329.,1163.3,-21.5,-584.6,-995.6,-1619.9,-1861.2,-1895.6,-1902.,-1637.5,-1373.,S
-1679.2,-1992.1,-2575.6,-2846.2,-2651.7,-2221.6,-1854.,-1581.,-1440.,-1378.8,-1251.3,-1151.4,-1266.8,-1415.8,-1635.,-1634.8,-1098.1,-502.2,-32.7,993.7,1796.7,1642.2,1520.2,1535.7,1092.4,749.5,931.5,967.4,730.8,415.6,79.1,-339.,-624.2,-719.,-691.4,-596.3,-452.5,-251.2,-126.2,H
-188.8,-188.8,-228.5,-232.4,-161.3,-111.6,-97.2,-61.3,-55.4,-38.3,23.4,38.,37.,-158.4,-714.3,-1345.1,-1614.4,-2086.3,-2428.4,-1804.5,-659.4,-8.4,854.8,2014.6,2197.4,1713.6,1343.6,947.4,318.7,-26.2,-116.4,-94.2,-34.9,41.5,126.9,169.6,144.,94.4,44.8,S
0.,-11.8,-23.6,-10.8,-47.4,-122.,-173.6,-200.,-224.6,-249.,-321.8,-510.7,-626.6,-683.2,-904.3,-1549.6,-2245.7,-2461.,-3708.9,-4900.5,-4367.5,-3240.8,-2590.8,-280.5,3058.3,4748.6,5279.3,5148.2,4193.3,2470.4,1167.,575.7,519.8,480.7,338.5,211.3,93.6,0.,0.,M
0.,-49.2,-147.4,-196.4,-228.3,-268.7,-297.7,-494.6,-671.,-606.2,-339.6,179.9,690.2,882.8,875.4,532.1,-604.8,-2070.7,-2735.6,-3966.,-6607.1,-8005.1,-6955.2,-5918.,-3964.2,672.,4739.2,6166.3,6208.6,5646.6,4085.4,2244.4,1019.7,636.8,449.9,133.1,0.5,-1.1,0.,H
0.,0.,-32.9,-65.8,-94.9,-104.6,-87.9,-11.,68.6,116.5,187.,237.5,84.9,-95.6,-372.5,-777.,-1108.,-1221.5,-1131.6,-857.3,-277.2,387.1,902.,1058.4,1123.,978.3,606.1,330.7,263.7,233.,183.9,232.3,253.6,208.1,158.,115.4,38.7,0.,0.,S
0.,-4.6,-9.2,-22.1,-79.,-169.4,-211.2,-283.7,-417.5,-497.5,-523.1,-525.4,-522.2,-546.4,-1047.8,-1626.1,-1730.4,-1865.6,-2139.5,-2230.2,-2641.,-3099.8,-3728.6,-3961.2,-2466.9,10.4,1389.6,2879.8,4681.1,4656.5,3648.,2975.2,2356.9,1267.,526.3,162.6,68.,34.,0.,M
0.,-38.,-112.5,-125.6,-102.2,-85.,-96.5,-35.8,-157.6,-368.8,-136.3,208.,-149.,-775.8,-933.8,-1251.5,-1556.2,-1455.2,-1763.5,-2159.8,-3895.5,-6767.2,-7253.7,-4997.2,-3390.2,-663.1,3847.6,5752.7,5168.6,4463.,3729.5,2329.7,1253.7,684.7,525.4,335.5,106.2,33.4,0.,H
-39.2,-39.2,-35.9,12.1,45.4,5.4,-23.2,-7.9,-18.2,-118.,-369.7,-547.2,-651.,-936.3,-1028.8,-804.6,-669.4,-940.3,-1552.8,-2292.5,-2683.3,-2676.,-2072.8,-368.4,1634.5,3057.1,3578.,3531.4,3059.6,2109.9,1231.6,877.8,631.2,249.4,107.9,13.4,-74.8,-28.7,17.4,M
-42.6,-86.2,-166.5,-196.1,-195.1,-201.2,-174.4,-126.6,-163.1,-304.6,-388.6,-468.9,-606.2,-671.9,-804.6,-928.6,-718.7,-634.,-781.7,-1319.1,-1834.,-2277.6,-2210.1,-1353.5,21.9,1051.8,1710.1,2142.9,1664.,1143.3,876.,571.8,164.7,52.6,31.1,18.8,-4.5,-12.6,2.6,S
0.,0.,-90.4,-253.8,-352.4,-378.,-443.5,-399.4,-299.5,-549.5,-789.8,-665.8,-282.6,-970.5,-2036.9,-2156.2,-2951.2,-4523.,-5492.,-6273.3,-6862.4,-5629.3,-3181.4,458.1,4483.2,6083.6,6180.3,5861.5,4335.7,2786.8,2348.2,1754.9,860.7,467.4,187.5,0.,0.,0.,0.,H
-457.8,-457.8,-420.1,-326.4,-246.2,-255.2,-288.4,-240.2,-117.8,-29.4,79.3,140.6,100.,126.3,138.1,-112.7,-251.4,-161.2,-582.3,-1123.1,-922.7,-600.5,-598.4,-35.8,696.2,811.3,785.,813.,580.7,342.6,203.1,14.1,-41.2,39.9,90.5,123.1,128.4,70.6,70.6,S
-376.,-376.,-466.5,-499.4,-385.2,-302.8,-277.,-236.7,-237.2,-288.,-333.9,-369.8,-551.7,-803.7,-999.1,-952.1,-779.8,-515.3,-304.2,29.3,204.7,-6.8,533.6,1348.4,1663.9,2027.1,2349.2,1698.6,968.1,604.2,62.7,-194.8,-170.7,-186.2,-240.8,-252.7,-249.6,-243.7,-237.8,M
-362.,-380.3,-407.8,-340.7,-264.4,-544.3,-874.6,-1313.5,-1409.2,-1116.4,-690.6,-35.2,737.6,810.,339.2,88.,-298.6,-799.4,-976.6,-839.5,-592.1,-809.4,-772.8,-220.4,-103.,156.6,1174.7,1943.2,1835.8,2100.4,2076.7,1287.1,436.5,87.2,-373.2,-954.6,-1074.7,-978.4,-883.,H
-275.2,-294.5,-313.8,-262.3,-156.5,-104.3,-198.9,-291.4,-406.3,-583.5,-734.1,-840.6,-863.6,-745.5,-594.9,-499.,-240.4,38.2,126.4,288.,580.8,823.4,851.4,876.1,1034.8,1022.5,743.4,527.2,355.5,-89.1,-589.,-913.8,-1011.6,-1060.5,-1089.5,-939.1,-739.8,-671.,-671.,S
-585.2,-620.4,-728.7,-801.8,-1203.4,-1794.5,-2183.8,-1873.4,-1363.2,-656.4,902.,2692.7,3681.5,3731.2,4009.7,4128.6,3755.2,3046.8,2552.2,1877.5,601.5,-476.2,-954.5,-956.4,-833.7,-595.1,-468.3,-515.4,-573.4,-605.1,-627.3,-716.,-683.4,-552.6,-595.7,-700.6,-711.1,-710.,-760.2,M
164.6,106.1,-87.7,-223.,-480.4,-909.7,-1523.3,-1951.6,-1938.2,-1473.6,-774.7,158.2,1061.8,1266.8,1102.2,977.7,831.1,577.7,511.,502.4,520.7,671.,958.,1121.6,1110.,943.6,513.2,47.9,-141.8,-249.5,-331.,-272.,-233.1,-243.5,-290.6,-463.1,-566.3,-527.6,-527.6,H
108.,79.8,75.4,70.,23.9,-43.9,-113.3,-199.2,-413.7,-774.7,-1208.8,-1604.6,-1695.1,-1318.6,-448.9,1037.6,2765.,4444.8,5966.3,6804.,7177.,7023.5,5748.5,3867.6,2203.6,455.9,-974.8,-1461.2,-1485.4,-1384.7,-1317.5,-1263.8,-1259.6,-1216.8,-1079.,-872.5,-621.,-362.8,-232.4,M
-167.8,-206.9,-246.1,-246.2,-225.2,-193.7,-157.2,-118.2,-105.2,-164.,-280.6,-392.4,-510.4,-574.4,-598.8,-571.8,-471.,-293.1,-164.6,30.7,306.9,359.9,206.1,80.2,-56.9,-292.,-341.3,-272.2,-251.8,-263.7,-238.7,-255.6,-263.3,-217.2,-176.6,-98.7,-33.5,9.,23.6,S
-62.,-181.,-579.6,-1065.4,-1271.6,-1449.4,-1494.7,-756.,720.7,1591.2,2660.,4190.7,4939.8,4795.5,4364.,4017.4,3341.8,2599.7,1989.7,1792.8,1610.,1144.3,328.4,-370.9,-537.2,-1142.9,-1775.6,-1601.3,-1330.5,-1261.,-1133.3,-958.1,-930.9,-950.7,-950.2,-993.7,-1036.5,-926.9,-818.,H
125.2,127.4,133.8,158.2,156.6,134.8,11.4,-269.4,-707.6,-1166.3,-1344.2,-1413.1,-1437.5,-1273.3,-1110.3,-1067.,-1027.5,-989.8,-1041.1,-1251.9,-1413.2,-1859.5,-2725.5,-3393.,-3267.,-2893.2,-2167.2,-837.,200.9,738.4,842.2,802.4,726.3,621.4,365.9,179.,91.4,-13.5,-30.8,S
-594.,-693.,-855.6,-971.8,-886.8,-675.,-545.7,-474.7,-405.1,-338.3,-276.5,-187.1,-77.2,0.1,31.2,88.6,96.3,-77.3,-389.1,-719.8,-1080.6,-1284.3,-1228.3,-1238.5,-901.5,64.3,868.8,1455.3,2375.9,3016.3,2913.1,2816.7,2788.2,2445.5,1981.2,1535.1,1027.1,568.4,384.2,M
-4705.6,-4515.,-3855.1,-3385.8,-2162.3,481.5,2041.,2237.1,2294.,3641.7,29758.3,34587.1,6871.2,-904.6,15168.3,1335.4,-9884.3,-24521.6,-57845.,-82778.1,-105268.,-101990.5,-59568.7,-17981.2,-9600.7,2374.7,6062.6,5136.8,4118.,2981.2,914.,-95.1,-208.3,-242.8,-303.5,-348.2,-256.6,-142.2,-103.4,H
-797.2,-1139.6,-1802.3,-2422.3,-2628.6,-2535.2,-2528.,-2462.,-2345.6,-2242.9,-2197.8,-2069.5,-1910.9,-1870.6,-1854.,-1847.4,-1913.,-1846.5,-1573.8,-1687.1,-1941.,-2111.5,-2226.4,-2121.8,-1546.2,-1019.6,-778.3,-760.9,-1276.3,-1587.,-1890.8,-2223.4,-2238.,-2087.3,-1970.,-1685.4,-1151.1,-667.4,-433.4,S
-743.6,-914.,-1224.9,-1305.4,-1245.4,-1086.2,-906.3,-838.8,-744.1,-696.2,-759.1,-851.3,-1193.9,-1963.1,-2419.,-2987.6,-3907.6,-4001.8,-3365.4,-2986.2,-2296.8,-1243.3,-718.9,-559.9,-561.2,-528.2,-147.4,244.2,405.1,522.2,418.9,38.4,-371.4,-548.7,-593.4,-540.3,-391.5,-217.5,-139.2,M
-505.,-442.5,-318.6,-185.,-12.1,88.6,182.4,301.7,383.6,460.4,480.8,451.,447.8,429.4,731.6,1078.8,1211.3,1252.7,546.9,-488.2,-1135.1,-1551.,-1877.,-1537.9,-1062.2,-1026.3,-487.9,880.,2454.7,3164.,3432.8,3332.5,2429.9,1491.5,1086.6,1225.7,1485.9,1632.9,1658.8,H
0.,0.,0.,-148.3,-407.3,-623.2,-874.9,-1021.4,-1134.2,-1421.6,-1831.6,-2374.8,-2682.6,-2744.6,-2845.2,-2902.7,-2831.,-2740.4,-2727.2,-2702.5,-2686.,-2567.7,-2454.4,-2044.2,-1048.3,168.6,1263.6,1727.4,1501.8,874.4,145.,-396.,-609.4,-484.1,-230.3,-50.9,0.,0.,0.,M
-283.6,-407.3,-638.,-856.2,-950.1,-909.9,-828.7,-753.5,-690.1,-672.4,-700.8,-693.3,-748.6,-987.9,-1099.,-869.,-478.,30.,495.6,508.2,-101.5,-754.5,-1165.6,-1284.3,-1036.2,-456.5,109.1,394.,533.5,656.8,721.,530.5,202.6,-128.1,-513.6,-786.,-785.8,-628.9,-504.6,S
-1088.6,-1055.1,-952.1,-767.,-469.6,-287.8,-1579.7,-4205.4,-2462.5,3273.5,8127.2,11729.,15081.4,14602.,3499.5,-7373.,-10334.4,-12192.1,-13840.2,-3554.8,7288.,11589.5,18599.8,20847.8,10104.4,-178.2,-8802.1,-20789.9,-23778.7,-17803.3,-12203.,-6945.9,-285.5,1261.5,1368.4,1331.6,1226.,943.7,767.,H
0.,0.,-73.3,-185.2,-223.8,-242.7,-276.6,-223.1,-127.3,-100.,-41.4,55.6,102.2,163.6,216.8,175.6,145.2,156.3,156.4,156.2,231.3,400.5,563.7,648.9,665.,636.4,513.9,362.7,247.6,189.8,170.4,157.4,148.3,132.8,132.8,107.2,40.8,0.,0.,S
0.,0.,0.,1.9,-0.7,-44.6,-101.,-86.5,-22.7,58.7,198.6,343.6,457.7,555.7,646.3,730.1,770.,742.2,761.4,937.2,1148.9,1276.4,1317.7,1343.9,1403.,1495.6,1644.2,1829.1,1855.5,1619.,1255.,887.2,560.2,324.7,156.9,36.8,0.,0.,0.,M
-929.8,-825.6,-654.6,-575.4,-521.5,-480.,-449.2,-365.6,-244.7,-136.7,-96.8,-58.6,48.6,256.,480.6,566.8,705.8,849.4,688.8,223.5,-76.6,-635.5,-1248.3,-1411.9,-1477.4,-1433.2,-1111.3,-532.7,-132.6,287.1,563.4,755.2,721.8,489.6,418.,353.4,293.3,267.7,302.2,H
-264.4,-370.6,-541.6,-683.8,-709.6,-658.,-625.2,-541.1,-451.7,-344.5,-275.4,-212.4,-190.6,-176.4,-109.5,-96.1,107.8,599.,982.2,1076.2,1090.8,860.5,441.5,267.,266.6,307.6,411.3,421.9,252.2,134.6,58.,-49.7,-114.5,-139.4,-130.6,-111.5,-70.7,-23.6,1.8,S
463.6,463.6,441.,357.,261.6,197.3,167.,156.2,171.3,198.6,181.6,163.2,155.6,97.2,-99.7,-417.6,-589.4,-885.5,-1448.6,-1736.,-1459.1,-1161.8,-493.,1136.9,3016.1,4403.3,4872.4,4854.6,4360.5,3203.7,1970.7,1418.2,1103.,548.2,170.3,-38.6,-109.2,-234.9,-360.6,M
-1463.6,-1349.2,-1234.8,-1108.8,-860.8,-644.8,-498.2,-445.6,-358.3,-211.4,-112.6,-102.7,-132.,-335.1,-644.9,-708.9,-1038.3,-1410.4,-1128.1,-912.,-1216.7,-1143.8,-832.4,-830.3,-200.1,993.1,2018.4,2478.6,2619.,2537.,2058.5,1599.8,1397.2,1261.9,977.9,735.,413.,185.2,185.2,H
-836.4,-887.9,-781.8,-624.2,-441.1,-156.5,0.4,68.1,80.4,140.4,251.7,391.8,509.5,538.4,562.8,559.3,591.4,810.1,968.8,905.,738.7,458.4,120.5,-39.6,50.2,322.2,546.3,466.6,345.,155.2,-195.4,-396.8,-358.7,-280.,-168.,39.2,238.4,324.2,306.,M
-102.2,-108.8,-115.4,-90.,-17.8,99.4,222.,274.2,359.,469.6,495.5,470.6,445.6,260.4,-199.7,-594.,-647.3,-581.2,-333.2,321.2,938.4,1202.7,1256.2,1242.8,1150.5,1033.9,927.4,858.6,799.9,664.,528.7,366.,261.4,58.9,-344.,-587.8,-598.,-564.8,-564.8,S
6.2,16.3,26.4,67.5,120.9,48.8,-162.1,-288.6,-440.6,-688.3,-805.4,-556.7,-286.6,98.2,578.4,251.7,-559.,-947.6,-1315.4,-1908.6,-1387.,119.1,878.2,2025.4,4132.9,5508.1,5726.8,5530.6,4638.5,3077.5,1887.1,1150.4,935.2,923.4,1058.1,1076.6,835.8,723.,723.,H
104.,118.8,133.6,97.1,-35.2,-289.9,-568.9,-689.,-734.1,-743.9,-640.9,-509.1,-445.,-381.5,-243.3,-90.6,105.5,223.6,339.4,486.9,485.2,382.,312.2,179.2,-93.6,-335.8,-521.5,-604.8,-646.1,-597.,-432.9,-319.,-278.8,-202.2,-122.1,-95.3,-36.,0.,0.,S
415.2,469.4,523.6,575.1,674.8,796.4,935.6,1001.4,1009.9,914.,654.3,351.4,203.8,130.,89.1,178.2,259.3,284.2,299.2,338.3,415.8,542.4,615.6,662.5,745.2,782.,796.3,809.6,766.5,563.4,230.5,-112.9,-283.4,-403.4,-502.1,-408.1,-318.,-300.6,-300.6,M
212.2,189.,40.1,-306.6,-527.6,-726.6,-1010.3,-1073.5,-817.,-582.,-385.2,60.5,515.4,714.2,707.,717.6,658.,614.2,680.9,866.7,954.6,781.2,487.8,124.2,-236.1,-410.4,-439.5,-460.,-448.2,-492.4,-539.8,-514.8,-481.7,-427.4,-307.5,-233.8,-184.7,-102.9,-70.2,H
-166.4,-187.5,-185.9,-95.9,-28.6,16.5,118.8,221.2,294.2,322.,351.5,308.4,68.8,-285.3,-472.4,-624.,-805.6,-747.1,-568.1,-477.6,-430.3,-334.6,-279.6,-226.9,-180.8,-118.9,-25.,40.7,78.,81.6,118.6,155.1,116.2,63.4,-99.5,-473.1,-861.9,-998.7,-971.8,S
313.6,358.1,402.6,447.6,548.,594.5,614.5,745.6,780.9,711.2,687.6,534.1,299.2,123.5,-88.9,-293.8,-304.5,-249.2,-150.2,31.,175.3,251.7,266.,300.5,343.,325.6,343.1,386.,367.8,391.7,490.9,558.1,568.2,595.,552.,339.1,65.2,-65.6,-65.6,M
362.2,280.9,199.6,258.7,566.8,1233.7,2234.2,2816.8,3328.,3980.,3952.4,3373.1,2962.2,2535.,1869.4,1634.9,1804.4,1970.,2161.7,2320.9,2020.7,1358.1,963.2,491.,-288.2,-725.4,-874.8,-894.,-888.,-860.6,-813.9,-764.9,-741.2,-712.4,-660.7,-588.9,-501.3,-462.6,-462.6,H
-387.2,-387.2,-289.4,-114.2,-0.8,71.3,107.4,82.3,-74.,-371.9,-671.7,-804.8,-869.,-862.1,-661.3,-438.8,-346.,-274.5,-123.,24.6,161.4,230.6,340.7,495.4,570.9,612.5,623.2,589.7,550.5,461.4,229.3,80.6,-79.7,-347.1,-477.4,-437.5,-374.4,-294.7,-215.,M
17.2,19.6,22.,10.2,-0.6,-1.7,-10.,-16.2,-0.9,7.2,-12.6,-16.,-6.8,-10.3,-12.9,3.4,17.7,16.6,23.9,17.,7.2,8.7,5.8,-19.4,-14.7,5.3,-1.1,2.4,4.8,0.6,-5.9,-2.4,1.,2.4,-0.6,-0.1,-3.5,-11.8,-11.8,S
-219.2,-121.4,-23.6,254.4,954.8,1786.8,2546.1,2895.8,2983.,3022.1,2593.8,1784.2,1354.8,1044.3,464.,222.9,240.8,230.,108.4,-165.6,-434.,-555.,-560.,-476.,-327.,-204.4,-112.2,-77.6,-40.9,35.4,120.7,195.4,224.4,245.6,307.7,359.5,304.8,239.2,239.2,H
