0.,0.,32.6,83.,100.8,137.1,203.1,195.8,173.3,187.8,-5.2,-360.3,-294.1,213.1,492.,678.,1176.2,1617.3,1567.1,1388.,1627.5,1979.,1843.8,1432.3,1268.,871.8,127.3,-402.7,-592.7,-601.,-501.7,-430.8,-383.1,-266.5,-226.,-197.9,-84.9,0.,0.,H
0.,0.,0.,0.,-23.1,-71.8,-97.4,-96.7,-51.9,88.7,504.1,823.,1499.8,2776.7,3693.4,3557.2,3104.4,2104.5,295.1,-954.6,-1296.9,-1199.,-919.3,-526.1,-406.2,-389.5,-379.2,-319.6,-199.7,-45.8,99.1,150.4,133.5,108.1,49.8,0.,0.,0.,0.,M
0.,0.,0.,0.,0.,0.,0.,203.4,577.,927.9,1355.9,1872.6,2196.,2421.6,2569.3,2367.8,1814.,1103.2,366.1,-215.8,-546.4,-694.8,-671.8,-659.4,-618.6,-505.3,-336.6,-175.6,-50.1,-7.6,-16.8,0.,0.,0.,0.,0.,0.,0.,0.,S
0.,0.,0.,51.2,102.4,136.4,188.5,259.7,313.5,314.2,406.5,531.6,465.3,315.7,265.2,158.1,-119.2,-482.3,-780.4,-885.6,-883.6,-748.,-361.7,18.1,145.2,161.3,176.7,210.6,262.6,280.,242.7,191.8,129.8,40.7,0.,0.,0.,0.,0.,M
0.,0.,0.,0.,0.,0.,0.,230.1,602.1,698.4,510.6,368.4,-38.1,-621.9,-800.8,-703.6,-604.8,-428.7,-219.,-108.,23.9,78.4,120.4,180.7,222.,292.5,340.,387.6,418.7,349.,237.2,178.6,89.3,0.,0.,0.,0.,0.,0.,S
0.,0.,0.,0.,-42.1,-99.,-90.,20.6,107.4,291.6,647.7,1002.1,1379.9,1575.2,1642.8,1710.4,1474.7,969.7,700.4,378.8,-297.9,-802.3,-1082.4,-1213.2,-1246.7,-1190.6,-1017.9,-889.5,-844.2,-698.8,-445.,-241.,-72.7,0.,0.,0.,0.,0.,0.,H
0.,0.,0.,0.,12.5,25.,87.9,220.5,332.1,339.9,305.8,222.7,358.9,1090.4,2291.2,2979.8,3567.7,4377.3,4429.2,3790.5,3321.6,2843.8,1836.1,871.2,84.3,-267.6,-478.6,-788.4,-1047.6,-1054.2,-900.4,-779.3,-540.2,-211.1,0.,0.,0.,0.,0.,H
0.,0.,0.,0.,0.,-14.4,-50.5,-92.4,-144.1,-206.6,-241.,10.1,480.,902.4,1346.3,1646.6,1456.1,962.,491.5,-34.1,-532.3,-888.2,-1038.,-971.8,-835.5,-565.6,-126.8,180.7,237.8,245.7,222.5,115.1,23.5,0.,0.,0.,0.,0.,0.,M
0.,0.,0.,0.,0.,0.,0.,11.2,25.8,31.2,66.9,141.1,169.7,250.9,493.1,763.,1013.9,1272.6,1381.3,1246.2,1040.5,782.,405.4,41.5,-219.6,-455.6,-588.4,-510.3,-350.9,-202.3,-66.2,0.,0.,0.,0.,0.,0.,0.,0.,S
661.,549.4,303.6,124.8,80.2,98.4,105.1,145.2,321.7,446.6,596.6,923.9,1195.7,1231.4,1172.6,1106.2,890.,637.,403.9,274.,169.4,-45.1,-253.1,-358.6,-366.,-392.1,-330.1,-118.,71.9,137.8,121.8,-4.6,-182.7,-60.8,128.8,400.2,933.1,1272.6,1350.6,H
814.4,814.4,842.7,782.1,605.3,467.,509.4,523.5,491.3,553.9,490.,317.2,195.8,96.7,3.4,77.5,174.4,269.3,445.7,575.9,648.4,750.3,762.1,655.8,544.3,405.5,322.8,307.4,307.5,322.7,344.,301.6,253.,255.4,303.7,413.4,517.3,557.4,557.4,M
579.,756.5,1095.6,1407.7,1552.5,1508.5,1417.5,1319.6,1180.7,998.2,771.6,454.6,124.9,-118.5,-240.8,-259.4,-145.9,59.1,296.6,554.6,765.8,907.1,1022.,1093.7,1123.7,1137.6,1081.5,929.6,748.7,576.2,457.3,436.9,485.4,553.8,603.5,566.6,448.4,320.4,248.6,S
246.6,246.6,281.4,337.6,391.7,411.1,397.8,388.5,307.8,119.2,-130.9,-263.8,-395.1,-574.,-616.7,-545.1,-478.4,-374.7,-205.9,-43.4,169.2,284.4,416.4,635.1,784.7,866.3,885.,872.2,898.4,952.2,896.2,825.4,708.1,447.6,182.3,41.7,23.2,48.4,73.6,M
546.4,515.9,485.4,477.2,454.6,475.8,574.2,637.,681.3,781.7,820.6,708.5,613.6,486.6,169.9,-104.5,-195.8,-202.4,-173.7,-61.2,65.2,177.8,247.8,300.,420.3,545.6,621.7,640.6,655.1,669.6,651.9,564.1,494.,416.4,241.,70.9,15.3,32.,32.,S
48.,-186.6,-544.,-666.8,-630.,-355.6,172.7,662.2,861.,902.5,938.6,863.2,804.4,815.6,860.3,864.,891.3,904.8,850.,828.1,822.3,812.2,774.5,763.,774.6,821.2,632.5,327.5,246.2,38.8,-209.6,-62.1,245.4,364.4,549.7,783.5,859.7,908.1,928.8,H
344.4,344.4,414.5,555.7,630.5,487.4,340.6,305.1,191.,65.7,26.7,128.5,152.9,203.2,273.9,224.6,299.,566.9,878.5,1312.9,1629.2,1798.4,2153.1,2268.4,1917.8,1637.4,1349.2,723.2,249.1,189.4,266.,319.8,439.7,580.2,714.5,774.4,768.1,784.3,806.8,H
971.,1014.8,1108.5,1149.,1041.9,944.2,900.1,825.7,801.6,852.1,896.4,901.9,956.6,1012.2,1003.8,989.,954.7,825.6,652.4,496.6,419.2,395.5,384.1,433.5,492.7,514.8,496.2,475.,405.6,286.,233.2,185.7,14.3,-224.,-467.1,-595.8,-708.6,-879.1,-936.8,M
1679.4,1869.7,2060.,1903.3,1649.8,1480.4,1387.4,1367.,1341.6,1226.4,1034.7,811.5,690.2,621.7,568.1,622.3,730.2,798.8,820.7,828.5,802.5,744.8,699.,661.,580.1,524.1,503.8,496.6,514.1,494.5,377.1,225.3,153.8,72.6,-10.1,2.8,63.,108.8,108.8,S
0.,0.,38.2,94.1,111.8,146.1,-185.3,679.1,1061.7,214.2,686.9,1730.8,1555.8,1761.4,2713.2,2187.3,1367.4,309.4,-706.5,-958.4,-826.6,-505.1,3.8,525.4,727.8,683.6,550.5,313.2,-27.8,-220.4,-465.4,-778.6,-775.7,-584.5,-464.4,-288.1,-55.9,0.,0.,H
0.,0.,-33.6,-46.7,-86.2,-137.1,-128.,-123.5,-133.1,-101.9,-32.7,-8.8,-66.9,-146.3,4.2,21.,-134.,144.2,434.4,256.,260.3,455.,496.6,709.4,964.5,1019.3,990.2,836.9,572.1,462.5,425.2,386.,306.7,170.6,61.3,4.4,0.,0.,0.,M
0.,0.,0.,0.,0.,129.7,370.3,481.2,591.,832.4,983.,1090.8,1179.6,969.1,470.4,-20.7,-415.2,-606.8,-496.,-275.2,-149.8,-159.,-183.6,-227.7,-232.8,-102.,151.5,313.2,637.5,969.4,924.,725.8,580.6,290.3,0.,0.,0.,0.,0.,S
0.,0.,0.,30.6,125.4,217.7,214.,182.2,53.1,-192.1,-405.6,-522.6,-542.2,-503.3,-449.8,-191.7,-43.4,-138.6,357.5,1095.4,1396.6,1722.8,1989.6,1785.1,1483.6,1204.5,896.1,769.8,437.7,78.,-1.1,-46.5,-40.4,59.7,79.9,0.,0.,0.,0.,M
0.,0.,0.,-164.2,-457.2,-692.4,-882.4,-966.,-922.2,-810.6,-700.4,-575.,-492.,-343.2,-110.4,47.2,174.1,227.4,167.5,-9.8,-262.6,-561.8,-725.6,-703.9,-610.5,-479.3,-479.9,-540.,-667.3,-945.2,-1029.5,-792.,-620.8,-483.7,-173.3,0.,0.,0.,0.,S
613.2,748.5,966.8,1244.,1594.7,1751.2,1768.7,1649.5,1318.2,1000.2,876.8,820.6,711.8,663.2,730.8,794.4,968.7,953.3,490.5,15.1,-187.2,-299.8,-43.5,688.,1423.4,1796.2,1817.3,1689.2,1831.5,2083.8,2044.6,2207.7,2424.6,2220.2,1894.4,1826.8,1484.3,995.1,848.4,H
-3.6,6.9,13.9,9.7,4.,-1.,-15.8,-19.4,-20.1,-26.8,-21.6,-6.2,-3.7,-5.4,5.2,4.6,-0.4,-5.2,5.8,12.4,8.2,6.8,11.8,3.8,-5.1,0.4,10.4,-1.6,0.3,16.8,9.4,-0.9,9.4,16.,10.3,18.6,14.2,9.8,9.8,H
0.,-9.1,-15.7,79.,216.6,262.,235.2,118.9,-138.6,-462.6,-618.6,-650.4,-645.8,-578.,-435.7,-324.8,-294.,-56.5,-60.5,-7.,257.2,652.4,1350.1,2255.7,2949.1,3039.4,3073.8,3025.2,2792.6,2288.2,2147.6,2050.3,1459.3,1061.7,943.6,729.4,434.,256.7,160.6,M
0.,0.,24.,48.,46.3,60.6,97.8,105.5,92.,102.9,26.,-165.,-352.7,-437.2,-578.2,-751.1,-784.,-750.6,-716.2,-613.4,-380.5,-38.6,330.6,488.,637.9,858.1,860.3,782.1,772.,738.6,756.2,768.8,622.7,515.,427.5,192.3,22.3,0.,0.,S
752.2,-262.4,-2164.5,-3723.9,-4767.5,-4607.1,-3746.2,-3090.6,-2562.9,-1990.3,-1824.7,-2076.1,-2010.3,-1855.6,-1732.6,-1447.1,-926.9,-420.5,293.,734.8,911.2,1475.8,1872.8,1712.,1463.,1283.1,785.5,45.6,-720.6,-1064.6,-1292.,-1543.5,-1173.1,-410.8,-43.,232.5,802.6,1450.8,1804.4,H
-2175.,-2251.7,-1759.7,-677.1,112.6,388.4,495.6,467.5,238.4,-45.4,-235.4,-161.3,273.1,1158.4,2325.,3633.4,4195.6,4373.5,4628.6,4626.5,4498.3,4344.8,3630.4,2036.9,179.1,-1364.,-1928.4,-1738.2,-678.8,751.8,1755.6,2198.,2472.5,2603.1,2685.9,2925.,2937.4,2970.,3002.6,M
-783.2,-783.2,-527.,119.3,611.7,842.2,970.4,1031.,1198.6,1399.2,1295.8,1098.8,808.5,200.1,42.1,827.1,1452.,2266.8,3482.6,3824.4,3053.1,2341.,1112.5,-988.3,-2775.1,-2855.,-2020.4,-1229.4,73.7,899.4,562.4,-88.2,-16.6,850.8,2880.2,5324.3,6534.8,7495.7,8456.6,S
-658.6,-2287.6,-6030.,-8143.4,-9187.6,-9049.8,-5718.9,-2148.7,-727.4,1341.2,3624.3,3366.4,3277.8,3661.6,3307.3,3175.5,3809.4,4423.1,4625.4,5066.2,5666.5,6058.9,6890.9,7490.,7511.4,7016.6,5817.7,4519.1,3903.2,3270.3,2857.9,3354.8,3106.2,2581.2,2812.5,2627.2,1479.,246.9,-253.6,M
-2860.6,-2595.3,-2160.5,-1701.8,-1412.6,-1193.4,-1056.4,-1394.1,-2445.9,-3242.2,-3674.5,-3736.1,-2852.3,-1317.4,-295.6,419.1,1101.6,767.1,146.2,-172.4,-203.9,166.2,1814.9,4091.6,5121.2,5783.1,6762.8,7037.4,7141.1,7288.,7039.,5544.5,2611.1,-305.2,-1533.6,-2103.6,-1323.6,2066.9,4107.4,S
3930.8,4062.9,5156.9,7356.9,9156.2,8807.3,8801.8,9375.4,8553.5,7641.1,7995.8,7867.4,6748.1,6487.3,6276.1,6145.9,6180.8,6533.6,6573.7,5717.1,4362.1,3725.6,2746.4,1327.3,1587.1,2152.8,2018.8,1377.6,1011.4,5.5,-981.5,-862.2,-804.8,-822.7,226.5,2269.4,3187.8,4857.3,6526.8,H
358.2,54.5,-571.5,-1017.5,-779.8,-418.4,-37.2,604.4,836.6,836.1,863.8,912.4,1331.7,2003.,2245.2,2186.8,2211.8,2035.1,1763.4,1832.3,1971.2,2191.1,2664.6,3160.1,3453.1,3504.2,3486.7,3276.3,2777.1,2434.1,2397.4,2109.3,1732.4,2132.1,3353.1,4085.6,4756.2,6121.6,6816.4,H
-5569.4,-6050.6,-6531.8,-6231.4,-4764.3,-2594.7,-886.6,-181.4,359.8,1320.3,2275.4,3427.6,4044.,4433.3,5104.,5522.,5496.7,5334.8,5268.4,5056.9,4865.,4550.6,4283.,3220.3,1089.1,-859.5,-1906.9,-2074.2,-1429.8,-395.6,-125.4,-883.3,-1521.6,-2290.6,-3407.,-3508.1,-2542.8,-1823.8,-1823.8,M
-3574.,-3310.2,-2617.6,-1646.8,-686.1,-267.4,-112.5,78.3,227.6,607.,873.,1358.9,2381.5,3265.,3874.7,4137.6,4182.9,3949.6,2972.4,1661.3,1048.8,728.2,395.4,1000.3,1929.1,2240.8,2059.2,1514.2,483.3,-726.3,-1268.4,-1343.,-1318.3,-1052.2,-416.3,52.8,387.6,676.7,631.,S
14.,14.5,9.5,1.8,-0.4,-10.7,-20.1,-5.9,8.2,9.,9.5,7.7,-2.6,-14.2,-17.8,-14.,-0.2,1.4,2.,11.,15.4,4.9,4.9,23.3,26.8,19.3,13.3,-1.8,-12.9,-7.4,-11.3,-17.4,-5.6,-6.4,-21.2,-15.2,-2.7,0.1,-3.6,H
179.6,217.4,267.3,299.4,311.2,303.,302.6,291.4,176.7,-114.1,-301.,-358.2,-779.5,-1105.5,-964.,-860.6,-800.1,-802.3,-433.5,22.6,47.2,107.4,603.3,659.7,300.1,319.8,271.1,187.7,135.7,143.4,168.4,103.2,41.6,11.,-83.,-142.8,-159.1,-160.7,-146.,M
40.6,42.5,74.4,104.4,104.1,3.3,-166.5,-305.3,-374.8,-454.7,-486.4,-386.9,-304.5,-260.6,-167.6,-109.8,-82.9,-105.9,-191.,-109.9,50.7,126.6,252.4,369.,444.2,541.9,533.2,502.9,511.3,349.7,148.8,147.7,208.4,210.9,183.4,180.4,135.5,26.8,-40.,S
-131.6,-165.6,-248.8,-312.,-367.8,-352.2,-279.9,-234.,-237.7,-364.1,-575.8,-796.4,-977.,-1164.,-1306.2,-1241.5,-1228.,-1123.4,-1037.5,-1110.2,-737.3,-296.2,104.3,649.4,1127.6,1128.6,1052.1,766.9,285.6,32.2,-334.3,-622.1,-825.3,-838.2,-665.9,-476.1,-318.3,-117.1,0.,M
0.,0.,0.,0.,0.,0.,-66.1,-175.1,-275.9,-389.3,-444.8,-395.3,-383.7,-488.9,-646.9,-737.6,-701.3,-624.9,-555.2,-513.6,-501.6,-503.,-467.4,-254.2,55.8,189.6,183.,181.1,85.7,-14.,-13.6,-25.3,-38.,-19.5,0.,0.,0.,0.,0.,S
0.,0.,0.,-18.3,-89.9,-186.6,-337.9,-445.8,-547.4,-728.2,-771.1,-571.8,-408.8,-186.,161.,45.6,-9.1,175.8,-506.8,-1386.2,-1008.3,-1136.1,-1838.6,-869.1,533.2,1049.,1720.,2308.,2019.3,1506.7,865.6,277.5,106.6,5.5,-99.4,-97.,-45.4,0.,0.,H
562.8,561.4,503.5,423.3,346.4,250.6,97.2,-91.3,-99.1,-29.2,-16.7,-66.9,-173.2,-504.2,-791.6,-906.8,-1059.8,-965.1,-522.1,-211.6,-276.4,-137.7,151.3,163.5,90.2,-38.6,-364.3,-612.8,-390.3,-116.2,562.1,1672.,2276.5,2335.4,2221.4,2015.,1537.3,1059.1,852.2,H
0.,0.,0.,65.8,166.7,257.5,330.,383.6,298.8,494.7,647.1,221.4,-76.,77.7,-334.8,-539.4,-184.8,-228.6,-102.4,237.1,282.4,429.1,743.8,750.7,795.2,794.3,786.6,817.4,620.7,430.1,353.7,213.3,155.4,84.3,6.6,0.,0.,0.,0.,M
0.,0.,39.4,138.3,219.4,241.,249.8,257.1,223.4,167.6,144.,86.9,85.5,64.4,-65.8,-119.2,-119.7,-203.7,-238.9,-29.9,130.8,221.7,391.5,488.1,447.2,388.6,386.6,321.8,265.6,262.9,253.6,213.5,147.2,97.9,37.4,0.,0.,0.,0.,S
694.8,694.8,887.7,1261.8,1239.1,615.,194.8,-207.8,-902.4,-1296.2,-1241.1,-1120.9,-947.9,-698.1,-538.9,-352.5,-248.5,-148.8,90.2,439.1,759.,906.,1065.1,1301.4,1541.2,1920.5,2137.2,2152.6,2006.1,1514.9,802.2,418.8,163.9,-83.9,-50.6,-1.9,20.6,38.,55.4,H
-1026.4,-982.8,-472.8,229.8,632.1,798.2,984.3,1410.2,1850.8,2150.6,2249.6,1551.4,-365.1,-2732.5,-4731.9,-5582.2,-5408.7,-4479.1,-3017.2,-1820.6,-1329.8,-1088.6,-641.3,-108.2,884.7,1550.6,2223.5,3431.9,4210.6,3590.2,2726.6,1584.3,-529.4,-2213.4,-2711.4,-2496.8,-1863.6,-816.5,-402.6,M
0.,0.,-608.,-1540.,-1976.3,-2028.3,-1968.,-1238.7,-79.6,439.9,271.2,12.8,-414.8,-1208.3,-1735.2,-1791.3,-1686.4,-1247.1,-245.5,502.3,533.1,378.4,84.5,-580.,-996.1,-735.8,-430.,-240.5,28.7,150.3,202.7,213.2,294.8,365.1,355.5,288.8,220.4,110.2,0.,S
0.,-214.3,-595.8,-869.6,-1115.1,-1254.,-1403.8,-1978.8,-2764.2,-3382.7,-3641.,-3714.,-3575.4,-3453.6,-3695.1,-3846.8,-3840.9,-3921.9,-3829.9,-3074.,-2497.,-1722.2,85.7,1898.8,2402.4,2126.,1402.6,-69.3,-1389.9,-1759.4,-1556.8,-1188.,-651.8,-314.6,-99.1,-53.4,-42.4,-15.7,0.,M
0.,0.,0.,-337.2,-674.4,-1033.4,-1700.2,-2277.7,-2483.6,-2419.8,-2362.1,-2283.1,-2254.4,-2132.1,-2017.2,-1666.5,-742.3,107.,549.2,715.6,585.1,167.6,-184.1,-265.1,-281.4,-211.2,-91.,107.7,411.8,567.2,578.1,539.,391.5,147.,0.,0.,0.,0.,0.,S
0.,0.,0.,-92.6,-212.,-288.2,-337.6,-385.3,-450.9,-681.8,-1081.9,-1269.,-1435.1,-1722.8,-1791.5,-1796.6,-1854.6,-2228.4,-2768.3,-2964.,-1671.2,-348.8,1269.8,4100.5,5971.6,5926.7,5222.8,4412.6,3038.9,2190.5,1751.2,1596.8,1376.,904.8,496.8,169.6,0.,0.,0.,H
0.,0.,-34.8,-201.8,-514.7,-775.9,-856.4,-909.9,-859.1,-610.1,-772.9,-1080.4,-1562.1,-2723.3,-4507.2,-6359.8,-7108.,-6882.2,-6018.9,-4360.5,-2135.2,-930.8,-132.,1474.3,3732.1,6037.7,6893.,7199.6,7409.4,6547.8,5317.8,4852.6,4284.9,3076.4,1869.6,845.3,387.,193.5,0.,H
0.,0.,0.,303.,943.4,1636.6,2382.8,3138.1,3310.8,2716.4,2027.8,1521.9,1196.9,1293.3,1874.4,2421.1,2498.9,2264.4,2033.3,1777.4,1743.6,2165.8,2420.9,2186.4,1876.7,1429.8,859.4,721.5,974.2,1292.4,1417.7,1247.8,934.8,575.6,195.9,0.,0.,0.,0.,M
0.,0.,0.,0.,0.,139.5,410.9,668.9,922.9,1154.9,1041.6,-110.1,-1700.1,-2487.,-2757.6,-3200.9,-3255.3,-2513.,-1403.2,-67.2,1815.7,4148.9,5805.8,5960.5,5138.5,4059.1,2930.6,1449.7,-47.3,-796.2,-1182.6,-1452.6,-1038.9,-273.5,0.,0.,0.,0.,0.,S
-3373.,-3232.8,-2837.,-2374.3,-2167.2,-1924.2,-1436.,-1028.2,-672.2,-478.8,-252.,110.8,303.9,89.4,-182.2,-759.6,-1788.7,-2499.1,-2525.7,-2293.6,-1739.2,-777.1,36.3,308.6,175.2,72.9,25.1,-38.5,-61.1,34.4,91.4,152.6,185.7,458.4,702.2,850.6,1092.6,1299.2,1412.2,H
617.8,505.4,393.,254.3,-270.6,-759.3,-793.9,-725.4,-586.1,-355.,-145.3,56.1,-44.2,-228.6,-428.2,-990.2,-1587.,-1519.2,-1217.,-721.8,541.1,2071.7,3220.4,3606.2,3650.6,3313.7,2051.2,665.8,-186.5,-1063.6,-1876.9,-2042.4,-1923.6,-1745.1,-1367.8,-948.4,-533.5,-339.2,-339.2,M
1205.8,924.3,179.1,-685.1,-1085.6,-1438.5,-1912.2,-1938.2,-1689.8,-1536.2,-1405.9,-1241.9,-1255.2,-1290.2,-1278.2,-1222.6,-1017.4,-603.3,-246.6,-154.4,-105.6,65.,312.6,880.7,1323.,1893.2,2782.5,2939.6,2110.7,1443.8,704.1,-611.5,-1342.3,-1299.1,-1101.,-864.5,-384.3,158.8,458.2,S
-173.4,-172.2,-56.,59.,211.3,465.3,542.1,321.5,125.8,-218.9,-902.3,-1769.6,-2629.1,-2960.,-3034.8,-2907.3,-1915.5,-312.4,501.2,959.9,1694.3,1658.5,962.1,577.2,568.5,483.8,698.9,1146.1,1302.2,1363.6,1527.4,1604.6,1418.9,1258.4,736.4,-18.5,-443.,-647.3,-660.,M
-309.2,-309.2,-382.3,-487.1,-529.7,-411.8,-283.,-243.7,-229.5,-252.1,-442.,-634.4,-999.1,-1663.7,-2327.3,-2898.5,-3106.,-3146.5,-3273.3,-3535.2,-3598.5,-3486.2,-3192.6,-2430.1,-1252.5,152.9,849.6,1080.1,1300.6,1218.6,888.7,630.8,606.7,582.9,494.2,279.8,154.4,93.4,32.4,S
-1739.8,-1969.1,-2198.4,-2118.3,-1981.5,-1971.1,-1904.5,-1791.6,-1889.8,-2093.9,-2322.4,-2545.3,-2645.6,-2436.,-1886.4,-1107.6,-512.5,-356.2,-314.6,535.3,379.,-504.2,-422.8,-271.1,-1070.,-1656.9,-1991.2,-2689.2,-2729.,-2509.7,-1599.8,-95.3,758.4,1053.8,1679.2,2019.,1843.8,1658.8,1658.8,H
345.6,353.8,309.1,432.8,609.4,619.9,597.5,134.8,-832.3,-1369.6,-1683.2,-2241.4,-2303.5,-2054.3,-1987.6,-1904.,-1657.6,-1223.1,-700.9,-450.4,-121.8,343.2,736.6,465.8,-62.,-1548.9,-3619.5,-4590.4,-4384.8,-3792.,-2471.6,-522.3,217.3,219.2,110.4,57.7,-160.6,-398.6,-471.,H
294.8,394.1,589.9,686.4,736.7,824.8,895.5,1010.9,1093.4,1196.,1328.5,1336.5,1296.3,1278.,1199.9,1137.,959.7,347.9,-71.4,-589.3,-1958.1,-2999.2,-3751.4,-4313.4,-4813.7,-4787.3,-4064.5,-2961.,-2053.6,-959.8,274.,432.,352.2,254.4,24.8,-245.4,-209.9,42.5,218.8,M
0.,253.2,720.,1040.2,1146.8,994.7,366.8,-451.9,-1013.8,-1232.8,-1173.3,-902.1,-637.2,-806.5,-1029.,-1383.8,-1880.6,-1888.3,-1008.2,-262.4,544.2,1771.6,2208.7,1907.8,1590.6,1335.3,677.5,-109.4,-951.4,-1409.,-2346.8,-3874.2,-4117.8,-3407.9,-3044.,-2210.1,-652.,36.1,0.,S
-68.6,-68.6,-45.4,63.2,109.7,80.5,90.2,-69.2,-373.8,-562.4,-169.2,267.4,534.,691.8,653.8,132.2,-460.2,-761.5,-1132.4,-1456.2,-2046.8,-2383.2,-4062.1,-7167.2,-9345.4,-9674.8,-9252.2,-6687.2,-1833.,1830.3,3598.7,3993.,3461.5,2392.4,1555.3,958.8,661.8,478.1,294.4,H
0.,0.,-6.1,-12.2,-112.,-314.6,-596.3,-769.1,-855.2,-966.7,-848.2,-380.,-49.6,131.8,657.9,1084.2,965.9,492.2,129.2,-1224.8,-4345.3,-6755.1,-7035.4,-6428.8,-4271.2,-320.4,2759.4,3713.2,3773.8,3289.9,2587.9,2253.9,2077.4,1684.,1049.5,579.,174.8,0.,0.,M
-95.2,-95.2,-100.1,-76.8,-41.9,-28.1,-21.,-71.6,-236.9,-494.4,-602.4,-567.6,-434.5,-32.2,466.7,584.2,472.,233.8,-495.6,-1539.3,-2439.6,-2787.4,-3197.1,-3120.8,-1842.3,-357.1,335.6,1091.7,1781.7,1549.6,1195.4,1007.2,890.,665.6,396.5,190.1,145.6,77.,8.4,S
0.,0.,-45.9,-103.5,-115.2,-159.2,-376.,-522.4,-495.2,-494.4,-276.4,355.4,989.8,974.7,739.,395.5,-449.3,-1570.6,-2679.4,-4131.2,-4924.7,-4640.7,-3226.5,-692.8,1504.2,2839.6,3657.1,3506.4,2621.4,2332.2,2188.2,1800.9,1272.6,778.2,568.8,340.4,56.,0.,0.,M
0.,-106.6,-213.2,-268.7,-432.2,-650.6,-765.2,-769.4,-843.1,-885.3,-784.,-649.9,-556.6,-398.4,-384.4,-661.7,-1004.6,-1632.4,-2079.4,-2406.7,-2854.,-2399.9,-522.7,780.4,1816.9,3449.9,3913.2,3062.7,2345.4,1970.8,1414.6,1212.3,1023.8,856.,713.1,478.,192.9,0.,0.,S
0.,0.,-198.6,-518.1,-914.6,-1190.2,-1315.1,-947.7,483.2,1922.1,2422.4,2884.5,3414.6,2676.3,1504.,1138.,611.8,-760.4,-2700.2,-4919.4,-6044.8,-6705.2,-6755.8,-4346.2,-943.6,659.2,1823.,2892.1,2281.9,1657.6,1548.8,1337.1,1094.6,861.9,432.7,205.4,102.7,0.,0.,H
0.,0.,-135.4,-309.3,-392.2,-436.6,-354.7,-245.2,-233.2,-193.8,-138.8,-737.7,-425.3,608.5,920.9,1110.8,1870.6,1321.3,-420.5,-2046.2,-3239.2,-5238.1,-8225.3,-8903.1,-6432.7,-4272.8,-1381.1,3478.9,5505.9,4485.7,3406.8,2221.2,561.2,81.9,-11.5,-100.,-50.,0.,0.,H
0.,0.,-52.2,-122.4,-190.7,-241.,-263.5,-265.9,-234.3,-108.2,6.4,27.,91.5,351.4,665.5,763.6,688.,272.5,-813.,-2419.1,-3279.6,-3982.8,-5222.4,-5689.1,-4378.,-3136.6,-1305.1,2155.3,4822.8,5527.2,5193.,4210.3,2463.2,1126.6,345.3,136.2,68.1,0.,0.,M
0.,0.,0.,0.,-230.1,-647.4,-1014.9,-1327.6,-1460.,-1303.5,-985.2,-625.4,-216.9,-6.4,155.,437.2,454.3,-135.1,-620.8,-1592.6,-3707.7,-4506.2,-2742.4,-1323.4,-57.9,2369.8,3526.2,2708.6,1896.8,1729.6,1448.1,1080.8,628.2,428.6,214.3,0.,0.,0.,0.,S
691.2,691.2,405.5,5.2,-312.2,-495.2,-475.4,-320.2,25.8,-90.7,-657.1,-916.2,-1292.2,-1821.4,-1999.5,-1553.7,-1083.,-1014.8,-770.4,-145.3,153.,2.4,154.7,-191.,-530.7,-471.2,-570.,-120.7,675.9,1054.3,1035.3,985.2,772.4,491.7,363.6,368.3,433.2,353.,272.8,H
499.2,435.6,372.,246.7,-19.1,-209.7,-385.,-510.2,-504.1,-488.8,-582.2,-640.,-595.2,-633.9,-636.2,-502.2,-684.6,-964.6,-1016.6,-1176.,-1317.6,-899.,-446.2,-285.6,31.9,370.,526.7,502.2,552.4,616.5,586.4,412.9,283.4,388.,489.2,548.3,674.7,738.6,738.6,M
-108.6,-110.3,-103.5,-95.,-89.,2.,131.2,188.3,201.2,189.9,91.1,-92.8,-456.5,-723.8,-975.7,-1385.5,-1401.2,-1011.6,-725.9,-307.3,426.1,793.4,807.6,799.3,721.8,587.5,502.5,482.6,468.5,408.4,357.8,372.9,392.6,413.4,409.8,208.9,-153.3,-339.,-339.,S
-227.4,-130.3,2.1,37.4,9.7,-48.,-52.1,-102.2,-178.2,-248.1,-512.6,-1109.1,-1538.8,-1566.6,-1638.4,-1494.,-910.1,-301.4,-60.4,344.,948.5,1296.3,1326.8,1209.6,1064.8,584.6,133.2,330.2,643.2,816.9,1360.4,1787.7,1493.1,1141.,805.6,275.4,83.8,110.2,133.4,M
256.2,353.2,591.1,840.3,1013.,979.,829.1,691.7,281.1,-108.,-312.6,-862.3,-1543.6,-1660.7,-1900.8,-2155.4,-1481.8,-823.,-802.5,-512.6,-69.2,-181.4,-468.2,-289.8,14.6,-294.7,-706.,-659.2,-536.2,-562.,-383.5,-116.,6.9,-26.2,-93.2,-22.4,85.2,198.5,275.,H
-153.2,-16.9,463.5,1096.8,1386.,1606.4,1875.9,1846.3,1864.5,1961.4,1747.8,1648.7,1619.5,1101.5,727.2,832.5,513.5,260.7,360.4,288.6,335.9,417.2,217.3,107.4,231.4,246.2,563.6,991.4,1315.1,1513.6,1388.6,1204.3,1071.6,870.4,742.6,786.8,716.1,597.3,593.4,H
794.4,879.1,904.7,845.6,797.6,615.6,287.4,57.4,21.6,108.1,234.5,223.7,108.3,43.6,-329.2,-827.1,-1032.5,-1001.5,-890.2,-882.1,-803.5,-732.8,-793.5,-854.4,-640.4,-448.8,-467.1,-557.8,-652.6,-563.4,-407.5,-160.5,247.2,474.6,415.,407.6,489.1,445.3,372.2,M
177.6,56.5,-238.9,-518.4,-784.,-944.4,-1002.5,-1075.5,-1113.6,-1070.5,-1074.3,-983.3,-757.9,-499.9,-138.6,99.1,348.,913.7,1403.2,1313.3,1093.2,886.8,490.4,279.7,505.5,752.,868.5,909.5,915.4,864.7,760.2,750.2,690.9,449.6,160.5,63.4,-173.9,-582.,-752.8,S
-100.,-147.5,-267.9,-356.7,-417.7,-463.1,-455.5,-414.2,-501.8,-733.2,-1052.9,-1309.7,-1357.2,-1231.3,-883.3,-270.5,220.1,532.3,827.,1037.9,1154.1,1143.6,991.5,631.2,244.5,-106.8,-288.9,-348.8,-307.7,-235.5,-232.5,-262.7,-380.6,-381.2,-335.6,-425.5,-451.6,-270.4,-132.2,S
-136.,-142.6,-149.2,-142.4,-193.1,-240.4,-234.7,-239.2,-294.3,-482.2,-979.3,-1618.5,-1893.4,-2422.6,-3370.,-3157.7,235.9,2999.,5236.7,4205.,-962.2,-5709.8,-8559.6,-10352.5,-8513.1,-3034.5,-554.4,79.4,397.3,1158.6,1603.4,1594.9,1585.,1594.3,1497.7,1257.5,933.6,744.,744.,H
-501.8,-613.1,-804.5,-994.3,-1089.6,-1031.3,-990.8,-1005.,-1012.4,-1019.2,-1109.3,-1282.2,-1648.7,-2197.,-2834.5,-3532.2,-3983.7,-4088.9,-3804.,-3348.9,-2823.9,-2149.3,-1375.1,-268.8,899.7,1752.8,2304.1,2643.7,2475.4,2289.9,2527.5,2605.7,2501.1,2238.9,1673.7,991.7,506.9,175.,13.,M
-211.6,-264.7,-381.7,-445.6,-521.7,-607.,-579.,-517.4,-493.,-513.3,-668.3,-992.5,-1235.4,-1288.8,-1716.,-3541.9,-1839.7,3842.9,6424.6,5704.,3318.7,-3218.5,-11091.6,-14092.2,-12967.7,-8253.,-2010.,1789.,2935.2,3718.7,4636.,4553.9,4025.8,3713.6,3324.8,2716.3,2326.2,2143.8,2131.8,S
-970.8,-1079.5,-1171.1,-1215.4,-1276.8,-1243.6,-1321.2,-1736.,-2441.9,-2843.8,-3671.1,-4641.5,-3953.8,-2425.7,-1728.4,-1306.,-609.6,-1048.9,-2048.2,-2334.2,-2807.,-3896.6,-5064.2,-5943.6,-6272.2,-5786.7,-5187.1,-4816.5,-4440.9,-4321.8,-4142.5,-3393.3,-1903.1,-333.4,316.,976.5,1977.2,2180.8,2044.2,M
-1801.6,-1801.6,-1765.1,-1723.5,-1648.6,-1594.1,-1609.4,-1615.,-1678.3,-1956.3,-2321.,-2465.4,-2769.5,-3136.1,-3190.7,-3374.3,-3565.8,-3786.,-3992.8,-3445.2,-2414.8,-1918.6,-1554.1,-1426.9,-2204.,-2747.1,-2750.4,-2340.4,-750.4,1134.6,2129.1,2418.6,2476.6,1916.,1016.8,544.,351.8,229.1,106.4,S
-1364.6,-1625.1,-2150.1,-2247.4,-2080.2,-1982.2,-1822.7,-1677.1,-1544.3,-1495.6,-1411.6,-1223.1,-1035.,-1048.8,-1146.2,-818.,533.9,2356.,3614.9,4075.4,5188.,9665.,14098.2,15439.9,15712.8,6185.4,-9627.5,-18777.,-22143.5,-22646.,-13867.,-3120.4,-90.5,795.,618.2,73.4,-447.1,-391.5,-360.2,H
-519.2,-660.8,-928.5,-1163.3,-1248.6,-1175.8,-1110.3,-1206.5,-1569.3,-2827.9,-998.6,18696.6,44350.5,58966.2,70922.3,75788.6,55321.2,23366.3,-5577.5,-38874.5,-66715.6,-76778.4,-72524.2,-57825.8,-34616.1,-13069.5,-1588.9,1267.,1953.3,1929.7,1992.1,1766.3,1455.6,1154.8,973.,808.1,600.3,465.8,391.6,H
604.6,604.6,110.2,-730.3,-1299.6,-2397.3,-3271.8,-3488.5,-3246.1,-2820.7,-2220.5,-1586.6,11.7,4498.8,16872.4,30053.8,33750.4,34440.5,31831.9,17445.6,-638.,-7634.,-11491.9,-20575.2,-25661.5,-22305.8,-19089.2,-16858.3,-8800.5,-1291.3,1052.8,1714.6,1654.1,1498.9,1716.3,1616.4,1204.4,1135.4,1066.4,M
-1288.4,-1457.6,-1299.8,-588.2,-203.6,-448.8,-826.1,-1046.9,-1260.9,324.8,2721.8,3215.4,1323.4,-376.2,-3518.6,-7220.7,-7445.6,-5394.9,-3679.,-2375.9,-732.2,-887.3,-237.8,3123.1,5467.1,5696.4,4437.7,1102.3,-3759.4,-6645.4,-7490.4,-6539.,-3881.8,-2386.6,-1752.2,-1326.5,-708.6,-414.,-311.6,S
-190.4,-190.4,-227.9,-299.9,-352.4,-310.5,-250.6,-229.7,-169.6,-89.,21.,89.6,123.2,181.1,146.,53.3,20.,-191.1,-295.7,-144.3,-38.4,22.6,91.1,-329.5,-1195.8,-1945.6,-2318.2,-2356.3,-2009.7,-1176.1,-148.9,429.4,814.5,1322.2,1364.2,1016.9,750.2,528.8,307.4,H
125.,125.,171.7,269.2,343.6,396.2,425.2,351.4,64.4,-382.2,-843.4,-1071.2,-1184.4,-1246.7,-1176.9,-1181.7,-1205.4,-1279.9,-1426.6,-1403.,-1128.9,-950.6,-723.2,-352.4,-189.1,-228.6,-288.,-411.9,-590.7,-598.3,-383.7,-216.4,85.,648.2,906.8,808.5,713.4,523.3,333.2,M
-158.,-222.1,-286.2,-313.3,-385.1,-382.8,-300.,-264.2,-265.,-206.,-128.7,-160.4,-209.6,-471.9,-1113.8,-1803.9,-2277.4,-2440.4,-2209.3,-1522.1,-603.5,189.7,520.4,654.2,756.1,642.,444.8,405.6,406.7,308.7,254.9,255.9,211.6,151.9,131.6,70.4,38.9,32.2,32.2,S
-718.2,-648.,-537.9,-498.,-445.1,-352.1,-259.8,-146.1,-84.6,4.8,41.8,-19.9,-19.4,-9.6,-187.7,-462.,-689.7,-942.5,-1063.8,-912.1,-482.9,42.8,505.9,720.8,796.9,840.,810.1,770.2,727.2,648.9,506.,353.6,223.6,181.4,118.4,-86.8,-415.,-826.6,-1052.2,M
173.4,173.4,35.,-276.2,-609.,-826.8,-884.6,-821.1,-681.4,-545.,-470.1,-455.4,-396.6,-326.7,-133.3,195.4,341.8,409.6,574.9,510.5,158.6,-31.4,-335.,-924.8,-1341.6,-1345.4,-1218.6,-925.5,-294.,347.6,751.5,852.2,910.5,975.9,987.7,1019.,1045.6,917.1,788.6,S
-1164.4,-1091.5,-946.5,-874.4,-745.9,-543.6,-327.3,-83.5,17.8,301.5,-311.,-1428.3,-1919.1,-2188.8,-2493.8,-1747.5,-447.7,100.4,400.,709.4,1378.6,2411.1,3965.2,4846.6,5248.7,5602.2,5077.1,3841.2,3081.8,2523.4,1660.7,1306.8,1248.6,1240.,1344.,1512.2,1521.5,1314.5,1162.4,H
468.6,461.7,427.5,400.2,315.1,116.4,-198.3,-509.,-618.6,-603.9,-510.4,-293.9,-260.6,-365.,-598.2,-1318.8,-1724.7,-1789.3,-1935.4,-1535.1,-483.1,297.2,1232.6,2039.4,2260.7,2816.9,3227.5,3017.4,2731.6,2478.1,1853.9,1403.6,1418.6,1513.2,1676.3,1972.8,2144.9,2061.8,1940.,H
134.4,192.5,285.4,337.1,354.,369.6,272.3,-113.9,-661.5,-935.8,-1198.7,-1482.8,-1393.8,-1056.6,-829.6,-883.8,-996.9,-1165.8,-1372.,-1468.2,-1308.1,-869.8,-49.1,932.8,1372.2,1737.5,2013.6,1453.7,511.9,40.8,-301.4,-631.9,-396.9,-32.7,92.2,16.2,-190.5,-463.,-588.8,M
-498.,-401.9,-305.8,-218.9,-63.4,76.4,182.6,217.6,224.4,246.5,273.8,273.2,260.6,179.5,-123.4,-550.,-736.9,-719.,-705.9,-456.1,82.,583.5,783.6,1144.8,1777.5,2207.5,2332.5,2299.,2117.4,1723.1,1296.7,909.5,736.,640.5,453.3,188.4,-223.1,-461.4,-461.4,S
-627.2,-591.9,-556.6,-556.8,-560.,-558.9,-516.7,-478.6,-419.2,-282.8,-75.6,142.2,229.8,333.8,489.8,567.,706.3,820.4,915.9,1129.5,1286.2,1245.2,1165.6,1084.5,966.7,837.8,552.,358.4,246.9,92.7,144.1,498.1,758.,859.4,943.9,843.4,645.2,530.6,530.6,H
72.2,113.3,219.5,322.8,361.,405.7,465.,400.2,165.7,10.6,-171.6,-625.,-1046.3,-1191.5,-1186.6,-1094.3,-740.3,-190.2,309.6,521.,705.4,1020.8,1200.4,1261.2,1273.4,1251.9,1174.9,993.5,735.5,603.4,422.4,98.9,-77.5,-107.3,-103.2,-53.6,23.3,67.9,85.2,M
-261.,-350.5,-516.8,-671.6,-674.4,-599.2,-560.5,-468.1,-386.5,-373.2,-387.8,-385.3,-335.8,-169.2,40.2,130.,122.1,12.,-226.6,-429.4,-495.8,-489.,-456.2,-406.4,-349.3,-316.,-268.7,-178.3,-70.4,18.1,41.8,52.,106.7,117.4,73.1,62.6,54.5,11.1,-24.2,S
130.8,26.3,-260.,-441.8,-615.1,-931.4,-1098.2,-1011.7,-901.4,-764.3,-450.8,-114.1,196.7,347.2,463.7,659.8,817.5,955.,1014.4,1072.6,1174.9,1248.9,1162.9,1047.,863.5,493.6,135.8,-56.7,-77.8,-65.7,-29.,11.5,38.8,50.2,79.9,144.9,250.7,349.3,377.4,M
0.,16.9,67.7,185.6,269.6,356.2,525.5,665.5,738.1,753.4,721.6,549.,262.6,-0.7,-118.4,-114.9,133.9,732.6,1410.,1734.,1898.7,2126.2,2134.6,2013.5,1946.8,1884.4,1672.,1386.2,1115.,979.6,928.3,853.3,700.5,467.9,364.4,255.1,52.6,-20.3,0.,S
-624.2,-572.3,-428.4,-181.8,-27.2,348.,1343.4,2830.5,4755.7,5814.,6632.2,7896.1,8393.,8150.,7855.8,7456.8,6709.8,5960.5,5187.1,4815.,4480.9,3807.7,3191.8,2575.8,2236.6,1854.,1068.6,316.,-183.5,-333.2,-429.6,-567.2,-634.9,-764.1,-866.8,-937.6,-1030.3,-1027.,-1001.8,H
12.6,18.2,5.3,-13.2,-8.6,-1.3,0.9,-6.4,-13.2,0.4,5.5,-4.9,7.1,21.,10.3,-3.2,-1.4,-7.9,-19.,-12.4,-3.6,-2.9,-4.7,-5.,3.4,14.6,14.4,12.4,13.4,-3.9,-17.4,-7.9,-13.3,-24.4,-9.3,3.9,-0.2,12.5,27.4,H
36.,36.,67.9,122.8,184.,131.,39.8,-109.4,-440.5,-869.3,-1247.7,-1379.2,-1378.5,-1269.3,-965.8,-523.8,-276.8,-58.1,326.9,571.8,698.3,746.2,780.,866.7,1012.2,1135.4,1166.,1110.8,908.7,595.6,286.8,144.2,70.8,-4.1,10.4,39.,51.1,70.4,90.2,M
208.,224.6,153.7,-118.,-302.2,-486.9,-806.9,-1006.6,-1060.6,-1050.2,-1030.8,-1026.8,-966.6,-777.1,-663.2,-532.3,-214.2,112.5,390.4,528.8,619.8,758.8,694.1,345.4,109.4,-146.6,-636.1,-985.2,-1086.6,-1072.4,-1020.4,-941.1,-864.4,-791.6,-768.2,-704.5,-573.7,-451.7,-396.8,S
