0.,0.,0.,0.,-9.2,-26.8,-26.9,-14.3,-10.,34.,154.4,310.9,421.3,451.6,414.5,219.6,-74.3,-356.7,-503.,-620.1,-720.9,-702.8,-619.,-537.,-436.2,-264.7,-164.2,-132.7,-131.,-103.2,-72.6,-53.7,-9.6,18.4,9.2,0.,0.,0.,0.,S
0.,0.,0.,0.,0.,0.,0.,-91.3,-305.5,-527.9,-739.9,-852.4,-883.8,-1021.5,-1172.8,-1337.8,-1457.8,-1454.4,-1311.,-1008.9,-602.1,-357.4,-229.9,133.3,522.8,813.6,950.6,1048.5,999.9,682.,361.4,212.2,106.1,0.,0.,0.,0.,0.,0.,M
0.,0.,0.,0.,1.9,3.8,27.5,31.5,-79.2,-256.3,-342.4,-291.1,69.2,915.7,1607.5,1761.8,1738.9,1688.7,1476.5,1439.5,1587.4,1794.7,2001.2,1888.8,1594.6,1412.,1141.8,524.5,-135.9,-484.6,-520.,-509.2,-412.5,-163.3,0.,0.,0.,0.,0.,H
0.,0.,0.,0.,0.,0.,1.9,-44.6,-102.9,-112.8,-128.9,-118.4,-29.6,84.2,135.8,270.8,588.4,911.3,1103.5,1155.4,909.,244.6,-419.9,-805.5,-944.6,-878.6,-626.4,-323.5,-161.3,-115.8,-54.3,27.9,24.3,0.,0.,0.,0.,0.,0.,S
81.2,24.8,-147.1,-305.1,-368.,-388.4,-314.6,-103.,125.4,344.6,473.2,773.9,1337.1,1897.7,2438.5,2681.2,2722.3,2809.4,2846.3,2711.2,2585.2,2331.9,1622.3,791.6,198.4,-20.4,-178.7,-384.4,-532.3,-792.9,-953.,-1045.5,-1150.9,-1123.2,-1065.8,-1049.,-983.7,-751.7,-585.,M
0.,53.8,177.6,247.6,310.2,423.8,469.7,316.8,169.,7.7,-268.8,-496.4,-552.5,-496.2,-406.7,-274.8,-2.9,786.2,1345.8,1989.3,3112.3,3758.,3484.3,3044.4,2265.4,981.1,154.4,-227.5,-288.,-213.4,-306.2,-665.5,-1083.,-1308.6,-1238.5,-953.4,-557.1,-187.9,0.,H
0.,0.,0.,-64.7,-129.4,-215.9,-373.7,-490.,-525.2,-515.4,-444.2,-317.9,-228.5,-145.6,-97.,-57.7,128.3,400.,680.6,836.2,921.,717.5,82.3,-520.3,-776.,-930.2,-990.9,-708.2,-441.2,-363.4,-318.,-208.3,-100.6,-28.6,0.,0.,0.,0.,0.,S
0.,0.,0.,-97.8,-279.4,-363.2,-472.,-666.6,-729.7,-623.2,-561.8,-439.2,-105.1,165.4,203.1,181.8,437.3,597.6,447.1,413.1,340.3,192.7,391.1,789.4,958.2,1109.3,1013.9,422.8,-76.2,-230.6,-265.2,-291.5,-198.6,-57.,0.,0.,0.,0.,0.,M
0.,0.,0.,0.,0.,-120.5,-241.,-337.1,-481.1,-588.2,-522.2,-397.,-238.3,23.3,233.4,307.6,274.6,312.3,313.1,76.,-187.7,-251.2,-423.4,-737.,-879.4,-671.7,-463.,-302.3,102.6,500.,536.3,419.4,330.6,120.9,0.,0.,0.,0.,0.,H
59.2,69.,75.,71.2,37.1,8.6,44.1,131.5,189.,240.7,288.,212.3,83.5,26.,-17.3,-103.5,-193.2,-243.,-246.,-267.6,-273.7,-214.,-141.3,-112.8,-53.4,95.1,338.9,580.4,667.2,762.4,901.6,914.2,877.8,872.8,864.7,836.6,804.4,738.6,685.,S
222.2,207.3,118.4,44.4,17.4,163.5,421.,613.2,721.,789.,791.3,680.9,549.2,462.2,309.5,17.6,-179.9,-218.3,-198.4,-120.9,90.8,345.9,578.8,690.8,819.9,889.1,775.5,687.5,653.2,646.9,763.7,954.1,1049.4,1077.4,1033.,924.2,813.,715.8,665.4,M
-143.2,-181.2,-281.9,-344.6,-459.5,-622.,-655.3,-542.1,-443.2,-358.4,-275.5,-333.9,-411.7,-433.,-490.4,-506.5,-448.1,-539.6,-648.2,-675.2,-1043.9,-1441.3,-1750.,-2003.,-1905.6,-1396.1,-685.2,191.1,768.6,992.7,1323.7,1411.,1351.2,1311.,1233.4,1130.7,1114.9,1072.5,1020.8,H
411.2,498.2,597.3,609.4,530.4,355.6,191.7,157.3,191.,222.7,244.1,169.6,27.2,-51.,-121.4,-203.9,-129.1,63.1,168.4,298.8,584.7,834.2,935.7,943.2,847.8,568.9,222.1,-50.6,-160.,-187.1,-166.1,-90.,8.,78.,135.4,181.5,169.9,128.6,87.6,S
717.8,780.5,871.4,950.8,989.8,977.6,1007.6,1043.5,1041.1,1049.7,1066.6,1014.5,927.,808.5,597.8,470.2,372.8,170.6,-32.,-207.6,-285.4,-394.1,-591.6,-628.1,-463.9,-352.,-160.4,257.1,582.2,790.2,899.,967.,1033.1,893.2,535.8,316.4,220.6,47.2,-30.4,M
-409.2,-408.,-327.1,-73.6,329.4,558.6,617.1,684.9,719.1,700.,656.,616.7,632.1,671.3,683.,710.2,675.9,512.3,286.1,104.8,20.4,-47.1,-351.,-800.5,-1259.9,-1506.2,-1555.2,-1399.1,-973.,-467.9,-183.8,-32.8,139.9,179.6,216.,234.4,207.,249.1,318.6,H
1288.,1381.4,1494.4,1305.3,1166.9,1038.6,604.9,147.7,-74.4,-204.9,-306.6,-159.3,156.,352.8,494.3,704.9,790.9,781.6,819.9,803.1,593.2,468.4,525.,631.3,684.8,773.6,825.7,712.7,584.8,533.2,543.7,599.,637.1,662.7,695.,713.9,720.4,691.6,675.2,S
316.2,238.,148.9,188.,238.,216.7,182.4,121.2,78.6,84.2,146.5,314.4,574.2,836.2,944.,1018.5,1134.5,1072.2,852.1,735.8,643.9,330.5,71.7,-12.4,-126.4,-120.8,80.,339.4,470.8,626.1,775.3,772.8,714.8,653.2,628.1,544.6,419.4,198.9,45.2,M
46.2,18.2,-73.4,-154.4,-168.9,-166.,16.9,483.7,1015.5,1389.7,1602.6,1541.4,1169.6,744.6,319.4,10.6,-74.,-169.5,-312.1,-382.9,-549.9,-693.2,-705.2,-970.5,-1232.3,-1092.2,-943.6,-754.4,-140.1,470.1,732.7,810.2,735.9,566.6,477.3,462.2,441.4,498.9,556.4,H
0.,0.,0.,0.,0.,0.,13.,11.5,-1.6,45.1,90.4,115.4,148.6,85.1,-95.7,-204.8,-455.5,-614.5,-378.2,-97.3,39.,252.2,398.9,185.9,-110.6,-260.6,-327.,-311.6,-157.6,-7.9,69.6,135.5,100.7,0.,0.,0.,0.,0.,0.,S
0.,0.,0.,0.,0.,104.,291.3,488.8,678.2,753.4,712.4,621.1,365.3,14.8,-130.2,-357.6,-657.9,-837.9,-1156.5,-1368.,-1343.8,-1385.4,-1099.7,-415.4,-82.6,166.3,584.8,688.1,510.3,398.8,290.1,117.5,-33.2,-60.,0.,0.,0.,0.,0.,M
0.,0.,0.,-89.,-255.3,-332.6,-389.5,-471.,-413.7,-288.9,-246.,-65.1,541.6,1207.8,1396.1,1344.,899.6,18.1,-817.6,-604.5,7.2,756.5,2173.3,3159.1,3261.1,3044.8,2839.2,2227.2,1739.9,1445.7,1232.4,1009.1,560.6,263.3,95.6,0.,0.,0.,0.,H
0.,0.,0.,0.,0.,0.,50.8,132.1,220.5,278.4,324.3,333.9,191.3,7.,-71.,-128.,-275.4,-445.5,-430.5,-335.8,-273.5,-66.,296.4,506.,498.4,399.,221.,73.8,-61.8,-128.8,-80.6,-23.1,-6.9,0.,0.,0.,0.,0.,0.,S
0.,0.,0.,0.,-98.5,-296.6,-396.2,-500.,-706.,-784.,-716.4,-673.,-510.1,-42.2,506.4,900.5,1051.,963.9,689.8,512.6,633.8,745.2,1096.4,1634.8,1644.4,1233.8,1000.8,558.7,-216.8,-551.7,-525.9,-498.6,-379.7,-130.4,0.,0.,0.,0.,0.,M
0.,0.,0.,0.,0.,-115.6,-314.5,-397.8,-422.2,-448.7,-399.4,-47.4,253.2,689.4,1291.3,2011.7,2646.4,2726.4,2420.6,1605.1,823.9,1033.6,1514.8,1762.7,2493.5,2800.9,1908.5,1191.6,856.9,385.4,205.1,100.,38.4,19.2,0.,0.,0.,0.,0.,H
0.,0.,0.,0.,0.,0.,0.,1.3,-36.6,-105.3,-163.4,-192.,-233.4,-88.1,99.5,44.6,-11.2,321.6,976.2,1775.8,2715.1,3176.6,3231.6,3105.8,2623.1,2008.2,1695.2,1315.9,648.1,212.3,0.9,-63.2,-31.6,0.,0.,0.,0.,0.,0.,S
0.,0.,0.,-41.2,-82.4,-161.1,-299.2,-386.5,-428.8,-443.2,-355.9,-228.1,-141.5,-21.3,52.8,131.6,294.,423.4,453.6,438.,377.,347.4,510.9,1001.5,1360.,1688.2,2161.5,2336.9,2026.8,1686.4,1331.8,736.,268.4,21.,0.,0.,0.,0.,0.,M
0.,0.,0.,0.,0.,0.,0.,-55.4,-133.1,-186.4,-233.9,-271.,-248.,-190.,-183.1,-219.5,-298.7,-447.3,-401.9,-254.4,-7.3,496.8,1123.8,1562.,1878.4,2052.8,1879.4,1519.9,1056.,638.5,300.9,86.5,0.,0.,0.,0.,0.,0.,0.,H
-8755.6,-9133.9,-9512.2,-8837.5,-7236.2,-5549.7,-4398.9,-4008.,-3873.9,-3657.3,-3509.7,-2973.8,-2801.7,-2873.5,-2430.4,-2152.9,-2298.8,-2207.3,-1892.6,-1955.9,-2076.3,-2169.6,-2221.8,-2051.5,-1710.,-1445.5,-1333.4,-1314.6,-1106.7,-158.2,1390.7,2955.1,3711.2,4255.8,5206.,5987.2,6723.4,7084.,7084.,S
-4786.2,-5090.6,-5629.,-5888.8,-5987.5,-5921.5,-6018.9,-6549.2,-6617.6,-5873.5,-4937.1,-4131.,-3536.5,-3357.3,-3421.6,-3687.1,-4326.3,-4963.4,-5398.4,-4785.,-2269.7,1456.3,5324.9,8893.7,11199.3,11599.7,10697.2,9326.7,8010.4,6603.4,5165.,3981.9,2929.3,1790.1,1040.7,752.3,631.3,771.2,931.,M
-14717.6,-14450.4,-13941.8,-13700.4,-12825.2,-10975.7,-8954.9,-6595.6,-5282.8,-4460.4,-3033.6,-2195.,-1938.1,-1915.4,-1587.9,-709.8,628.,1680.1,1945.,2402.5,3240.6,3747.,4573.7,5274.6,5076.8,4788.4,4160.1,4413.1,5203.8,5587.2,7255.3,9916.,11680.2,12068.4,12736.7,13003.5,12481.,11625.2,10890.4,H
-9783.2,-9763.5,-9989.1,-10135.9,-10037.4,-9933.7,-9440.7,-8668.,-7857.1,-7429.6,-6909.7,-6078.4,-5365.2,-4811.3,-4659.2,-4524.,-4341.,-4248.5,-3761.3,-3318.8,-2193.6,285.4,2917.4,5322.7,6449.8,6595.6,7098.1,7792.2,8249.8,8370.,8774.9,9130.8,8666.3,7466.6,6682.4,6002.1,5082.3,4721.5,4600.2,S
-6185.2,-6703.3,-7221.4,-7705.4,-8270.1,-8170.1,-8054.,-8118.6,-8364.5,-8760.7,-9514.8,-10644.,-11169.4,-11371.1,-11529.2,-10765.3,-8847.,-7649.,-6258.1,-3988.7,-2355.7,-1270.6,-940.,-382.2,951.7,2431.6,4627.8,6120.2,6242.9,7341.1,8758.8,8720.3,8239.6,8329.6,6393.8,2522.7,-618.4,-1914.2,-1914.2,M
-13738.4,-13738.4,-13550.7,-13518.7,-13733.4,-13593.,-13393.6,-12298.6,-10779.9,-9131.7,-6628.9,-5350.6,-4924.5,-2719.1,-463.6,263.,513.4,1254.2,1958.2,2643.8,3814.5,4262.8,4547.5,5535.6,7553.5,9493.7,10119.4,10423.2,10728.,9996.4,10653.7,12043.6,13262.2,15248.6,15719.6,13257.2,11091.6,8977.1,6862.6,H
-603.6,423.4,1828.9,2175.1,2169.8,2196.8,2039.6,1741.7,1631.,1692.4,1723.8,1907.4,2377.6,2707.6,2949.5,3148.,3246.1,3321.8,3611.4,4064.9,4206.4,4440.4,4728.6,4698.5,4471.8,4329.4,4409.6,4403.,4500.6,4599.,4513.,4453.9,4820.6,5418.7,6163.8,6736.6,7335.4,7750.8,7567.4,S
-6814.4,-7837.9,-9274.5,-9687.6,-8967.8,-7732.5,-6862.7,-6875.1,-7241.8,-7976.2,-9022.7,-9699.2,-9584.8,-9106.,-8374.3,-6612.2,-4078.8,-913.7,748.4,3088.9,6798.8,9083.9,10128.2,10256.8,9387.,8136.2,7413.5,6737.9,6404.,6254.6,5828.1,4432.8,1969.6,624.6,-586.9,-2836.1,-3765.1,-2813.,-1969.6,M
-23680.6,-24556.7,-25800.9,-26169.,-25549.5,-24110.5,-21333.9,-16731.,-14085.2,-11835.4,-6917.,-2155.9,1347.2,2757.8,4172.4,6224.8,6985.8,7196.3,7283.6,6740.7,6059.7,5586.4,4505.7,3760.2,3585.8,3277.4,3209.4,3417.6,3559.8,3652.5,3673.,3877.9,4098.9,4042.8,3996.2,4049.9,3934.9,4298.4,4877.2,H
0.,0.,0.,0.,-6.,-12.,-11.6,-12.1,-19.3,-12.8,0.,17.2,27.9,12.,1.,-0.6,-11.4,-14.5,7.6,16.9,11.8,3.9,-0.9,-0.8,-10.7,-17.6,-13.8,-25.,-32.9,-19.,-12.2,-14.9,-6.,2.8,0.,0.,0.,0.,0.,S
-221.6,-242.3,-263.,-199.7,-100.9,-139.8,-206.5,-198.8,-162.2,-132.9,-173.9,-478.8,-750.,-829.5,-1358.9,-1704.5,-1335.7,-1071.2,-1328.3,-966.3,-730.4,-966.2,-818.8,-256.3,239.,737.6,1339.5,1375.6,1159.8,956.4,913.1,726.5,595.6,663.,757.5,767.,730.,710.6,710.6,M
-189.4,-202.7,-242.5,-269.,-266.5,-276.2,-408.6,-583.7,-638.6,-811.1,-950.3,-352.6,133.2,54.6,-111.9,-564.1,-2030.2,-2926.9,-2643.2,-1962.1,-805.8,527.9,1306.5,1226.6,1013.8,709.8,192.2,-507.1,-780.,-769.3,-790.6,-471.5,59.8,240.,137.8,2.6,-64.1,-48.9,0.,H
0.,0.,0.,0.,0.,0.,0.,23.5,23.8,-17.9,-102.2,-340.7,-684.1,-982.7,-1367.5,-1175.9,-1095.2,-1660.8,-1598.2,-882.6,-711.9,-362.,721.9,1058.7,738.2,380.,135.7,-62.7,-163.8,-132.4,-52.2,0.,0.,0.,0.,0.,0.,0.,0.,S
0.,0.,0.,0.,-49.7,-136.8,-196.4,-232.1,-245.6,-240.1,-200.1,-236.5,-393.8,-480.2,-557.6,-878.5,-1311.5,-1807.7,-2114.4,-1916.8,-1456.3,-651.6,602.9,1315.6,1437.4,1732.1,1727.7,1493.6,1436.8,1239.,851.8,580.5,249.3,0.,0.,0.,0.,0.,0.,M
0.,0.,-22.8,-62.5,-93.5,-126.4,-145.2,-242.6,-787.7,-1275.7,-1154.8,-993.6,-820.,91.9,641.4,126.2,-200.2,-257.9,-411.7,126.8,1285.3,1809.2,2121.3,2267.3,1617.,772.9,413.,-42.4,-492.8,-473.8,-477.4,-495.,-347.4,-216.3,-154.,-37.6,0.,0.,0.,H
0.,0.,0.,-30.,-91.3,-122.6,-139.1,-181.9,-164.9,-84.,-46.4,-23.9,-36.2,-590.5,-730.7,-351.4,-514.5,-653.7,-458.,-449.3,-612.4,-528.2,-208.1,464.6,744.5,587.6,712.6,623.5,335.8,205.,147.8,95.7,59.,45.6,8.4,0.,0.,0.,0.,S
0.,0.,0.,0.,0.,0.,54.3,128.2,121.3,67.1,39.4,-23.7,-111.1,47.8,369.7,508.4,492.4,484.4,217.4,-815.5,-1573.4,-1744.5,-1695.1,-1139.9,80.6,966.4,1338.3,1565.7,1313.9,967.7,728.8,552.8,297.5,109.1,0.,0.,0.,0.,0.,M
0.,0.,0.,-122.8,-300.9,-395.4,-447.2,-459.8,-377.9,-349.6,-417.4,-590.1,-748.6,-1017.2,-1220.8,-1160.7,-1371.9,-1578.2,-1051.7,-1015.3,-1434.,-280.4,801.8,631.2,1210.9,1831.7,972.3,242.4,112.9,-240.1,-377.7,-266.7,-241.6,-158.5,-68.2,-30.5,0.,0.,0.,H
0.,-401.4,-1162.3,-1780.7,-2163.3,-2287.,-1958.9,-1357.2,-878.8,-569.6,-465.2,-342.3,-73.2,216.4,470.4,581.,588.,625.8,375.7,-484.,-1062.8,-1636.8,-2460.2,-2529.9,-1764.7,-1179.2,-676.8,11.3,249.3,261.4,221.2,352.8,635.7,746.6,648.4,590.6,474.,178.7,0.,S
-1262.2,-1684.2,-2106.2,-2405.7,-3041.6,-2930.2,-2138.2,-1794.,-1504.3,-756.5,34.4,607.8,848.4,1031.6,1202.7,910.1,-623.6,-1876.8,-3485.4,-6278.9,-8050.1,-7779.3,-6922.2,-5527.7,-3048.9,-1406.1,-90.5,666.6,1365.6,2757.6,4120.1,4692.7,4990.2,5084.,4081.4,2868.7,1931.1,1109.8,715.4,M
0.,0.,-92.4,-156.4,-73.5,37.,93.,-77.4,-610.1,-1424.9,-2940.4,-4003.4,-4663.5,-5767.3,-6123.6,-5301.5,-4566.8,-3650.5,-2016.8,-795.1,127.9,546.6,745.6,1325.4,1858.7,2339.6,2668.,2975.8,2978.4,1697.4,-297.7,-1317.,-1817.2,-2332.8,-1718.6,-544.5,0.,0.,0.,H
0.,0.,158.2,85.4,-657.1,-1633.5,-2098.4,-2634.2,-3221.2,-3007.2,-2504.2,-2266.4,-2139.7,-2037.3,-2263.7,-2390.,-2314.2,-1918.1,-937.2,395.4,1589.,2034.8,1660.1,287.8,-1695.3,-3528.1,-4375.4,-4569.,-4328.2,-3444.,-2703.6,-2413.,-1989.9,-1281.9,-760.7,-262.2,0.,0.,0.,S
0.,0.,0.,0.,0.,0.,0.,-45.6,-91.2,-234.5,-1235.7,-3220.2,-5227.3,-6107.8,-6639.9,-6968.3,-6441.8,-5788.5,-5458.,-5120.2,-4263.2,-2914.5,-1301.1,-517.2,302.,1682.7,2539.5,2646.5,2458.2,1976.6,1068.5,321.,0.,0.,0.,0.,0.,0.,0.,M
0.,0.,-180.,-429.5,-499.,-589.1,-772.1,-699.8,-407.5,-280.4,-279.,-318.7,-255.4,-488.8,-826.6,-936.9,-1193.8,-1881.8,-3184.8,-3946.4,-3837.4,-3169.8,-1851.1,87.5,1266.,1236.6,886.3,331.7,74.5,51.,354.6,940.4,1148.,960.2,847.,662.8,239.3,0.,0.,H
0.,0.,0.,-74.,-203.7,-289.5,-411.6,-503.6,-1191.6,-3009.7,-5117.7,-6667.5,-7239.4,-6860.5,-5562.,-3848.6,-2517.3,-1979.8,-1614.7,-989.9,-550.2,-279.2,-188.2,-158.7,-110.9,51.,230.,265.4,-376.8,-2193.3,-3477.,-3586.4,-3586.4,-2955.7,-1162.5,0.,0.,0.,0.,S
4.4,8.5,59.,171.7,238.,97.2,-943.4,-2780.1,-4308.6,-4900.2,-5104.2,-4634.,-3325.1,-2668.2,-2646.,-2579.5,-2420.2,-1963.1,-826.5,-54.2,630.2,1979.3,3134.,4004.7,4385.4,4489.2,3821.2,2309.9,1053.3,536.2,90.7,87.2,910.4,1326.7,1361.8,1295.2,1022.4,576.,335.8,M
289.2,289.2,503.9,960.5,1435.7,1400.8,1132.6,16.3,-2145.4,-3721.7,-4316.6,-4380.6,-3423.9,-1467.4,74.1,940.5,1265.2,1385.7,1948.7,2697.3,3317.1,3630.8,3825.3,3698.8,2765.5,882.1,-389.,-1530.,-3454.2,-4460.5,-3916.6,-3149.6,-2304.3,-993.6,-243.,95.5,148.8,74.4,0.,H
-108.4,-121.8,-130.8,-88.,-49.6,81.6,274.7,258.1,-233.5,-646.6,-1176.5,-2465.5,-4014.1,-5318.,-5832.4,-5884.6,-5286.7,-3734.5,-1943.3,-711.3,508.3,1803.4,2224.5,2227.2,1788.9,993.,398.6,200.2,238.6,419.9,656.8,657.3,588.6,575.,489.1,333.6,198.,66.,0.,S
-183.2,-327.7,-859.,-1796.,-2656.1,-3375.9,-3641.3,-3505.7,-3295.3,-2984.6,-2689.9,-2486.6,-1517.3,204.2,1489.7,2229.6,2667.3,1731.1,10.1,94.9,733.4,1490.2,3092.6,3999.4,2749.,1437.4,111.6,-1627.9,-2155.7,-1930.4,-1591.,-1476.8,-1420.4,-1541.1,-1599.2,-1594.4,-1370.7,-927.4,-707.8,M
494.8,494.8,629.7,883.1,1022.1,979.2,915.8,624.4,-34.2,-734.5,-1595.5,-2123.4,-2178.,-2279.,-2197.5,-1664.3,-1259.,-1022.8,-422.,52.4,460.5,758.8,1267.8,1908.5,2071.8,1617.2,1131.,442.3,-527.6,-801.6,-518.8,-243.2,-276.8,-571.,-910.,-1023.,-1057.6,-869.4,-681.2,H
0.,0.,0.,-31.3,-45.1,-6.3,90.2,300.1,640.1,984.7,1267.4,1423.9,1184.2,368.,-966.1,-2777.4,-3820.2,-4001.9,-4007.6,-3722.2,-3621.8,-3559.3,-2784.7,-1798.4,-700.5,1155.5,1970.9,1279.6,622.1,-17.9,-960.,-1388.1,-1259.9,-1075.5,-815.5,-340.,0.,0.,0.,S
0.,0.,-265.3,-788.6,-1253.5,-1684.5,-1908.6,-1782.4,-1557.6,-1379.6,-1296.,-1291.8,-1678.2,-2168.1,-1693.3,-585.9,-56.8,691.7,1786.9,1767.,1278.4,1156.4,1098.5,868.6,483.4,15.,-240.2,-524.9,-782.4,-599.9,-297.9,-151.2,-31.6,149.,183.7,78.7,0.,0.,0.,M
-1279.,-1300.7,-1322.4,-980.7,-303.7,211.7,577.3,762.8,843.6,911.,330.3,-658.8,-1080.6,-1133.7,-1313.9,-1283.1,-1065.4,-1005.6,-1573.2,-2830.9,-3956.4,-3772.,-3152.2,-2610.5,-1189.,330.,692.2,415.2,653.4,1139.7,1822.3,2112.2,2218.2,2487.7,2472.,2098.2,1759.,1508.4,1257.8,H
238.4,278.3,318.2,358.6,139.2,-531.,-1296.1,-1650.8,-1991.2,-2384.4,-2258.1,-1881.8,-1684.6,-1485.,-1163.8,-1351.2,-2310.3,-2960.4,-2711.9,-2359.6,-1924.1,-1047.7,-503.,-501.5,-247.,511.4,1223.7,1430.6,1341.8,1078.9,600.7,342.7,388.8,446.2,446.5,342.9,266.4,236.4,236.4,S
0.,-59.1,-171.9,-291.4,-677.9,-998.6,-1455.4,-2304.3,-3090.4,-3540.5,-3596.6,-3489.2,-3510.1,-3567.,-3566.8,-3638.,-3480.9,-2789.9,-1970.7,-1172.7,-660.,-1116.9,-1883.3,-1202.2,-276.3,432.7,2438.6,4068.7,3656.9,2959.1,2297.3,1226.6,1214.9,1422.4,1232.7,1120.8,893.9,333.5,0.,M
523.,538.8,576.5,241.,-116.4,-688.4,-1684.1,-2479.5,-2791.4,-2731.6,-2473.2,-1639.4,-610.4,162.,480.8,664.3,693.8,262.8,-152.3,-290.4,-662.8,-965.1,-457.1,671.,1361.2,2010.9,2159.1,349.5,-2481.,-4003.4,-4712.3,-5642.,-5434.6,-4333.,-3659.6,-3270.2,-2179.4,-998.5,-519.,H
0.,0.,44.9,89.8,141.7,225.,217.5,133.7,33.5,-277.2,-564.,-506.7,-418.,-552.,-522.9,-435.8,-638.5,-765.2,-980.4,-1836.9,-2902.2,-2928.8,-2531.4,-1731.2,288.1,2280.3,2782.1,2510.8,2345.3,1800.7,1295.9,1243.,1315.8,1085.6,697.1,391.4,122.,0.,0.,S
0.,0.,0.,0.,-69.7,-142.4,-182.5,-84.2,51.2,208.1,380.4,436.7,402.6,327.6,8.2,-309.3,-497.3,-976.8,-1266.4,-2173.3,-4750.4,-7597.7,-8442.9,-8111.,-5671.5,-786.7,3718.1,6347.,6916.4,5966.3,4524.,3335.5,1967.1,1295.,944.7,297.2,0.,0.,0.,M
0.,0.,0.,0.,0.,61.1,96.8,-118.1,-285.1,-218.,50.,240.7,1098.7,1971.2,1702.2,518.4,-1446.5,-5524.2,-10125.9,-11127.8,-8589.,-4378.7,534.,5265.4,7145.9,5654.,3381.2,2050.5,1171.8,495.1,302.9,103.9,-43.5,0.,0.,0.,0.,0.,0.,H
-78.8,-113.2,-147.6,-199.,-244.7,-206.5,-212.9,-251.8,-285.7,-324.5,-697.4,-1565.2,-2065.,-2915.4,-4561.6,-5682.5,-5377.4,-4747.2,-3397.2,-509.,2271.2,3621.5,3729.8,3554.9,2781.6,1749.,1311.4,1308.,1117.7,827.1,607.8,398.3,307.8,258.7,165.1,131.8,71.5,0.,0.,S
0.,26.9,42.6,76.6,119.2,116.6,135.7,108.7,-33.1,-190.3,-251.8,-498.9,-921.5,-1207.7,-1805.6,-2292.8,-3192.8,-5098.8,-6052.,-4940.2,-3881.2,-1866.6,2072.5,4521.5,4885.1,4724.2,4090.9,2848.2,1906.7,1323.7,1072.8,796.8,477.3,349.8,169.9,74.,69.8,32.8,0.,M
414.4,390.2,437.5,509.,331.6,157.9,5.7,-140.7,-131.2,-437.,-897.6,-925.4,-1247.9,-1697.4,-1963.6,-2480.2,-3280.6,-4241.1,-4651.6,-5381.5,-6191.2,-4684.6,-1474.3,149.6,2320.2,5632.3,6127.8,4900.,4318.2,3785.,2657.3,2006.7,1782.7,1614.8,1303.5,872.5,471.6,95.2,0.,H
0.,7.6,15.2,-73.9,-197.6,-280.2,-395.4,-462.6,-423.6,-393.,-304.4,-30.5,146.4,236.8,497.9,300.1,-500.2,-932.,-1099.3,-2177.6,-3984.6,-5277.,-5673.4,-4982.2,-2745.8,634.3,3594.9,4720.6,4382.,3478.6,2346.8,1457.7,1135.6,910.,487.3,237.8,92.7,0.,0.,S
-88.2,-234.2,-380.2,-395.7,-462.3,-468.9,-278.4,-168.5,-203.1,-438.9,-1160.9,-1645.6,-1424.5,-1316.6,-1263.9,-879.6,-1109.,-1741.8,-2885.2,-5256.5,-7370.6,-7624.,-6310.8,-3191.8,1650.4,6225.,8211.,7647.7,6065.1,4248.3,2505.,1619.1,1376.9,926.1,521.7,192.9,59.9,0.,0.,M
0.,0.,25.,104.2,179.5,200.6,186.9,51.2,-459.6,-1098.,-1347.6,-1268.1,-879.1,-235.2,314.3,529.4,396.,-608.,-3459.8,-6592.1,-7743.2,-7732.7,-5939.7,-1350.6,3395.5,5335.,5662.7,5081.2,3588.,2279.2,1554.4,1411.9,1054.2,597.8,306.4,256.2,128.1,0.,0.,H
-615.8,-475.4,-326.9,-283.,-247.2,-241.2,-211.6,-103.5,-32.7,-46.4,-172.9,-555.1,-1353.3,-2318.3,-2740.8,-2876.2,-2817.6,-2073.5,-683.7,156.,551.7,1135.8,1363.6,1032.3,661.6,1000.9,1717.,2255.,2561.2,2706.2,2296.4,1493.,889.3,524.1,369.,265.,-127.8,-430.,-443.4,S
477.8,409.6,341.4,240.5,-36.6,-364.9,-589.5,-662.,-685.4,-796.7,-1032.5,-1371.6,-1562.8,-1764.1,-2059.1,-1783.1,-1078.8,-744.2,-261.8,607.7,1142.8,1800.7,2310.6,2455.7,2841.9,3417.9,3776.8,3800.8,3638.5,3232.4,2416.8,1301.6,758.2,665.5,520.6,493.1,488.2,458.6,458.6,M
-2256.6,-2215.5,-1786.1,-1397.8,-524.5,968.,1689.9,1371.5,950.4,370.9,-671.4,-1087.6,-1231.5,-1422.,-1551.1,-1817.8,-2255.5,-1909.3,-1263.,-1004.8,-541.,256.8,550.4,251.8,456.6,669.1,724.7,1409.2,2045.8,2366.8,3122.6,3564.3,3463.,3354.8,3056.1,2716.8,2381.5,1595.5,1104.2,H
177.2,199.2,149.9,78.6,50.8,37.6,50.1,141.7,235.4,183.9,-147.1,-706.8,-1156.,-1325.,-1323.3,-1054.1,-383.6,247.,474.6,694.6,1020.4,1079.4,1122.3,1212.,1130.8,1402.7,2375.2,3253.7,3512.8,3579.5,3265.8,2198.3,1048.2,585.2,390.,65.7,-115.2,-202.9,-238.8,S
-62.8,-29.1,-50.8,-249.3,-702.7,-1013.,-1331.5,-1642.4,-1377.2,-410.8,298.,757.1,1065.1,540.1,-496.5,-1159.2,-1336.9,-1295.2,-446.2,556.5,929.6,1204.8,1506.,1827.,3143.3,4989.7,5552.5,5700.8,5694.2,4173.7,2118.2,1166.,635.4,-244.3,-733.4,-874.1,-874.8,-914.3,-953.8,M
34.4,144.6,344.6,434.4,382.4,98.6,-165.3,-583.6,-969.8,-633.5,-104.2,400.3,559.4,1065.2,1473.3,842.8,141.1,870.8,1263.6,605.4,501.5,1199.3,1355.5,944.6,1179.2,1766.,1505.6,720.1,617.3,452.8,490.8,622.2,718.2,659.,597.2,362.8,-88.5,-312.4,-319.4,H
489.4,468.9,365.4,212.8,143.2,93.7,-16.5,-41.9,1.3,9.2,-61.,-359.,-781.,-1054.7,-1134.2,-1390.1,-1287.1,-906.2,-714.8,-545.4,-23.2,562.,914.2,1543.2,1883.,2065.5,2411.8,2647.7,2484.8,2249.8,1922.6,1271.7,772.1,372.2,148.2,10.,-172.9,-286.3,-355.,S
-42.6,2.1,20.,-192.,-887.9,-1776.4,-2803.9,-3384.3,-3156.4,-2172.2,-685.5,1021.3,2477.2,3319.3,3816.6,3908.6,3844.1,3511.2,2959.5,2248.4,1535.5,915.2,455.3,227.6,143.9,106.6,11.2,-56.4,-92.1,-137.6,-198.2,-266.7,-332.,-412.2,-428.4,-392.5,-362.7,-344.4,-338.6,M
263.6,268.1,130.1,-430.5,-1440.6,-2374.5,-2716.4,-2445.7,-1896.4,-949.2,112.3,505.2,768.5,1075.5,1282.6,1338.2,1591.8,1772.6,1734.1,1695.8,1515.4,1651.6,2387.4,3300.3,3793.,3972.4,3612.2,2280.4,826.1,-20.,-383.4,-491.1,-390.9,-184.5,-40.6,104.8,45.,-111.7,-208.6,H
103.4,172.9,302.8,435.4,507.6,553.8,615.4,635.9,555.,581.4,735.,757.8,546.5,353.6,-33.4,-874.8,-1689.1,-2237.2,-2425.4,-2239.3,-1729.6,-1293.8,-1099.4,-1017.2,-1099.7,-965.4,-203.9,904.5,1468.2,1914.5,2429.1,2392.2,2211.9,2136.8,2088.7,1761.,1223.1,709.6,454.4,S
-284.2,-228.7,-131.3,-89.4,-66.8,-3.3,91.6,161.8,178.,222.9,297.8,47.1,-255.,-276.4,-611.3,-954.2,-597.,-229.6,-227.4,-93.4,-401.9,-1158.9,-1355.5,-1237.6,-844.2,135.6,1048.5,1363.8,1352.6,1283.4,1161.9,1081.8,1044.5,1035.,940.5,877.2,868.7,767.8,706.6,M
237.4,314.7,477.1,614.1,591.7,517.4,445.4,276.8,98.9,38.3,59.,58.3,-77.7,-667.5,-952.2,-782.4,-429.9,322.5,689.4,450.9,-69.1,-1196.7,-2698.8,-3531.4,-3675.,-3228.4,-2255.2,-1318.1,179.9,1672.2,1944.9,1954.7,2257.8,2083.7,1533.9,1319.4,1106.9,758.6,622.8,H
-141.8,-276.4,-591.7,-973.1,-1173.8,-1291.3,-1451.3,-1458.2,-1392.4,-1362.2,-1329.1,-1238.9,-1150.3,-1080.3,-1041.8,-1201.,-1379.,-1414.3,-1321.1,-1211.4,-842.9,-230.2,356.6,922.4,1145.6,1270.5,1350.6,893.4,64.2,-352.6,-636.1,-1057.2,-1071.,-755.3,-563.4,-458.8,-277.2,-124.1,-48.,S
-202.6,-371.3,-780.4,-1250.6,-1480.4,-1604.7,-1756.1,-1731.4,-1610.8,-1542.,-1488.1,-1348.4,-1174.9,-1139.6,-1192.,-1382.1,-1879.3,-2336.2,-2284.7,-2083.4,-1756.4,-1059.8,-300.5,594.2,1099.2,1291.5,1397.6,1122.,419.7,-93.2,-229.6,-208.,18.1,103.4,120.6,83.,-3.3,-74.4,-96.8,M
-413.8,-413.8,-585.8,-950.2,-1258.6,-1240.2,-1105.8,-992.9,-766.2,-589.3,-483.3,-440.4,-386.2,-261.5,-415.,-448.4,-257.8,-20.1,444.5,746.1,194.3,-432.2,-973.7,-2228.2,-2518.2,-1129.1,-163.,786.3,2680.1,3642.3,3326.4,2992.8,2561.4,1679.7,990.9,585.4,418.4,209.2,0.,H
0.,0.,-97.2,-251.7,-349.2,-389.4,-420.5,-381.6,-265.1,-178.4,-166.4,-170.8,-191.1,-568.1,-901.,-932.2,-813.6,-490.6,58.5,434.4,450.2,206.6,-161.7,-200.5,-130.4,-177.7,18.3,501.3,871.8,1002.6,1243.7,1508.,1298.5,832.7,599.6,449.4,149.6,0.,0.,S
259.2,259.2,281.7,233.7,24.8,-235.4,-357.2,-465.6,-591.6,-599.7,-552.5,-514.8,-483.6,-595.3,-1217.4,-1510.1,-1323.6,-754.6,254.5,1244.5,1467.7,1141.,455.4,-761.6,-1678.9,-1799.5,-1534.2,-1440.3,-1000.4,-320.9,-86.2,-185.,-75.9,-2.9,-11.7,27.1,38.6,6.9,-24.8,M
0.,0.,0.,92.5,316.4,540.8,765.2,1004.2,1118.6,1048.5,858.5,543.6,129.7,-702.5,-1545.1,-780.9,936.5,2117.6,3138.9,3777.1,2429.8,-82.4,-1911.6,-3000.8,-3363.5,-2910.7,-1782.6,-253.8,1506.5,2976.3,3857.4,3937.5,3231.7,2164.6,1108.1,322.9,0.,0.,0.,H
0.,0.,-76.,-224.3,-327.9,-381.8,-404.4,-324.9,-170.5,-32.1,74.,116.6,128.9,143.,122.7,-75.1,-250.8,-490.,-1055.9,-1615.6,-1812.,-1775.4,-1539.,-910.1,-291.3,25.4,115.8,130.6,82.1,-3.2,3.5,35.,18.1,-8.5,3.2,21.8,19.,8.1,0.,S
135.4,192.9,307.,298.4,36.,-161.2,-345.6,-686.4,-853.,-747.3,-631.4,-548.1,-403.5,-403.3,-643.7,-823.,-1149.,-1795.,-2263.4,-2327.1,-2242.4,-1815.9,-843.3,234.,1109.,1452.8,1519.,1368.5,835.2,283.,-30.5,-254.6,-395.9,-344.,-297.,-219.1,-118.1,-70.8,-46.6,M
374.6,374.6,271.7,-28.6,-429.,-717.2,-802.4,-792.7,-640.3,-381.6,-217.5,-169.4,-100.2,-11.8,-44.,-310.5,-525.6,-825.8,-1289.2,-1579.,-1616.5,-1527.4,-1473.4,-1321.4,-1172.9,-982.1,-841.8,-504.8,11.,412.6,689.1,742.8,727.8,675.5,639.4,652.,663.4,573.4,483.4,H
-1310.6,-1310.6,-1298.4,-1285.6,-1235.7,-1136.3,-1086.2,-1002.8,-829.6,-671.5,-562.2,-521.2,-462.7,-372.6,-322.9,-285.7,-266.6,-246.,-286.7,-520.6,-858.6,-1024.,-1114.9,-1272.2,-1132.8,-782.,-637.,-560.5,-382.8,-190.1,153.,404.6,551.7,920.2,1126.3,989.9,868.8,795.6,722.4,S
-728.6,-731.9,-688.4,-605.3,-490.,-433.1,-391.3,-292.4,-187.6,-117.8,-90.6,7.1,149.,267.1,313.8,232.5,-114.7,-676.7,-1121.2,-1269.6,-1339.3,-1168.,-758.5,-293.6,2.8,426.,1188.4,1943.3,2409.,2459.,2381.6,2140.6,1786.9,1470.3,1343.8,1286.5,1164.7,969.4,838.6,M
-216.,-179.5,-88.,-148.5,-264.,-368.9,-230.6,335.2,1103.3,1548.8,1821.9,1934.8,1520.,1030.9,796.4,677.3,463.1,316.1,309.4,354.6,-332.,-1598.,-2528.3,-3027.5,-3175.8,-2201.6,-311.2,1623.1,3239.,3836.8,3823.3,3683.,2910.3,1739.8,1215.2,1049.3,862.2,864.5,888.,H
420.8,542.9,665.,782.1,917.9,884.6,659.2,485.8,277.9,-107.4,-310.4,-292.7,-249.4,-133.4,-100.7,-298.7,-477.6,-541.8,-606.3,-318.3,327.5,923.3,1225.8,1477.4,1691.6,1638.7,1570.,1516.8,1346.7,940.6,447.2,-47.2,-284.2,-363.5,-395.9,-271.5,-134.1,-74.2,-74.2,S
-1053.4,-909.5,-656.8,-548.,-439.7,-275.6,-145.7,36.7,145.,232.3,369.8,480.,568.8,597.6,571.9,567.1,619.7,578.4,505.4,472.6,336.,105.,-149.9,-277.6,-326.8,-353.9,-191.8,419.,889.8,1345.3,2144.8,2701.5,2770.5,2626.8,2409.5,2018.3,1678.8,1388.6,1264.,M
329.2,416.4,503.6,523.7,560.3,604.2,544.4,439.3,240.7,-234.6,-734.7,-940.2,-1087.3,-1296.5,-1407.8,-1938.9,-2420.8,-2438.5,-2337.4,-2088.1,-1255.6,-553.6,114.8,1269.2,2419.9,3490.2,3895.8,3726.9,3351.7,2667.8,1771.2,1352.2,1175.2,958.5,1094.6,1183.2,1096.,956.2,816.4,H
-165.,-165.,-121.1,-53.7,-12.9,23.7,43.,37.2,50.7,119.,209.,250.,286.1,330.7,341.8,330.3,316.2,270.4,133.1,-71.3,-253.3,-322.4,-358.5,-354.2,-151.,161.3,310.8,421.6,586.5,616.8,555.7,518.4,513.6,516.9,540.4,576.2,596.6,569.5,542.4,M
-64.8,-50.7,-20.4,-4.2,18.9,-32.9,-145.5,-155.7,-128.2,31.6,519.2,1128.,1469.1,1529.2,1425.6,1124.2,759.6,590.1,587.4,554.4,616.1,688.6,639.5,612.6,549.4,387.5,253.3,146.2,74.6,95.,64.,36.8,117.4,173.8,125.5,9.8,-144.2,-324.1,-417.4,H
221.,262.8,346.3,413.1,438.2,445.4,295.7,-90.8,-570.9,-821.4,-1022.5,-1218.6,-1086.2,-842.3,-725.8,-656.4,-544.5,-472.,-373.9,-315.7,-278.2,-220.4,-127.2,66.5,187.3,379.,633.6,529.6,110.9,-131.,-381.7,-755.1,-804.1,-599.4,-521.7,-508.3,-380.3,-304.,-289.,M
405.,325.7,302.,308.8,260.,465.6,735.9,649.,326.6,155.8,-276.7,-809.,-781.9,-388.2,-121.4,169.8,681.8,963.,1147.9,1272.4,1480.1,1686.4,1624.8,1468.1,1371.6,1120.4,722.6,476.3,266.3,156.,125.2,154.1,278.6,340.1,336.8,259.2,65.8,-135.5,-221.,H
133.8,133.8,186.4,213.2,43.6,-273.5,-446.8,-588.7,-782.8,-742.4,-532.9,-416.,-352.1,-245.,-55.3,302.8,514.4,596.5,753.8,814.3,716.,632.4,704.5,830.6,800.8,574.6,432.2,281.5,12.2,-123.1,-72.4,-5.,27.3,83.8,94.4,50.8,20.8,10.4,0.,S
-134.6,-274.1,-510.7,-607.8,-691.4,-778.3,-789.6,-840.4,-883.2,-896.9,-889.7,-790.5,-597.7,-483.2,-314.9,-71.5,119.2,215.9,197.,62.2,-171.5,-429.1,-586.8,-585.8,-531.1,-397.2,-148.,107.3,192.6,334.6,655.2,905.4,1013.,1049.,1029.2,967.,870.7,797.3,777.8,M
-23.,-16.2,-1.7,2.5,15.7,32.4,30.9,4.6,-2.3,6.9,-1.8,-11.2,-5.2,-5.5,-11.3,-1.4,-0.1,6.7,11.9,3.1,-5.4,-2.6,6.4,-0.3,0.3,13.8,5.6,-18.2,-14.4,-4.3,-13.6,-13.7,3.7,15.5,7.7,5.6,13.9,10.3,-1.6,H
0.,33.1,109.1,188.3,224.6,259.4,239.7,120.1,0.7,-53.6,-96.8,-115.6,-107.3,-130.6,-137.8,-161.3,-196.8,-204.6,-192.6,-184.8,-140.9,-54.6,21.7,90.1,124.6,177.8,272.2,371.3,417.4,405.6,343.7,193.8,57.9,4.7,-0.6,-3.9,6.2,9.8,0.,S
-55.8,-65.9,-83.1,-59.2,-28.2,-0.4,56.6,99.,141.3,170.4,160.6,129.2,84.9,20.6,-21.,-77.1,-167.3,-197.1,-203.6,-214.4,-187.2,-100.8,1.9,88.7,132.,177.9,214.,212.3,198.7,177.,192.2,232.8,247.7,275.4,313.6,267.,182.2,115.2,86.4,S
