-88.8,-156.6,-241.1,-302.7,-329.2,-310.8,-246.,-185.3,-96.2,141.9,286.8,613.8,1213.8,1625.4,1783.4,1802.8,1508.,983.2,542.8,159.3,-13.8,-109.4,-263.3,-340.4,-375.6,-392.,-391.6,-411.3,-429.3,-401.2,-375.2,-324.5,-231.5,-131.6,-48.8,-23.6,-8.3,20.9,34.8,H
0.,0.,0.,6.,12.,26.1,66.,112.3,175.3,217.8,249.3,309.8,355.3,266.5,161.2,-29.,-348.8,-529.3,-521.5,-462.8,-394.7,-266.9,-245.5,-285.2,-286.6,-204.2,-33.2,130.9,271.4,336.4,330.5,251.1,154.3,65.5,0.,0.,0.,0.,0.,S
0.,0.,0.,0.,0.,0.,0.,16.4,30.1,-4.5,-56.4,-76.4,-43.4,51.8,174.7,278.6,321.8,283.1,220.4,129.8,-68.6,-200.4,-309.7,-505.1,-664.,-643.7,-550.6,-511.7,-422.2,-261.,-134.9,-119.4,-59.7,0.,0.,0.,0.,0.,0.,M
0.,0.,0.,0.,0.,6.9,14.1,30.5,93.3,140.,150.5,162.8,174.4,193.4,202.6,134.7,-25.3,-222.5,-458.3,-589.,-602.6,-579.2,-480.2,-359.7,-301.2,-209.,-65.9,13.,111.2,181.4,153.3,127.3,118.6,53.9,0.,0.,0.,0.,0.,S
0.,0.,0.,0.,0.,0.,0.,43.,152.,271.5,396.6,468.2,438.8,252.5,88.6,123.7,165.8,221.5,364.2,376.8,153.1,3.8,-64.2,-124.1,-133.,-134.1,-118.2,-97.6,-81.2,-40.5,24.1,43.8,21.9,0.,0.,0.,0.,0.,0.,H
0.,0.,0.,0.,0.,0.,0.,-19.9,-80.4,-121.,-128.3,-160.,-182.1,-197.,-214.2,-131.,37.8,236.,489.9,631.2,639.,548.4,246.8,-115.9,-275.4,-433.6,-635.8,-571.6,-387.4,-311.4,-236.9,-81.2,0.,0.,0.,0.,0.,0.,0.,M
0.,0.,0.,0.,0.,0.,-7.6,-3.4,53.7,60.1,21.2,-115.6,-464.3,-1190.1,-1800.7,-1897.4,-1753.5,-1358.2,-488.5,364.3,598.8,767.4,1051.4,1158.8,1173.4,1196.,1118.8,956.7,730.1,466.9,345.4,254.5,81.8,0.,0.,0.,0.,0.,0.,M
0.,0.,0.,0.,0.,0.,14.7,17.4,7.9,10.4,-0.7,36.3,169.9,354.4,453.4,634.9,887.7,958.3,857.5,757.4,599.,331.8,245.,398.8,530.6,655.,862.2,972.4,866.6,733.4,597.,352.5,122.2,0.,0.,0.,0.,0.,0.,S
0.,0.,0.,0.,0.,0.,16.7,-16.,-135.7,-248.1,-290.2,-366.1,-420.5,-323.9,-247.5,-246.2,-73.2,558.4,1649.2,2711.8,3142.2,3390.9,3518.9,2853.8,1887.,1464.6,1055.3,275.6,-288.5,-449.4,-416.6,-369.8,-262.6,-101.1,0.,0.,0.,0.,0.,H
-31.2,-4.3,9.5,-3.6,1.6,110.,305.9,506.1,613.6,717.9,850.4,892.3,814.6,723.2,592.,315.9,-18.6,-212.3,-216.4,-236.8,-290.7,-357.,-545.4,-701.,-1340.4,-2562.1,-3352.7,-3326.6,-3092.2,-2242.4,-565.,725.4,1250.7,1313.2,1299.6,1249.3,1234.9,1323.6,1390.,H
114.,124.,134.,78.2,-90.2,-287.4,-392.2,-412.4,-387.5,-284.6,-151.4,-82.,-67.8,-40.6,-3.1,27.9,11.9,-24.8,-88.1,-194.9,-206.9,-100.5,-25.6,44.1,137.4,120.9,37.3,-6.2,-23.5,-17.8,-9.6,-1.8,11.2,-19.9,-43.3,-30.9,-16.6,23.4,63.4,S
32.,113.1,236.5,256.7,103.,-28.6,-170.,-399.2,-549.,-572.7,-534.4,-461.6,-345.8,-256.7,-168.6,-126.6,-73.2,50.5,201.1,343.5,405.6,453.7,543.2,599.1,540.,466.4,352.3,85.9,-185.5,-362.4,-420.2,-370.7,-301.1,-267.5,-195.3,-136.6,-201.5,-243.9,-221.4,M
176.2,205.8,276.1,307.5,322.3,346.4,303.5,187.7,51.9,-101.1,-191.2,-195.,-170.6,-139.2,-128.,-120.,-72.4,52.3,223.2,407.6,498.2,528.8,571.9,566.6,539.,529.2,473.4,292.6,32.,-245.1,-386.6,-476.2,-554.9,-484.3,-350.9,-277.2,-213.7,-113.2,-76.2,S
-110.4,-75.8,-14.7,48.9,136.1,186.2,197.4,213.,168.1,36.9,-45.,4.3,109.,223.1,348.7,415.6,435.3,426.7,367.1,319.4,303.,240.6,195.9,266.6,379.4,439.2,498.,586.8,315.3,-538.8,-1091.4,-1528.2,-2178.7,-2086.4,-1125.2,-470.,153.7,1204.1,1630.8,H
105.4,105.4,40.8,-206.6,-547.9,-874.3,-1042.2,-1208.3,-1443.8,-1518.1,-1532.8,-1542.6,-1497.7,-1323.4,-1089.3,-844.4,-704.2,-611.3,-462.1,-311.8,-135.5,-53.2,25.2,133.8,107.7,-15.3,-82.,-134.7,-175.4,-84.1,67.8,140.4,214.3,320.8,405.6,519.5,581.2,653.3,725.4,M
-351.,-415.6,-480.2,-489.1,-548.1,-645.6,-709.6,-726.2,-740.4,-743.8,-630.4,-438.4,-349.,-234.2,-13.8,64.9,6.2,-25.6,-61.6,-147.7,-230.6,-368.3,-473.2,-697.6,-1041.7,-1186.7,-1095.1,-978.2,-769.2,-437.6,-272.3,-278.3,-327.,-268.1,-120.4,134.7,417.,533.,533.,M
-401.6,-443.,-455.8,-427.2,-410.4,-471.2,-656.6,-887.4,-1010.4,-1126.2,-1193.9,-1065.5,-896.,-806.8,-724.1,-652.9,-685.,-722.9,-740.2,-698.5,-594.7,-460.1,-309.,-230.4,-165.5,-52.7,-134.4,-411.3,-558.6,-735.5,-954.,-825.6,-470.4,-285.2,-72.2,258.,351.8,301.4,274.4,S
132.6,142.8,93.2,33.4,-16.8,-147.2,-336.7,-589.2,-951.7,-1145.,-1190.3,-1249.5,-1126.6,-836.3,-656.8,-530.2,-316.9,-259.8,-338.2,-387.,-435.7,-546.1,-556.7,-428.3,-351.,-293.5,-100.9,-228.8,-480.5,-661.1,-882.4,-756.8,28.7,991.7,1516.1,2083.7,2548.5,2620.6,2603.6,H
0.,0.,-78.7,-168.,-209.7,-315.6,-390.4,-466.6,-639.2,-727.3,-978.9,-1238.8,-1289.7,-1248.1,-1318.6,-1235.4,-989.2,-919.5,-811.2,-628.5,-450.2,-416.,-346.2,-492.3,-856.2,-1048.6,-1093.,-1077.3,-932.6,-641.2,-380.1,-335.2,-364.3,-276.8,-186.7,-159.4,-105.6,-25.9,0.,H
0.,0.,0.,0.,0.,0.,27.8,55.6,101.5,193.5,272.1,201.4,16.1,-111.9,-385.1,-803.6,-1043.,-1009.1,-1067.1,-1136.,-999.2,-960.9,-988.2,-954.6,-892.1,-834.6,-701.6,-597.2,-490.7,-303.1,-157.5,-46.5,0.,0.,0.,0.,0.,0.,0.,S
0.,0.,-191.9,-523.4,-781.,-966.5,-1034.,-901.4,-710.,-591.3,-516.7,-502.,-493.8,-421.2,-315.7,-251.6,-228.6,-444.1,-906.2,-1424.6,-1926.8,-2157.2,-1975.2,-1696.,-1527.3,-1350.2,-1244.6,-1264.7,-1144.4,-703.8,-57.8,288.,587.9,913.2,855.7,581.6,390.4,195.2,0.,M
0.,0.,0.,-109.,-218.,-278.3,-369.3,-443.9,-426.9,-366.,-348.7,-414.2,-650.5,-928.5,-1053.,-1208.8,-1372.,-1228.9,-986.1,-893.8,-784.2,-625.5,-599.6,-606.5,-590.2,-484.2,-309.3,-184.4,-41.5,45.4,28.6,14.7,31.7,22.9,0.,0.,0.,0.,0.,S
190.,230.,270.,219.5,23.6,-285.3,-619.,-789.2,-865.7,-1105.2,-1228.8,-1475.6,-1761.8,-1984.6,-2013.2,-1845.1,-1194.8,-518.4,19.4,1033.8,1915.9,2288.3,2255.2,2470.2,2615.3,2471.1,2203.4,2010.,1621.4,814.8,136.1,-154.5,-184.4,-254.8,-270.4,-158.9,-105.8,-109.4,-109.4,H
0.,0.,0.,-51.2,-102.4,-131.1,-207.4,-308.6,-315.,-267.8,-248.2,-177.8,-110.9,-297.8,-500.8,-597.2,-842.2,-1156.5,-1149.5,-976.8,-886.,-696.8,-523.9,-529.4,-609.4,-725.,-850.1,-811.8,-738.4,-712.8,-582.5,-395.7,-258.3,-88.7,0.,0.,0.,0.,0.,M
0.,0.,-120.4,-347.7,-454.6,-573.6,-797.1,-894.6,-894.2,-900.8,-861.7,-796.4,-673.,-660.9,-746.,-1041.1,-1487.6,-1735.1,-1653.8,-1476.4,-1099.1,-590.2,-354.4,-249.8,-249.4,-193.7,57.7,351.5,564.6,679.6,685.2,593.2,405.6,221.4,127.2,63.6,0.,0.,0.,M
0.,0.,0.,0.,-6.4,-2.6,8.5,8.9,-1.7,5.3,0.8,-55.4,-171.6,-321.5,-476.5,-626.4,-713.6,-711.9,-723.,-759.2,-728.6,-693.7,-632.3,-504.7,-341.6,-180.2,-52.3,36.7,122.4,161.,119.6,89.1,52.8,11.1,0.,0.,0.,0.,0.,S
0.,0.,-98.1,-324.,-669.,-886.2,-1161.1,-1597.7,-1851.4,-1957.1,-1970.8,-1905.3,-1840.,-1811.7,-1523.5,-1263.8,-1351.2,-1202.,-817.5,-726.1,-782.6,-494.5,-300.6,-346.3,-483.8,-669.8,-885.3,-1186.4,-1424.3,-1528.1,-1479.6,-1347.1,-1011.4,-661.,-348.6,-183.4,-91.7,0.,0.,H
-5427.2,-4528.6,-2536.3,-1380.4,-1318.2,-2050.7,-2902.2,-2479.4,-199.5,1538.6,4367.3,7196.,7838.9,8256.3,8030.8,6763.8,6008.6,5344.9,3848.9,3528.4,2660.9,1298.4,742.7,202.5,-277.,110.1,652.,832.6,-388.7,-1635.8,-1641.4,140.,2749.7,6966.7,10361.,12841.2,14759.3,15180.3,16163.4,H
-603.4,-1908.9,-3214.4,-4365.,-6154.2,-6827.2,-6673.3,-6485.,-6445.7,-6673.1,-7087.3,-7057.7,-6880.6,-6372.3,-5252.3,-4057.8,-2922.2,-2369.4,-1636.9,-117.5,1270.6,2061.8,2251.8,1896.7,1335.7,999.1,1085.2,1302.,1648.1,1972.8,2110.2,2207.6,2146.2,1914.1,1429.2,530.3,-552.5,-989.2,-989.2,S
-209.4,-1006.1,-2810.7,-4249.5,-5184.8,-5689.2,-6023.9,-6283.1,-6284.3,-5766.6,-5172.2,-4558.5,-3680.6,-3622.5,-4027.1,-4225.6,-4121.1,-3574.,-2081.5,563.,2157.6,3873.,7301.9,9785.8,10591.4,10626.6,10069.8,8131.4,5257.7,2282.7,799.8,-116.3,-1250.7,-1226.2,-901.,-818.6,-1036.6,-1248.2,-1241.8,M
-3456.2,-3531.5,-3606.8,-2663.6,-1238.1,-681.5,-460.,-312.8,-61.4,930.7,2562.1,4338.5,5224.2,5901.3,6842.2,6957.8,6293.8,5778.,5168.9,3959.,3244.4,2765.7,2400.8,1444.9,-433.2,-2161.2,-3084.5,-3202.,-2664.5,-1723.3,-1154.7,-1035.4,-1081.,-954.9,-533.7,41.1,550.8,780.8,780.8,S
-6728.,-6728.,-7860.,-9170.2,-8663.,-7513.3,-7049.,-6714.3,-6021.1,-5458.9,-4704.9,-4154.6,-3661.5,-2581.5,-1145.7,872.7,2042.2,3382.5,4242.5,2770.7,180.,-1419.2,-3106.8,-4266.7,-3834.5,-4729.8,-5529.6,-6854.7,-9001.1,-9368.8,-5783.1,-2651.,1345.1,8184.1,13548.6,16024.7,15979.2,15112.2,14245.2,H
860.6,899.3,997.,1056.,946.6,316.8,-776.7,-1628.3,-1906.8,-1865.4,-1139.8,158.4,942.4,1112.4,1111.6,1142.3,1267.5,1340.3,1319.4,1936.5,3288.5,4618.3,6032.4,6851.6,7151.2,7276.6,6805.8,6312.9,6116.6,5268.1,2557.3,-731.8,-3654.,-5149.4,-5539.7,-5019.9,-3354.4,-1804.1,-1009.2,M
6223.6,7709.5,9195.4,10035.1,10579.3,9646.2,8028.5,7048.4,6286.6,5179.2,4726.9,4629.9,4639.6,4701.4,4878.3,4961.8,5063.8,5197.4,5524.2,5583.8,4985.6,4363.4,4072.2,4049.8,4519.9,5487.2,6171.2,6380.4,6044.2,5382.8,4434.1,1968.7,126.8,-1765.5,-5202.4,-7549.6,-7774.,-7195.8,-7195.8,M
3447.8,2615.4,1783.,190.1,-2980.7,-5571.3,-6965.9,-7347.8,-6400.2,-4316.6,-1861.5,392.8,1328.,2184.3,3847.,5173.6,6581.1,7468.4,7533.3,7544.8,7137.,6243.4,5704.2,5557.8,5191.3,4651.5,3641.7,2951.6,1495.4,-1572.4,-4359.2,-6155.3,-6776.2,-6353.1,-5316.,-4316.9,-3933.8,-3935.8,-3935.8,S
10857.4,10205.3,7398.5,1434.,-5264.8,-8153.8,-9623.2,-10591.7,-8027.4,-4581.9,-3199.8,-2245.6,-643.1,853.1,3979.6,6258.2,9524.4,14975.2,17696.7,16265.9,14298.2,11524.5,6412.5,2217.7,-1356.1,-3073.4,-4921.3,-8044.1,-9967.2,-9944.5,-9273.6,-8005.6,-5836.8,-4597.2,-4166.4,-4074.4,-4410.1,-4709.5,-4673.2,H
0.,-6.6,-0.9,6.9,2.4,-7.6,-2.1,-4.,-15.6,-9.8,6.8,12.8,-2.6,-4.4,-1.4,-10.2,-10.6,1.8,9.5,10.7,10.4,8.9,7.3,2.5,-1.9,9.,7.4,8.9,10.9,1.4,-2.5,-0.9,-17.,-30.2,-21.8,-26.3,-29.3,-13.9,0.,H
0.,0.,0.,0.,0.,2.,-16.2,-36.4,-74.7,-123.5,-157.7,-179.1,-176.8,-171.4,-163.9,114.1,438.7,487.4,456.1,326.3,-116.2,-469.6,-479.,-426.8,-280.3,-65.8,93.5,132.6,226.3,332.6,314.8,223.9,163.4,81.7,0.,0.,0.,0.,0.,S
201.2,248.1,295.,312.8,224.6,31.6,-210.1,-364.8,-465.4,-554.8,-669.5,-529.3,-263.2,-93.4,475.2,898.2,738.2,554.,450.8,-320.5,-678.7,-342.9,-152.,221.5,851.9,1351.2,1428.6,1478.,1523.3,1526.3,1414.9,1296.4,1156.3,782.9,425.9,180.3,58.4,-15.9,-90.2,M
0.,0.,0.,-15.1,-58.8,-87.4,-143.7,-213.7,-257.2,-279.,-271.,-234.1,-228.5,-151.8,160.9,365.6,487.4,764.7,659.3,278.2,158.,223.1,269.3,503.5,826.7,896.8,855.4,800.1,748.9,496.5,281.4,155.3,-48.5,-144.2,-81.1,0.,0.,0.,0.,S
0.,0.,-79.6,-159.2,-189.8,-223.5,-250.5,-169.2,-64.,-21.7,168.,479.7,661.3,678.6,663.4,138.7,-170.9,-198.2,-425.4,-325.6,463.6,1338.3,2112.,2700.4,2955.,3040.8,2363.7,1409.,962.6,569.1,16.6,-172.5,-160.3,-118.,-75.4,-29.2,-12.8,0.,0.,H
0.,0.,0.,-35.9,-93.9,-160.3,-204.6,-206.1,-165.8,-80.2,-27.,-17.6,70.,274.1,514.7,418.,197.2,328.,266.2,199.,784.9,1245.4,1058.4,774.9,222.6,-418.8,-604.4,-651.,-554.3,-264.1,-136.4,-155.6,-138.9,-98.8,-37.7,0.,0.,0.,0.,M
0.,0.,0.,0.,21.9,43.8,58.9,82.4,74.9,15.,-29.,-36.1,154.6,155.4,-140.,-238.4,-415.8,-870.8,-866.3,-92.8,398.6,886.5,1853.2,2483.,2391.7,2149.4,1927.,1311.6,633.2,219.2,90.6,-5.5,-116.,-65.2,0.,0.,0.,0.,0.,M
0.,0.,0.,0.,0.,0.,-3.7,12.2,80.4,159.4,189.8,199.4,185.9,38.3,-116.6,-55.,104.7,152.8,9.7,-113.8,-144.7,-217.6,-299.7,-154.8,30.2,1.3,-69.5,-48.2,29.4,43.8,11.6,-10.3,0.,0.,0.,0.,0.,0.,0.,S
0.,0.,0.,0.,0.,0.,0.,20.1,43.9,-79.8,2.1,17.9,-208.1,-252.6,-364.7,-942.4,-1506.4,-1813.,-1688.2,-815.9,202.7,1137.4,1917.3,1997.6,1480.4,1031.8,696.9,445.7,261.3,142.,67.8,16.2,0.,0.,0.,0.,0.,0.,0.,H
0.,49.5,143.6,267.9,440.1,532.6,632.4,810.,963.8,1086.4,1133.,1090.6,995.,943.7,961.2,976.8,1015.8,966.7,545.5,-56.2,-324.8,-594.1,-737.,-366.8,15.3,153.6,306.,367.1,260.,299.4,354.6,530.2,689.6,620.9,488.8,409.2,204.6,0.,0.,H
0.,0.,-88.5,-169.6,-162.2,-68.1,144.9,457.8,792.5,933.2,1041.5,1262.9,1785.9,2047.7,1899.6,1896.6,1809.6,1435.9,1354.3,1562.4,1255.4,500.6,-286.1,-833.1,-1044.5,-867.2,-240.9,449.2,693.6,835.5,1247.6,1371.9,1094.8,963.6,825.,343.2,0.,0.,0.,S
0.,-234.7,-659.,-967.8,-1087.,-1193.1,-1217.5,-1061.9,-968.4,-948.8,-908.,-766.,-590.5,-440.9,-365.6,-315.9,-200.,29.6,155.5,118.,-83.,-388.5,-620.9,-820.,-891.2,-834.9,-912.5,-1279.5,-1606.4,-1700.2,-1768.3,-1792.7,-1678.3,-1380.8,-1154.,-925.6,-516.9,-168.3,0.,M
0.,88.4,176.8,276.2,449.4,604.1,662.3,639.6,633.4,240.,-907.6,-2404.7,-3141.4,-3866.,-4779.,-4581.8,-3643.9,-3091.6,-2539.9,-1568.6,-884.2,-474.7,-330.,-266.4,-142.3,-21.6,3.3,-32.,-24.3,19.3,63.5,-126.7,-977.6,-1621.6,-1627.4,-1681.,-1512.6,-652.4,0.,S
0.,-693.4,-1386.8,-1851.4,-2644.2,-3163.3,-2851.8,-2349.4,-2089.9,-1656.7,-1373.5,-1033.,-802.,-855.1,-412.3,438.,1343.8,1895.2,2423.2,2874.7,1915.7,-206.7,-1446.6,-2128.5,-3320.4,-3303.1,-2266.,-1756.2,-1540.4,-1275.5,-1186.2,-1057.7,-969.4,-773.1,-380.8,-142.8,-50.4,0.,0.,H
0.,0.,142.8,404.8,524.,269.1,-385.8,-1147.1,-1717.4,-1926.4,-1678.6,-954.1,-213.5,350.4,650.4,923.3,1276.4,1532.8,1793.9,1878.8,1993.4,2391.,2939.2,3535.6,3866.8,3496.4,2490.7,1188.8,-249.4,-1021.,-1117.1,-1017.8,-642.6,-317.5,-172.2,-86.1,0.,0.,0.,M
268.2,-340.2,-1782.2,-2615.8,-3135.6,-4024.7,-3871.7,-2480.7,-1612.,-1025.6,-170.9,274.,519.6,588.6,362.4,-316.6,-821.9,-553.,-231.6,491.9,2191.7,3853.,4153.6,3769.2,2681.6,740.8,-944.3,-1868.6,-1961.,-1424.8,-596.7,-229.6,-105.6,-56.8,-69.3,-77.1,-38.7,-2.5,0.,M
16.2,147.7,432.5,818.3,1050.8,1302.1,1643.5,1832.6,1905.7,1879.8,1654.6,461.9,-1591.8,-3435.2,-4192.4,-4553.4,-4339.4,-2931.4,-1430.,-761.6,-377.8,285.9,773.4,1107.2,1233.4,1531.8,2027.6,2280.9,2365.4,2394.,2248.2,2030.2,1529.,-104.1,-1308.2,-1517.8,-1961.6,-2029.4,-1863.,S
0.,0.,0.,106.7,352.3,682.6,1163.2,1452.4,1607.,1863.,2094.3,2330.6,2437.,1585.6,-408.7,-2068.7,-2739.6,-2893.4,-1686.7,992.3,3160.3,4059.2,4262.4,4101.4,3649.9,3150.,2776.5,2612.4,2303.2,1859.2,1504.5,653.8,23.,-123.4,-414.2,-629.2,-349.9,0.,0.,H
21.6,-279.1,-1043.9,-1508.,-1723.8,-1721.1,-1220.1,-704.6,-506.7,-301.9,70.1,351.8,636.9,807.5,746.8,276.1,-548.8,-1383.5,-1768.2,-1684.4,-1342.7,-939.4,-544.8,-501.2,-626.8,-243.1,696.5,1332.4,1936.7,2686.7,2694.2,2182.,1886.8,1566.9,991.9,798.2,854.1,848.6,769.8,H
-54.,-99.3,-332.3,-885.4,-1564.7,-1878.6,-2162.9,-2616.1,-2656.7,-2371.7,-2215.,-1960.9,-1270.7,-382.6,308.3,547.2,899.2,1655.4,2309.1,2806.3,3054.,3171.9,3039.,2432.4,1856.4,1636.2,1493.3,1378.4,1571.4,1616.2,1496.,1112.5,294.3,-497.6,-1044.1,-1233.4,-1101.4,-795.6,-621.8,S
-162.,-237.,-335.1,-358.4,-341.,-199.4,56.7,260.8,404.2,488.8,553.4,642.5,981.7,1370.4,1280.9,714.5,-4.4,-910.9,-1797.3,-2001.5,-1658.5,-1038.2,-510.6,-545.5,-891.9,-1095.4,-1381.3,-1548.3,-1228.7,-878.5,-688.7,-578.2,-618.6,-598.9,-411.,-299.1,-214.3,-73.2,0.,M
0.,0.,-43.,-83.3,-77.8,-37.1,0.8,70.5,100.6,-163.5,-863.3,-1338.6,-1856.8,-2249.8,-1451.7,-341.4,420.9,1489.7,2331.6,2267.4,2105.2,2012.1,1696.9,1356.9,964.7,690.4,431.3,30.5,-300.6,-619.9,-749.8,-722.5,-583.8,-351.4,-115.2,0.,0.,0.,0.,S
191.6,233.9,292.2,308.2,257.,-131.4,-840.8,-1498.1,-1783.2,-1886.,-1882.6,-1537.4,-1457.1,-1615.8,-2243.,-3003.3,-3102.5,-2198.3,-1328.,-105.4,2134.1,4084.,5079.6,5142.2,5105.3,4607.3,3183.4,1242.,263.4,-595.2,-2086.6,-3021.9,-3219.9,-3115.4,-2681.2,-1881.8,-1127.3,-369.,0.,H
0.,74.,312.1,683.9,1046.5,1201.4,1190.9,866.,132.5,-513.3,-740.,-928.3,-1071.4,-850.6,-851.7,-1028.4,-1673.3,-2536.4,-2983.,-3050.1,-2888.8,-2087.9,-324.2,2005.,4292.,5212.6,5952.1,6497.1,5190.9,3151.6,2224.,1389.,27.9,-488.7,-385.,-290.8,-226.5,-81.1,0.,M
-16.8,-16.8,120.2,380.3,524.2,565.2,585.4,542.2,121.,-694.,-1528.7,-1926.4,-2251.3,-2582.3,-2678.8,-3148.4,-3527.6,-2836.8,-1559.7,-231.7,1553.6,2597.2,2455.2,2311.4,2221.4,2178.3,2223.4,2524.3,3147.1,3538.6,3292.8,2977.4,2183.2,330.5,-1411.7,-2609.,-3122.6,-3305.3,-3488.,M
0.,0.,0.,154.8,443.4,756.9,936.6,1080.6,1271.6,1350.7,1118.6,854.4,224.9,-1181.6,-2487.,-3382.4,-3749.4,-3353.6,-2124.,-595.,794.2,1488.2,1873.9,2060.8,1623.2,1268.,1151.6,973.9,896.3,1043.,963.5,837.4,719.1,440.9,140.5,0.,0.,0.,0.,S
-212.8,-53.3,106.2,170.9,-37.4,-819.1,-1811.,-2294.2,-2650.4,-3118.9,-3122.1,-2548.6,-2084.2,-2034.7,-1594.5,-1068.4,-1117.4,-1301.8,-644.8,336.4,1130.5,1906.1,2211.8,1618.3,949.7,1741.2,2895.7,3183.6,3387.1,2991.2,1031.5,-991.4,-1654.,-1835.5,-1745.6,-1180.7,-628.7,-370.2,-370.2,H
0.,0.,0.,38.4,108.8,76.2,-264.9,-541.4,-1288.6,-2799.3,-3458.3,-2951.5,-2549.2,-1380.6,886.4,2133.7,2028.3,1774.,211.5,-4903.5,-10378.9,-11257.4,-10213.,-7526.,-768.5,5465.1,7023.6,6419.,5038.,2974.1,2280.5,1958.5,1647.2,1443.9,1038.6,418.3,0.,0.,0.,H
0.,-28.2,-42.4,-18.4,-8.4,-58.1,-158.4,-272.3,-300.9,-266.2,16.6,622.6,1108.4,1354.3,1437.6,1318.1,816.8,160.2,-1536.,-2957.4,-4759.7,-6756.3,-6163.2,-3027.2,-678.6,2106.6,5802.1,6437.9,5278.5,4393.6,3477.7,1886.6,828.7,275.7,105.4,-75.2,-159.2,-31.3,0.,S
0.,0.,0.,-46.9,-156.6,-278.3,-364.2,-406.5,-445.5,-421.3,-269.7,-351.,-354.8,-116.4,-240.3,-900.3,-2179.5,-3610.4,-3607.5,-1892.1,382.3,2976.7,4952.5,4988.1,3585.9,2019.9,852.3,209.8,48.6,60.1,-21.5,-22.9,120.8,91.,-24.3,-21.,0.,0.,0.,M
0.,20.2,15.2,-10.,-43.8,-127.2,-267.8,-396.2,-469.7,-472.,-418.,-275.9,51.1,476.9,697.6,761.2,778.7,194.8,-527.6,-1408.1,-2800.4,-3466.7,-2618.,-1799.4,-814.5,943.5,1712.3,1267.4,786.6,457.4,37.3,-96.9,-44.8,50.6,90.8,111.,103.5,37.9,0.,S
0.,0.,-91.4,-214.3,-272.7,-350.3,-421.4,-350.4,-429.8,-907.5,-1268.6,-1302.4,-965.4,-378.8,-252.6,-817.4,-1238.4,-2120.9,-4299.9,-6410.6,-6295.4,-4404.1,-2876.3,29.6,4401.6,6261.9,5274.,4457.8,3577.8,2372.2,2085.7,2268.1,2411.4,2180.2,1534.4,848.9,289.,0.,0.,H
0.,0.,0.,-64.8,-142.7,-177.9,-282.9,-365.8,-431.2,-569.5,-659.5,-682.,-687.4,-786.1,-888.7,-784.8,-631.6,-586.2,-468.9,-1226.2,-3333.2,-5084.5,-5603.4,-4657.7,-1744.6,1932.1,4291.4,4941.4,4041.8,2237.1,870.6,456.2,503.2,568.7,536.4,354.5,135.2,0.,0.,M
0.,-22.9,-76.,-88.6,-29.2,12.6,-36.1,-42.5,56.7,38.9,-35.8,289.,1018.3,1652.8,1451.4,1020.,465.,-889.3,-2848.5,-4497.9,-4987.4,-4522.6,-2549.5,891.7,4442.8,6061.,6076.3,5041.2,3063.4,1471.6,807.2,671.9,414.2,141.7,-8.4,-8.4,-51.4,-47.2,0.,M
0.,-17.3,-95.8,-157.,-143.9,-213.7,-247.9,-152.1,-105.,-78.7,98.,226.4,213.9,223.4,161.5,138.1,81.7,-191.6,-370.,-709.4,-1879.6,-3143.3,-3108.8,-2641.4,-1660.3,684.,2988.3,3645.,3454.5,2924.8,1684.,719.,353.,240.9,151.4,134.6,38.5,-18.2,0.,S
105.4,79.4,83.6,106.3,98.8,5.4,-273.8,-827.1,-1733.4,-2272.2,-2925.4,-3776.9,-3640.3,-1934.9,-564.4,368.4,940.2,-697.3,-3216.5,-4459.2,-6036.3,-7848.3,-5689.4,-998.4,1298.8,4185.2,8837.7,10066.6,7973.2,6417.,4951.8,2686.2,1259.6,310.9,-11.6,-94.6,-137.3,-48.5,0.,H
0.,-117.4,-234.8,-285.8,-370.4,-428.5,-360.2,-267.4,-235.3,-260.8,-358.9,-502.3,-605.2,-663.8,-793.9,-1068.2,-839.8,-408.6,-977.,-1109.1,-449.3,-1181.9,-2138.,-992.8,51.8,116.7,1056.6,1831.,1421.8,879.1,728.1,704.6,698.6,608.5,478.9,335.7,116.,0.,0.,H
-177.4,-197.3,-205.5,-210.6,-226.4,-225.4,-255.6,-388.7,-568.4,-737.5,-829.8,-930.2,-985.5,-976.6,-962.2,-911.6,-912.2,-816.6,-510.6,-185.2,-69.6,220.2,526.3,520.5,439.9,381.4,226.1,40.3,-63.2,-246.8,-357.4,-480.8,-674.9,-780.,-741.6,-668.8,-562.,-375.4,-295.6,S
158.6,175.6,192.6,209.4,255.9,276.9,301.3,334.4,285.9,123.5,-112.2,-311.8,-389.6,-412.8,-359.5,-212.,-132.8,-124.6,-45.4,36.9,46.8,-22.8,-99.2,-113.3,-353.6,-657.7,-934.1,-1132.6,-912.3,-406.1,88.9,719.6,1141.2,952.8,877.2,927.5,782.3,699.6,699.6,M
-25.4,-37.8,-50.2,-30.2,-10.2,-4.8,-23.3,-47.2,-60.2,-73.2,-81.,-72.6,-275.4,-461.5,-428.6,-469.6,-406.2,-13.2,317.1,358.8,590.1,720.4,510.6,287.7,173.6,-11.,-197.4,-145.7,-48.,-3.8,-6.1,-29.6,-97.3,-218.1,-292.4,-280.7,-229.3,-157.4,-125.2,S
-305.6,-322.3,-339.,-340.1,-342.2,-413.2,-532.2,-581.2,-606.1,-675.9,-545.9,-443.2,-515.4,-493.6,-774.4,-1156.5,-1346.5,-1457.,-1695.5,-1507.4,-1382.9,-1102.2,-519.4,-190.7,-77.4,52.5,107.6,-182.6,146.3,997.8,1619.8,1876.1,2033.,1878.1,1545.7,1326.5,1161.,1037.2,1037.2,H
58.6,65.,118.5,165.6,130.9,73.2,-44.6,-227.9,-316.4,-287.9,-378.5,-415.5,-602.7,-872.,-1150.,-1511.2,-1644.2,-1147.5,-601.,-12.4,971.1,1832.8,2471.3,2643.,2574.5,2417.6,1795.7,841.6,421.,93.1,-350.5,-378.8,-330.4,-369.4,-254.,-112.2,-66.6,-25.4,-3.4,M
-137.6,-144.7,-136.1,-120.4,-71.4,-4.9,35.2,40.4,23.,27.2,3.,-87.5,-296.3,-700.5,-1276.,-1780.5,-1852.2,-1360.,-299.7,1217.4,2727.9,4039.5,4584.9,4282.9,3509.9,2442.4,1237.1,363.5,-59.6,-297.5,-269.8,-274.6,-278.8,-243.1,-150.6,-77.5,-61.8,-26.6,-8.8,M
38.6,-65.,-168.6,-249.,-385.8,-454.1,-394.1,-322.2,-300.5,-253.8,-276.5,-339.,-353.8,-277.6,-106.4,159.4,576.8,823.4,917.4,959.2,714.5,229.9,-62.2,-331.6,-726.,-826.8,-789.9,-777.2,-697.8,-574.4,-497.4,-384.4,-304.4,-249.5,-144.4,-53.1,-12.7,-13.4,-13.4,S
42.,61.7,95.2,109.,115.4,-137.8,-484.4,-844.1,-1116.8,-1433.4,-1868.2,-1879.2,-1464.5,-1157.,-666.6,338.4,1181.9,1736.8,1962.8,2053.,2549.5,2994.2,3090.,3147.4,2798.2,1481.3,-71.5,-941.4,-1226.2,-1243.6,-918.6,-383.4,-252.1,-313.6,-218.3,-153.7,-328.1,-617.,-762.2,H
-547.4,-676.8,-905.1,-968.1,-932.2,-868.9,-786.7,-741.6,-685.1,-654.8,-676.9,-938.1,-1660.1,-2453.6,-2764.2,-3202.3,-3620.,-3378.,-2906.7,-2657.,-2422.3,-1741.3,-486.3,1155.5,1988.6,2752.5,3802.8,4073.5,3738.7,3419.6,3099.6,2415.2,1668.5,985.4,684.6,543.1,362.5,246.7,170.,H
-11.8,-59.2,-86.7,-31.1,96.2,187.8,303.5,450.,518.,568.,580.8,602.,658.9,708.5,191.4,-339.6,-1264.2,-2627.4,-3156.2,-2844.3,-2442.2,-1443.4,423.1,1613.6,2147.,2357.6,2339.8,1922.4,1337.6,1080.,1007.6,977.7,895.7,772.1,592.8,485.,369.,189.2,125.4,S
-185.8,-283.2,-402.7,-415.3,-378.3,-350.8,-264.,-209.1,-244.8,-231.3,-214.,-205.8,-111.4,17.8,21.4,-18.,-317.4,-721.1,-982.6,-1131.3,-1122.8,-834.8,-383.,63.1,404.7,464.,414.7,191.8,-210.4,-539.6,-640.2,-656.5,-666.6,-640.9,-616.8,-612.2,-571.8,-450.1,-368.8,M
0.,0.,27.,54.,84.8,151.7,259.,395.3,460.4,509.3,600.3,555.3,331.1,194.,78.8,-224.5,-914.,-1797.5,-2179.6,-2241.8,-2170.1,-1444.8,-254.2,345.,431.1,518.6,584.6,685.4,721.6,990.3,1463.4,1733.9,1591.7,1383.4,1126.3,639.4,204.8,0.,0.,S
0.,-50.3,-206.7,-424.4,-536.,-621.2,-703.3,-651.4,-560.3,-518.,-470.8,-382.4,-259.3,-108.1,-42.5,-33.2,-578.2,-1346.7,-1551.9,-1542.9,-1581.7,-1017.3,-213.9,373.8,765.,1240.2,2444.5,3801.4,4032.7,4307.2,5132.7,4876.7,4093.7,3721.2,3050.2,1817.,893.3,265.9,0.,H
173.2,257.6,407.1,521.7,571.2,572.2,551.,540.9,559.2,565.4,588.7,623.4,536.9,248.7,58.4,-151.3,-821.3,-1696.9,-1943.7,-1775.2,-1605.5,-1014.8,-118.5,418.1,479.4,608.3,1220.3,2163.7,2802.,2980.,2994.4,2715.3,2078.,1615.7,1497.2,1309.5,897.9,518.2,362.4,M
0.,-62.5,-123.6,-122.2,-91.5,22.8,251.,550.1,704.6,803.,918.5,866.1,513.4,230.2,-9.,-626.4,-1306.2,-1784.1,-1960.4,-1992.2,-1659.3,-855.5,-9.7,397.,591.8,794.7,707.7,447.4,282.2,136.,-140.1,-333.3,-295.3,-194.,-100.7,27.2,70.1,39.2,0.,M
0.,58.8,39.4,-177.9,-474.1,-730.8,-992.9,-1179.6,-1141.3,-988.1,-860.8,-756.6,-626.1,-469.5,-319.4,-173.5,-99.,-418.9,-1193.4,-1580.2,-1300.9,-876.7,-180.2,795.1,1271.,1123.2,939.8,851.9,860.2,887.2,839.1,732.5,554.9,354.8,231.6,131.7,22.1,-13.4,0.,S
378.,187.4,-177.9,-438.5,-524.4,-595.5,-617.6,-531.5,-413.2,-332.,-281.4,-213.3,-384.8,-839.,-292.8,547.9,666.2,1277.6,2169.6,1727.8,912.5,813.6,198.5,-1007.1,-1692.6,-1862.9,-2241.4,-1940.6,-577.6,276.4,859.9,1848.4,2222.,2182.9,2175.2,2035.4,1933.,1762.3,1554.2,H
107.4,107.4,133.2,215.,319.3,286.7,112.9,-5.8,-181.6,-430.9,-519.9,-412.7,-315.8,-171.7,95.1,15.4,-191.,-995.4,-1845.9,-2093.7,-2193.9,-2096.4,-1269.6,40.6,1067.2,2113.9,2617.4,2986.1,3247.,3021.3,2729.6,2555.8,2206.9,1452.,746.7,239.5,31.6,-14.6,-60.8,H
62.2,95.6,143.8,158.6,173.6,188.2,146.3,58.5,12.2,-6.5,-46.5,-89.7,-116.7,-121.8,-117.4,-115.9,-163.3,-171.2,-118.,-106.6,-53.6,130.2,305.7,339.,332.5,341.6,338.1,323.6,311.6,330.2,286.2,160.9,60.3,33.1,4.4,-20.9,7.3,21.4,21.4,M
-199.4,-174.9,-134.1,-117.8,-92.7,-122.6,-337.4,-691.6,-886.,-1042.1,-1227.3,-1155.4,-940.2,-826.,-728.1,-574.9,-470.8,-350.2,-278.4,-185.7,-78.,-155.7,-413.8,-579.2,-861.1,-1241.4,-1259.5,-1035.9,-892.6,-627.7,-155.4,156.4,353.7,446.6,468.6,443.8,392.4,371.6,355.4,S
-267.,-164.2,27.8,117.,201.5,288.9,312.5,404.4,475.6,484.9,602.2,805.2,876.3,852.4,822.6,763.2,363.,-756.2,-1504.8,-2089.6,-3127.8,-3670.,-3241.7,-2724.6,-2307.6,-1658.5,-1159.,-697.2,-502.8,-169.8,562.1,1122.4,1437.5,1591.2,1593.6,1555.8,1533.7,1352.5,1153.2,H
-251.2,-276.8,-259.5,-248.,-279.4,-409.3,-625.3,-651.3,-402.1,-213.,123.7,640.3,850.7,801.9,722.6,379.6,-509.,-1660.2,-2662.3,-3058.8,-2759.8,-1473.5,510.8,2191.3,2874.8,3049.9,2900.1,2239.7,1669.4,1434.6,1134.6,572.1,96.7,-253.2,-390.2,-444.9,-446.9,-323.7,-253.2,M
-706.6,-613.6,-520.6,-456.3,-330.7,-190.7,-6.7,98.6,172.3,259.4,351.,421.8,414.4,284.1,-6.3,-366.3,-639.7,-713.2,-685.7,-642.4,-728.4,-923.4,-1016.6,-1056.2,-1031.6,-658.2,55.3,459.6,750.8,1303.8,1618.4,1579.9,1488.6,1348.7,964.7,414.2,-184.,-475.8,-475.8,M
-206.2,-343.5,-609.8,-818.9,-899.,-840.4,-647.4,-422.8,-243.7,-154.8,-71.5,16.2,64.2,26.5,-54.8,-183.5,-324.,-270.1,-30.,144.4,402.7,734.2,812.5,771.8,726.,596.7,482.5,453.8,380.1,350.2,345.6,318.3,329.,408.1,453.8,419.3,329.5,209.,143.8,S
272.,221.8,-6.8,-465.1,-985.,-1225.,-1320.,-1333.7,-1091.2,-772.6,-615.2,-450.8,-554.7,-987.8,-1653.4,-2154.2,-2627.8,-2869.1,-2503.,-1645.1,-921.,-11.,1445.9,2480.6,3068.9,3169.4,2844.7,2221.2,1613.7,1160.5,1016.,1029.6,1053.1,1006.6,897.3,844.4,699.9,430.5,305.6,H
0.,0.,0.,-4.6,-1.2,6.9,7.,-1.6,1.,1.,-12.,-13.8,-12.1,-3.3,10.2,5.8,-5.,11.1,19.3,7.4,15.7,28.,12.3,-11.7,-22.,-18.7,-13.4,-4.2,11.5,15.6,8.1,3.,0.3,-6.4,-5.2,0.,0.,0.,0.,S
-59.6,-31.4,-3.2,28.8,111.3,209.3,232.8,208.8,266.4,351.8,449.3,632.7,746.4,816.1,922.6,1007.9,1196.,1335.6,1402.2,1575.2,1606.6,1346.5,1161.4,903.3,390.9,82.,65.3,103.2,236.9,455.6,567.8,560.6,526.2,471.8,377.4,257.,106.5,36.4,36.4,H
-887.,-999.,-1111.,-1081.5,-968.6,-864.2,-984.2,-1125.2,-1000.8,-803.3,-538.4,19.4,385.4,486.4,741.8,941.2,985.5,984.8,980.3,905.2,817.,724.6,649.8,556.3,373.,272.4,398.,534.4,655.9,878.5,932.3,753.1,621.2,521.,362.8,294.9,197.2,109.4,109.4,S
0.,0.,-103.3,-280.6,-407.3,-502.,-544.,-486.1,-376.5,-279.5,-188.8,-143.4,-127.5,-88.9,-83.7,-97.3,-93.4,-33.5,26.6,29.9,-25.2,-83.4,-236.3,-382.1,-327.1,-157.6,-36.,157.,394.,483.,524.6,521.2,450.7,328.5,205.7,67.3,0.,0.,0.,S
-654.8,-595.7,-507.1,-392.3,-307.,-184.8,142.1,567.3,1063.,1338.2,1559.3,1990.1,2437.6,2809.,2942.6,3140.5,3346.6,3325.5,3163.6,3031.,2720.5,2073.1,1332.2,658.1,388.,275.7,166.4,244.3,360.1,401.,399.7,436.5,478.3,453.8,425.6,338.8,110.3,-166.3,-301.2,H
-874.6,-742.,-530.3,-409.9,-368.6,-470.7,-790.2,-1235.6,-1663.9,-1864.2,-1939.3,-1956.8,-1810.6,-1485.7,-1431.9,-1500.3,-1264.8,-1053.2,-963.,-817.9,-583.,-362.4,-129.2,-26.8,56.1,142.4,41.9,-182.4,-302.8,-487.3,-775.4,-929.6,-956.2,-932.2,-882.6,-773.2,-634.4,-476.8,-398.2,M
-591.2,-495.4,-343.4,-287.2,-262.8,-375.5,-776.3,-1319.9,-1599.8,-1837.1,-2160.4,-2054.2,-1679.6,-1497.2,-1276.2,-849.5,-572.8,-337.2,-172.6,-72.,107.2,302.4,477.3,535.6,541.9,515.7,291.9,-133.4,-367.4,-548.1,-799.,-840.3,-732.2,-653.,-588.7,-473.5,-362.1,-227.2,-152.8,M
30.,32.1,39.1,36.2,8.7,-11.,-1.,3.7,-16.1,-13.5,3.6,3.5,-2.2,1.4,3.5,-3.6,-9.3,-13.4,-14.7,-4.8,8.,11.2,10.9,6.5,5.9,6.2,0.9,6.5,17.6,6.5,-4.8,-6.8,-11.5,-10.5,5.1,17.,14.8,12.3,12.,S
-7.8,-7.8,-3.8,-1.6,2.2,7.4,7.,-7.1,-10.9,-8.3,-10.6,-5.2,4.4,6.8,1.3,3.9,4.8,2.7,-3.8,5.,12.3,6.4,3.6,-1.3,-16.6,-19.9,-10.,-14.7,2.2,20.5,10.1,3.,6.9,-5.9,-5.2,-2.4,-17.,2.9,22.8,H
213.4,261.7,328.5,348.6,318.9,347.8,411.,420.7,446.2,536.9,548.6,497.1,488.3,447.6,352.5,306.8,311.7,285.8,286.,290.8,312.1,324.3,315.1,334.3,353.6,333.6,328.,373.5,434.9,465.2,537.8,638.,644.1,537.2,451.8,365.5,222.1,114.7,64.4,M
