0.,0.,0.,0.,26.1,86.3,165.1,260.3,310.8,337.8,389.9,395.3,263.9,152.2,180.6,44.9,-58.7,233.9,466.,763.1,1355.7,1808.4,1870.,1774.4,1434.5,850.6,345.7,8.8,-67.2,-105.9,-91.2,-19.6,-0.7,0.,0.,0.,0.,0.,0.,M
0.,0.,0.,0.,0.,-63.4,-165.7,-256.3,-356.5,-405.,-362.5,-291.5,-196.4,-72.3,-14.8,-54.2,-19.3,121.4,287.2,386.6,411.4,245.9,-167.1,-551.5,-713.2,-734.4,-648.9,-432.9,-286.4,-249.2,-192.5,-116.1,-64.3,-16.1,0.,0.,0.,0.,0.,S
0.,0.,0.,-23.5,-79.9,-112.8,-94.9,-84.2,1.2,141.2,188.6,365.3,673.2,500.3,211.1,226.,249.2,147.9,638.2,1644.3,2035.6,2604.3,3201.8,3061.5,2505.6,2118.8,1273.9,371.8,34.5,-307.5,-369.4,-311.,-223.7,-125.4,-28.,0.,0.,0.,0.,H
0.,0.,0.,0.,0.,0.,10.5,34.7,63.7,106.9,134.8,143.1,173.3,40.4,-192.9,-271.4,-217.6,-43.1,293.9,614.7,719.2,763.3,880.1,1168.1,1555.7,1728.,1820.1,1867.5,1530.7,1012.4,786.2,577.4,184.3,0.,0.,0.,0.,0.,0.,S
0.,0.,0.,0.,0.,0.,0.,-57.9,-150.2,-208.6,-258.,-283.4,-247.5,-80.3,225.7,379.6,358.8,569.6,1071.8,1622.5,2092.9,2500.5,2508.2,2078.5,1394.1,677.1,207.1,-77.5,-313.,-426.9,-284.8,-176.2,-88.1,0.,0.,0.,0.,0.,0.,H
0.,0.,0.,0.,-71.6,-165.2,-187.2,-225.3,-299.8,-290.4,-93.8,57.,255.1,718.8,1076.6,1400.9,1633.,1670.6,1878.1,2218.7,1966.4,1543.4,1363.9,857.6,268.7,-3.2,-13.,-147.8,-434.6,-561.6,-464.7,-392.8,-276.1,-79.7,0.,0.,0.,0.,0.,M
0.,0.,0.,0.,0.,0.,0.,65.6,131.2,168.4,282.1,444.4,556.7,583.2,721.4,989.8,1269.8,1457.2,1494.8,1290.9,843.7,345.,28.6,-32.4,72.6,209.6,287.,263.7,195.,118.5,46.6,25.6,0.,0.,0.,0.,0.,0.,0.,S
-45.,-19.4,16.4,44.1,92.4,123.2,33.2,-232.2,-591.5,-683.3,-591.2,-372.1,655.6,2460.9,4035.,4612.4,5037.8,5310.5,4541.9,3101.9,2277.8,1782.4,845.7,139.4,-104.7,-83.8,-418.1,-1146.6,-1743.8,-2051.,-2155.2,-2097.3,-1446.4,-562.9,-42.8,186.8,378.5,322.,73.8,H
0.,0.,0.,0.,0.,23.6,47.2,62.9,112.1,143.6,119.1,96.6,83.3,-106.2,-478.,-853.3,-1033.,-1089.9,-922.1,-436.3,42.4,260.,413.3,612.2,704.7,764.2,776.8,746.7,641.8,456.6,294.6,243.,174.3,52.8,0.,0.,0.,0.,0.,M
923.6,926.8,863.3,796.6,736.4,588.7,439.9,388.1,397.6,403.3,325.8,155.6,1.3,-66.,-64.,100.,377.5,588.7,684.4,711.4,707.2,695.2,674.1,633.8,572.1,264.1,-150.4,-322.1,-325.6,-284.2,11.5,469.8,788.9,904.,981.9,1126.,1160.4,1080.6,1032.6,M
384.6,352.8,321.,174.8,-131.1,-432.8,-737.1,-899.4,-917.9,-876.9,-672.4,-220.4,86.6,287.7,675.2,941.7,1130.,1238.2,1237.,1173.9,1064.2,795.3,572.3,413.7,139.8,-103.9,-230.4,-238.7,-203.1,-139.2,-106.1,-93.,-95.7,-98.2,-87.1,-25.1,26.,38.9,51.8,S
1638.,1555.9,1473.8,1461.,1400.1,1331.,1271.3,1232.6,1138.4,1022.6,868.7,711.7,687.,610.,379.,222.8,87.1,-46.4,-103.3,-145.7,-193.5,-333.4,-411.,-380.9,-694.8,-1016.5,-772.1,-550.,-495.3,29.5,630.9,731.8,701.4,689.1,603.8,416.4,262.5,223.,223.,H
0.,45.5,118.,173.6,245.7,289.2,286.1,313.3,408.1,494.2,515.8,522.7,487.5,377.6,188.5,67.2,0.,-56.,-2.8,160.4,281.6,341.3,419.7,440.2,438.1,434.2,475.1,526.7,534.8,527.1,522.,497.2,480.8,422.7,300.2,244.2,186.3,64.2,0.,S
-113.8,-113.8,-181.9,-303.9,-266.6,-65.2,45.,248.,713.3,1058.8,1244.5,1526.6,1577.5,1363.5,1194.5,958.9,643.8,480.6,487.5,533.7,656.3,761.1,782.6,416.6,-384.3,-919.6,-941.4,-862.8,-450.,442.9,1063.7,1244.1,1283.8,1227.7,1051.6,786.2,511.7,382.6,382.6,H
1470.8,1430.3,1376.8,1319.4,1275.,1231.4,1174.3,1107.7,1056.5,1058.4,1065.1,1044.3,989.8,866.8,770.8,618.8,366.7,174.3,-49.,-180.,-331.9,-587.3,-702.1,-624.9,-466.9,-243.,137.,496.1,744.5,914.,968.6,953.,881.2,737.7,546.6,442.8,379.6,279.8,243.2,M
346.6,351.5,386.6,412.3,443.,478.2,483.5,521.8,576.3,595.2,592.6,575.9,490.4,427.4,401.,368.8,383.7,418.8,383.3,343.6,359.6,355.9,403.9,539.7,603.2,582.6,600.7,617.7,591.3,646.4,726.8,747.6,791.8,840.3,846.6,827.8,760.5,580.8,468.4,S
235.,293.,449.2,547.4,583.3,520.7,350.3,132.1,-14.2,-98.9,-252.7,-343.8,-343.,-320.2,-382.7,-457.5,-575.9,-798.3,-914.6,-1236.6,-1483.2,-1306.7,-1065.9,-926.2,-531.3,-127.1,-77.,-20.1,-4.,6.8,42.3,85.1,100.5,97.8,-5.4,-248.8,-527.6,-808.,-949.8,H
-65.8,-56.,-44.,15.,83.5,100.,147.3,227.8,299.7,426.4,582.6,677.6,680.3,595.3,473.1,358.7,253.1,188.6,221.,285.8,365.9,371.9,278.4,162.6,128.9,260.1,592.6,982.1,1239.6,1368.2,1298.1,1063.2,887.3,782.2,653.,536.7,403.9,253.1,175.8,M
0.,0.,0.,0.,0.,0.,0.,-147.8,-386.1,-476.6,-563.3,-666.6,-598.,-499.3,-485.8,-406.5,-229.6,-35.8,108.,155.6,297.8,406.3,323.7,199.5,124.2,-67.4,-306.3,-338.3,-218.3,-113.6,-56.8,0.,0.,0.,0.,0.,0.,0.,0.,M
0.,0.,0.,-34.9,-69.8,-99.2,-183.6,-228.4,-183.3,-99.2,43.2,273.1,478.6,675.3,754.,570.3,516.8,618.1,510.5,645.6,942.9,748.2,386.7,254.2,-9.6,-285.2,-249.3,-239.,-276.4,-191.,-57.4,9.4,98.6,169.2,84.6,0.,0.,0.,0.,S
0.,0.,-48.7,-179.1,-260.8,-278.,-342.,-358.9,-264.8,-200.6,-169.2,-92.,-292.,-736.7,-935.6,-1239.6,-1973.3,-1993.4,-1403.3,-1222.8,-1043.9,351.8,1363.9,1494.5,1829.8,1879.2,1247.5,426.2,-62.1,-410.2,-427.,-630.5,-617.3,-368.7,-320.,-241.7,-81.7,0.,0.,H
0.,0.,0.,0.,0.,0.,-129.,-258.,-378.,-609.7,-741.7,-625.,-488.,-371.2,-177.2,-20.6,183.4,308.,552.6,993.,1199.6,1066.,921.6,615.5,1.8,-609.2,-1066.,-1219.4,-1154.7,-943.7,-563.9,-165.2,0.,0.,0.,0.,0.,0.,0.,S
0.,0.,70.4,227.6,449.6,665.6,746.4,772.1,788.1,680.8,241.8,-99.6,-524.2,-1081.7,-936.4,-40.4,577.4,1146.4,1960.,2181.6,1872.8,1587.,1850.9,2619.7,2921.7,2822.5,2926.2,2711.3,1911.1,1179.9,727.4,420.8,28.4,-472.4,-524.8,-337.3,-205.8,-102.9,0.,H
0.,109.5,219.,271.9,391.1,427.2,236.5,76.,-35.5,-264.6,-396.1,-345.7,-281.4,-244.2,-132.,34.2,156.8,188.2,275.8,757.1,1628.4,2483.2,2860.4,3031.9,2958.,2248.8,1352.5,920.,542.4,-137.1,-628.9,-969.2,-1119.6,-979.7,-709.9,-451.,-161.,0.,0.,M
0.,0.,0.,0.,0.,0.,18.6,37.2,65.6,106.5,148.7,182.2,186.,194.2,170.3,113.7,-89.5,-268.2,-361.9,-212.,87.3,649.3,1155.6,1407.4,1531.4,1374.4,985.9,626.6,431.9,141.,13.1,-9.3,0.,0.,0.,0.,0.,0.,0.,S
0.,0.,0.,0.,0.,0.,5.9,38.4,73.4,123.5,174.7,138.1,37.3,-56.2,-189.9,-416.2,-467.2,-237.,52.9,233.9,396.7,492.5,523.6,777.2,1146.2,1512.5,1805.6,1803.6,1396.1,929.7,575.7,268.5,77.5,0.,0.,0.,0.,0.,0.,H
0.,-46.6,-159.4,-266.4,-344.8,-382.4,-357.1,-291.4,-266.,-250.1,-219.2,-185.4,-129.2,-68.2,-98.1,-166.6,-343.7,-481.4,-448.5,-277.1,-99.2,255.1,629.,587.1,392.2,258.8,36.7,-227.2,-205.8,-87.9,-33.2,20.1,62.6,73.8,71.8,47.8,26.9,3.,0.,M
-5154.4,-6802.5,-8724.2,-9415.6,-8437.1,-5963.8,-4281.6,-3679.1,-3264.,-3459.1,-4460.4,-4985.7,-5194.4,-5948.4,-6017.7,-5276.3,-5008.6,-4690.4,-4290.8,-4070.2,-3662.3,-2727.,-1595.5,-405.7,180.,808.5,2333.1,4553.6,6976.2,8074.4,8487.,8431.8,7085.,5773.3,5340.6,5182.,5550.,6280.8,6485.,M
-463.6,-1928.6,-3393.6,-4832.7,-7563.2,-9301.6,-9289.,-8829.4,-8007.6,-6389.1,-4983.1,-4043.6,-3713.4,-3456.8,-3135.3,-2929.3,-2707.8,-2627.4,-2374.9,-1279.4,229.6,1672.5,2449.4,3074.2,3661.6,3666.6,3352.1,2995.2,1774.7,-332.8,-2011.,-3068.,-3333.8,-2667.7,-1395.5,-383.7,313.4,604.8,604.8,S
-2206.,-1982.9,-1759.8,-2062.2,-2063.7,-1907.7,-1991.5,-2383.2,-2449.1,-2130.1,-2149.,-2143.4,-1734.,-1532.9,-1725.1,-1494.,-1279.,-1426.4,-1145.2,-615.8,-628.2,-698.,-835.,-1473.,-2015.5,-1871.5,-1686.,-1559.4,-1443.5,-1377.7,-979.1,-657.,-120.5,1050.6,1826.,1678.4,1390.,748.9,107.8,H
-217.6,-245.,-210.3,-148.2,31.7,160.1,-335.5,-1527.4,-2275.2,-3272.2,-5336.2,-7086.5,-7855.8,-7941.8,-7624.5,-6721.2,-5398.,-4160.9,-3661.,-3089.4,-1660.,-62.7,1689.4,2702.,3910.2,6400.5,8809.,11331.,12726.6,13676.2,14884.,14929.6,13129.6,11542.2,9793.1,6383.,3188.,712.6,-228.8,S
-4177.2,-3046.7,719.5,3943.7,3971.5,3410.8,1918.5,-981.1,-2893.2,-4317.7,-5237.4,-5390.8,-5307.3,-5302.4,-5353.9,-5173.4,-5325.9,-5584.5,-5701.1,-5601.,-5490.4,-5030.3,-3912.8,-2401.,-803.1,-59.6,503.8,1192.2,729.7,-587.1,-1316.4,-2107.4,-2788.7,-3784.7,-4403.4,-3916.4,-3588.8,-2889.6,-2518.,H
-10571.2,-12007.6,-13747.6,-12659.6,-11268.,-9896.5,-7618.7,-6076.5,-5251.2,-5061.8,-4651.6,-3424.,-1675.5,-11.4,721.6,1101.,1602.6,1711.9,1702.6,1706.2,1953.7,2367.7,3155.8,4395.,5012.6,5880.2,7633.2,8978.,8964.,8490.6,7057.3,3337.3,-1364.4,-5102.4,-6425.4,-6691.1,-5991.,-3567.1,-2109.,M
4049.6,3958.2,3824.7,3782.6,3755.2,3892.6,4309.2,4822.9,5084.8,6069.,8456.3,11404.8,14054.5,15158.8,14967.5,13544.8,10570.5,7562.4,6297.2,5743.4,4945.6,4668.6,4075.5,3515.4,3170.3,2256.2,976.7,-287.1,-840.4,-1606.1,-2981.2,-3781.2,-3753.8,-3535.8,-3704.9,-4130.1,-4774.1,-5363.2,-5564.4,S
-2754.4,-2694.5,-2573.2,-2511.8,-2177.7,-1513.6,-735.2,-38.,210.8,315.7,493.1,799.8,1134.8,1235.6,1319.7,1694.2,2058.7,2364.2,2595.6,2509.2,2435.2,2276.8,1894.4,1682.8,1472.9,1495.,2070.2,3130.7,3848.,4861.,6457.7,7420.9,7853.6,7906.8,7391.4,5370.1,2457.2,-346.9,-1744.,H
-13141.8,-12702.7,-11592.1,-9568.,-6442.3,-4669.2,-3337.4,-456.2,2056.9,3397.8,3775.,4284.4,4610.1,4341.1,4458.9,4662.,4654.9,5011.1,5568.5,5755.9,5749.2,6051.4,6271.2,6453.,6479.4,6241.6,5457.3,4145.2,2885.2,1850.,1547.,1356.6,973.,696.,554.3,496.4,784.6,981.5,890.2,M
0.,0.,0.,0.,0.,-4.6,5.9,10.4,-3.6,-7.,9.,6.6,-0.4,21.8,32.6,12.4,1.7,8.2,-0.3,-5.8,-10.5,-23.9,-25.5,-24.5,-30.6,-11.4,7.7,15.5,23.1,22.8,17.1,14.,3.8,-4.5,0.,0.,0.,0.,0.,M
0.,0.,0.,19.5,39.,45.1,-7.8,-161.5,-301.,-345.8,-376.8,-389.8,-353.7,-299.4,-263.2,-442.8,-381.,-337.9,-454.2,-372.2,-163.6,-128.6,-92.5,170.5,223.8,240.4,367.6,637.,714.3,632.8,612.1,454.,223.,64.7,0.,0.,0.,0.,0.,S
-96.8,-127.6,-158.4,-169.3,-166.7,-163.4,-195.7,-217.8,-205.8,-334.8,-633.8,-621.6,-451.4,55.1,984.2,1315.8,1242.4,1260.,-50.6,-1403.,-1154.7,-734.1,-603.6,245.3,880.1,710.,503.4,252.8,236.1,208.9,104.6,-0.1,-11.,-23.7,-46.,-70.8,-89.9,-93.8,-93.8,H
0.,0.,0.,0.,0.,-68.6,-137.2,-194.7,-298.4,-386.9,-415.5,-569.2,-679.1,-665.,-969.6,-1332.8,-1299.7,-1164.6,-1498.5,-1201.6,-67.8,839.,1242.8,1793.6,2058.5,1413.5,593.7,133.,7.1,-160.2,-188.6,-86.4,2.8,1.4,0.,0.,0.,0.,0.,S
-147.2,-212.9,-385.5,-622.1,-854.9,-958.,-1043.9,-962.7,-401.2,437.3,1075.7,1421.6,1890.7,2027.5,1395.2,963.2,982.8,380.9,-15.8,333.6,263.9,-206.3,-412.7,-620.1,-721.8,-705.8,-589.1,-217.,-97.5,-211.3,-158.,12.8,61.7,112.9,64.9,-16.6,-47.8,-38.2,-28.6,H
0.,0.,25.3,105.4,160.2,141.5,99.1,-46.8,-291.9,-414.8,-412.5,-506.4,-670.6,-913.5,-1088.4,-992.3,-660.,-389.2,60.7,476.,626.3,885.4,1254.9,1364.4,1213.2,989.8,478.3,36.4,-206.3,-295.2,-296.,-233.8,-147.4,-56.2,11.6,5.8,0.,0.,0.,M
0.,0.,-26.5,-53.6,-132.8,-363.,-514.6,-579.3,-750.3,-910.8,-868.6,-772.2,-674.,-536.3,-582.,-804.1,-941.,-1014.5,-992.8,-617.4,72.,481.2,549.3,693.5,1068.6,1262.1,1156.6,1302.3,1429.8,1184.,865.5,774.6,627.3,394.3,175.,20.7,0.,0.,0.,S
181.6,163.7,81.2,16.6,-60.2,-290.6,-479.5,-640.8,-766.8,-758.1,-811.2,-774.5,-604.3,-532.6,-229.,501.1,850.5,958.8,1144.2,684.5,-63.3,-1064.1,-731.2,314.4,827.8,1431.,2178.8,1546.4,256.,-168.6,-742.7,-914.2,-840.8,-745.4,-653.8,-472.5,-274.3,-82.9,0.,H
0.,0.,75.5,191.4,263.1,312.1,329.8,267.2,204.1,243.2,300.9,319.,394.1,443.5,406.5,236.6,78.,-24.5,99.9,141.1,240.3,525.2,842.,1184.4,1520.4,1758.1,1685.4,1389.,897.6,561.3,328.3,236.6,230.7,153.1,38.4,-2.3,0.,0.,0.,M
83.8,101.3,147.,214.8,254.4,301.,429.8,624.4,810.2,883.6,860.7,352.1,-1211.,-3603.4,-4918.4,-6164.9,-8007.2,-8489.2,-7822.5,-7269.6,-6463.8,-4839.1,-2995.4,-1019.6,-68.6,980.7,2192.9,2154.,1832.7,1713.2,981.4,-253.4,-1258.6,-2308.1,-2855.4,-2797.8,-2237.2,-1232.,-729.8,M
0.,0.,-146.6,-356.3,-366.6,-176.6,-39.4,261.,817.8,1003.9,796.4,659.2,-865.8,-4313.3,-7689.6,-10346.5,-11549.6,-10653.4,-7676.1,-3488.6,340.1,2062.4,2953.1,3791.3,3360.2,2735.,2488.4,2373.1,2279.4,2128.,889.8,-175.4,-475.8,-1097.2,-1501.7,-792.6,0.,0.,0.,S
0.,-347.1,-925.,-1313.5,-1563.8,-1656.4,-1384.8,-946.8,-614.1,-256.,-64.2,135.1,173.9,-725.,-2464.4,-3465.4,-4530.6,-6247.2,-6833.8,-6199.1,-5629.2,-4668.,-3053.7,-1586.9,-96.9,579.4,769.1,1335.2,1669.4,1469.1,1311.,1345.4,1511.7,1537.1,1244.3,1058.,814.1,285.1,0.,H
0.,0.,0.,0.,0.,-723.,-2121.3,-3250.3,-3974.,-4244.,-3654.1,-2548.,-1866.5,-1585.6,-1470.,-1230.3,-610.8,281.4,1381.2,2290.1,2505.,2395.4,2136.1,808.1,-1292.8,-2322.,-2953.8,-3804.6,-3440.4,-2149.5,-1441.8,-1027.7,-362.3,-55.5,0.,0.,0.,0.,0.,S
0.,0.,-251.5,-738.8,-1082.2,-1189.8,-1211.7,-969.,-410.7,31.7,180.4,7.,-680.8,-2263.3,-4217.,-5102.6,-5494.7,-5679.3,-4620.2,-2378.7,-988.8,280.3,2390.9,4020.7,4607.3,4405.6,4042.4,3452.6,2872.9,2417.4,2315.,2235.6,1835.1,1237.4,719.5,478.2,239.1,0.,0.,H
0.,0.,548.,1096.,1387.1,1678.2,1987.5,2040.5,1460.7,97.9,-941.4,-1733.,-3010.5,-3222.9,-2270.5,-1591.6,-1203.3,-713.2,-696.8,-612.3,-442.4,-193.7,439.5,1667.6,3032.2,3740.8,3773.7,2819.3,703.4,-1586.1,-2747.,-3113.4,-2784.6,-1669.,-709.3,-357.6,-178.8,0.,0.,M
0.,0.,-6.3,98.,329.7,637.6,824.4,1025.8,1326.6,1501.1,1604.7,1633.2,1614.4,1193.7,21.2,-1129.7,-1510.,-1445.5,-826.6,875.,2872.6,3723.,4046.5,4420.6,4210.7,3524.9,3099.6,2781.6,2275.3,1995.5,1834.7,1765.4,1519.1,1048.,602.4,190.8,0.,0.,0.,S
999.6,1232.2,1744.4,2024.,1962.8,933.1,-1124.5,-3062.3,-3911.,-4475.6,-4824.6,-4162.5,-3602.,-3488.,-3658.9,-3824.1,-3033.,-975.3,297.,1884.1,5026.4,6766.5,5650.2,4349.,2793.5,-133.6,-2223.7,-2358.4,-1774.6,-1111.2,-88.,562.4,940.3,1027.6,904.5,710.2,506.6,187.1,0.,H
714.8,882.3,1270.4,1491.,1570.,1709.7,1857.3,1963.3,1982.4,1989.1,1878.5,1257.3,254.9,-243.6,-803.4,-1766.3,-1956.8,-1370.8,-997.4,-425.6,642.5,1562.2,2245.4,2505.2,2529.,2574.9,2444.,2113.2,1935.4,1847.3,1666.7,1480.9,1142.5,897.4,687.1,330.1,43.2,-48.5,0.,M
-681.2,-681.2,-831.3,-1097.2,-1144.,-894.5,-714.,-642.7,-408.7,-169.5,7.3,-143.6,-316.,-665.2,-1150.3,-1311.1,-1423.2,-1431.6,-978.8,-486.1,-209.4,287.,712.6,1225.8,1313.8,686.4,305.2,126.2,-535.5,-839.2,-400.6,-141.,-169.9,-105.9,63.9,51.1,-25.6,16.3,58.2,M
2560.4,2358.2,2156.,1745.7,874.2,-110.,-987.6,-1342.2,-1474.2,-1527.6,-1571.7,-1579.7,-1465.,-1197.,-530.9,552.5,1630.1,2022.4,2305.5,2577.8,2342.6,1917.,1715.8,1401.7,743.5,224.3,-32.8,-114.8,-155.1,-524.,-1079.7,-1311.8,-1316.8,-1674.8,-1677.,-1188.1,-1335.7,-1616.4,-1616.4,S
-7.2,112.9,101.,-323.3,-920.,-1224.4,-1624.7,-2177.1,-2204.6,-1927.7,-1775.4,-1780.,-2049.7,-2262.1,-2286.8,-2364.2,-1912.2,-661.,-202.6,-1127.4,-1711.4,-2281.2,-3124.3,-3326.8,-2400.1,-1544.2,-1153.8,-820.5,-875.3,-1090.4,-1307.8,-1314.5,-1161.5,-717.4,-241.6,-50.2,-31.3,-91.7,-171.,H
-455.2,-455.2,-612.4,-909.,-1097.8,-960.5,-773.8,-673.3,-488.3,-530.,-720.,-783.8,-959.4,-973.1,-638.6,-243.3,-20.6,441.7,462.1,-526.2,-1823.8,-2575.,-3336.5,-4130.5,-3968.8,-3554.3,-3334.,-3151.4,-2824.5,-2464.2,-1835.3,-1268.7,-632.7,72.7,435.,574.2,420.5,133.4,0.,S
0.,-256.9,-513.8,-717.4,-1113.3,-1454.2,-1427.4,-1252.,-1071.5,-726.9,-395.5,-713.2,-1198.2,-2033.5,-2293.2,-953.7,660.5,1510.8,2311.5,2743.3,1086.9,-806.8,-1413.,-1729.3,-2287.8,-2260.2,-1548.1,-1105.8,-25.8,1738.,3211.6,4463.7,4926.,4220.,2893.9,1719.1,582.2,0.,0.,H
0.,0.,-184.8,-559.,-888.1,-1027.8,-1091.2,-988.5,-595.1,-228.1,-73.3,16.5,166.6,224.5,-180.2,-582.5,-360.4,308.2,811.8,1271.2,1746.8,1364.6,-458.2,-2645.6,-3480.8,-3372.6,-3706.8,-3777.8,-2911.1,-2415.8,-2466.1,-1583.2,-157.3,582.7,830.,683.7,268.7,0.,0.,M
-88.2,-88.2,-33.4,153.9,85.6,-566.7,-1018.2,-1446.1,-2250.,-2789.,-2780.6,-2609.2,-2390.3,-1976.5,-1578.2,-1772.6,-2170.4,-2488.7,-1755.8,-579.7,-293.9,-133.,519.6,-113.7,-630.9,1172.,2206.2,2434.2,3101.5,2873.5,1710.7,1215.2,856.4,438.8,616.1,1348.3,1844.4,1809.,1773.6,S
0.,-92.6,-490.,-1301.1,-2254.9,-2702.4,-2997.6,-3396.6,-3389.6,-3067.1,-2855.4,-2720.2,-2397.6,-1922.8,-1547.2,-1459.,-1596.1,-2017.6,-2581.9,-2902.4,-2943.,-2281.6,-279.5,1141.5,959.8,697.8,-491.9,-3150.,-4908.9,-4939.9,-4680.4,-3891.5,-2717.6,-1734.4,-945.5,-754.8,-625.7,-248.3,0.,H
413.2,551.2,809.6,901.8,468.4,63.2,-358.3,-1136.5,-1933.3,-1769.,-1164.6,-986.5,-1019.4,-1132.1,-1454.3,-1874.8,-1420.4,-504.,232.,327.2,148.4,-422.3,-1125.4,-1170.8,-795.8,-507.8,-223.1,225.2,314.4,-19.1,-278.2,-653.4,-1266.8,-1738.2,-1872.9,-1774.4,-1462.2,-957.7,-765.4,M
0.,106.6,298.8,407.3,481.4,532.6,490.1,532.3,613.4,728.8,847.8,890.6,918.5,810.9,545.9,373.6,-403.8,-1545.9,-2943.5,-5548.3,-7120.2,-7701.1,-8922.3,-7732.4,-3394.,-885.8,913.,4230.5,5452.2,4581.4,4007.6,3764.,3102.6,2257.9,1470.6,1110.2,806.4,251.3,0.,M
-31.2,-10.5,-30.4,-71.,93.8,483.8,901.4,1280.8,1467.8,1425.4,1306.6,611.3,-208.2,-408.8,-556.1,-1059.5,-1025.6,-629.8,-724.2,-804.8,-1245.5,-3451.1,-5502.1,-4891.,-3974.2,-2242.3,1917.1,5181.2,5660.6,5303.4,4476.1,3103.,2278.3,1645.,1290.6,1074.5,737.8,413.6,210.,S
-10.2,20.3,65.7,76.7,77.4,82.,-147.3,-507.3,-592.5,-569.6,-592.2,-317.4,128.4,-61.2,-725.1,-1028.4,-1727.6,-2946.9,-4055.4,-5144.5,-5645.2,-7420.1,-9862.9,-8952.2,-5509.3,-3645.,-391.9,4531.,5928.,4773.5,3891.8,3088.5,1906.8,1055.,426.1,270.6,218.9,8.6,-150.,H
310.2,434.7,559.2,705.8,895.2,856.5,713.8,652.6,469.1,339.,358.8,344.2,363.2,337.3,94.,-201.7,-449.8,-619.6,-524.6,-924.8,-2643.,-4393.6,-4921.2,-4337.1,-2396.7,753.2,3387.6,4228.4,3834.5,2810.2,1650.,914.6,732.5,533.6,201.7,89.7,67.1,23.5,0.,S
-5.2,55.,115.2,-20.1,-190.,-241.2,-261.4,-265.,-307.2,-64.,609.9,967.,935.6,686.6,-162.3,-1552.4,-2327.3,-3544.6,-4350.7,-5520.1,-6970.3,-6138.1,-4219.,-2141.2,1383.3,4642.2,4895.7,4569.6,4150.4,3045.3,2261.8,1793.2,1422.2,1068.1,659.6,404.4,173.7,143.8,143.8,H
0.,0.,0.,0.,134.9,396.6,548.1,572.8,700.5,687.7,480.8,861.8,1309.2,1749.1,2028.5,1320.,-151.8,-1075.6,-2407.8,-5526.,-8525.8,-9352.6,-8965.6,-6696.7,-1203.1,4329.,7095.,7553.6,6260.5,3694.8,1816.2,816.3,422.4,211.2,0.,0.,0.,0.,0.,M
0.,0.,268.,536.,647.8,759.6,842.,713.8,600.1,613.2,529.4,588.7,703.8,831.5,783.5,663.6,593.9,83.1,-1154.6,-2478.9,-3006.6,-3988.5,-4520.,-2496.6,264.2,1452.,2808.8,4206.4,3368.1,2145.1,1801.2,1374.4,784.3,554.9,264.5,40.2,20.1,0.,0.,S
0.,261.9,701.4,1043.5,1208.,1304.9,1228.1,925.6,811.4,826.,874.,1197.7,1591.1,1251.4,794.,444.8,-599.4,-1810.6,-2582.2,-2837.6,-2980.1,-3202.9,-4692.3,-6281.4,-6461.4,-5621.5,-3507.9,212.9,3611.3,4562.6,4565.2,3743.5,2333.4,1510.,1272.4,776.7,243.,102.5,0.,H
0.,0.,0.,-13.1,-4.7,-39.3,-86.,-76.6,38.6,241.9,435.3,620.,699.4,598.5,321.4,-163.3,-877.4,-1283.,-2454.4,-4204.4,-5526.2,-6069.9,-5870.4,-3662.3,-33.5,2979.3,5147.6,5723.8,4972.7,3512.1,2357.5,1453.5,994.6,707.8,355.,144.5,0.,0.,0.,M
6.6,6.6,38.,46.7,30.8,22.2,6.8,-82.2,-331.9,-957.3,-1710.1,-1998.2,-2557.5,-3178.1,-3014.,-2506.6,-2224.6,-1550.1,-408.7,630.6,1589.9,1976.8,2105.,2484.9,2652.2,2248.8,1929.8,1717.1,877.5,-184.4,-769.5,-919.6,-1021.9,-1044.7,-870.8,-719.4,-662.4,-592.2,-522.,M
478.4,486.,414.4,335.2,164.5,-141.2,-478.7,-815.7,-950.2,-1031.7,-1246.4,-1532.1,-1576.7,-1468.8,-1199.8,-580.8,185.3,951.8,1302.2,1758.1,2604.4,3046.9,2809.,2519.,1868.3,710.5,4.1,-200.3,-205.4,-59.4,93.3,81.2,76.,89.6,78.9,94.2,151.6,235.4,287.8,S
667.2,345.4,23.6,-54.,-253.3,-161.5,-4.5,-61.,-897.1,-1692.9,-2266.5,-2922.,-2963.6,-2299.8,-1889.,-1671.5,-334.6,531.8,140.7,-16.8,-271.4,-1183.8,-1608.,-1111.6,-241.6,368.9,625.2,644.6,975.7,1084.6,1194.7,1482.,1437.,1182.1,660.1,270.7,-116.3,-381.,-381.,H
-329.8,-471.,-634.3,-508.1,-359.8,-141.1,341.5,610.4,314.,12.6,-444.,-1081.1,-1225.9,-959.6,-754.1,-438.,-144.3,-262.7,-164.9,224.2,444.6,700.7,1164.,1670.2,2222.7,2476.2,2929.1,3473.5,3341.7,2970.2,2822.,2526.1,2132.5,1959.6,1583.8,1463.8,1434.3,976.4,728.6,S
-1075.4,-1075.4,-1447.8,-1856.9,-1901.2,-1494.2,-1079.6,-1184.2,-1205.2,-1162.,-1233.3,-1264.2,-601.7,26.7,290.3,597.8,607.6,167.9,-138.1,-248.1,-930.7,-1369.6,-1124.3,-1161.5,-913.3,90.7,564.,788.4,1107.5,735.7,254.5,239.8,-122.5,-444.1,-450.9,-626.2,-754.,-797.2,-840.4,H
-290.8,-406.6,-474.6,-480.3,-576.5,-529.6,-325.2,-210.4,-47.3,313.3,534.6,399.1,239.8,194.4,-121.2,-162.3,-41.,-148.8,99.7,429.,384.4,751.9,1244.8,1252.7,2017.9,3359.,3669.2,3395.6,3011.,2028.8,751.9,175.9,279.2,335.,296.2,176.3,83.8,16.6,16.6,M
-272.8,-381.8,-569.9,-839.7,-1007.3,-984.2,-864.9,-351.9,476.3,1265.3,1619.8,1969.,2302.1,2099.,1894.4,1876.8,2003.2,2528.4,3684.5,4926.1,5828.3,5774.4,4785.2,3389.4,1636.5,344.1,-64.4,-201.6,-512.5,-585.,-493.2,-559.9,-709.3,-715.2,-777.,-915.6,-972.8,-1138.4,-1246.8,S
911.6,569.5,157.5,215.4,343.2,-161.2,308.4,771.4,968.8,1677.2,1619.9,843.6,764.2,901.3,398.8,220.2,470.2,454.3,-109.1,-228.,-402.6,-1166.,-1439.8,-819.8,-514.8,-568.6,-272.6,0.6,-291.2,-506.4,-115.4,248.1,314.1,456.5,505.4,439.7,156.3,-106.7,-152.,H
-1825.2,-2000.7,-1515.5,-705.1,-285.6,-144.3,-50.8,171.2,120.4,38.4,388.4,237.6,-294.4,304.3,771.1,557.9,962.1,1813.4,1711.9,1763.2,2310.,2338.2,2255.5,2414.3,2169.9,1457.6,1093.2,672.1,-33.8,-538.2,-646.3,-534.8,-431.5,-316.3,-47.9,180.6,290.6,487.4,684.2,M
126.6,152.7,241.4,330.7,384.6,411.8,466.5,425.2,177.6,-135.8,-297.6,-468.8,-591.9,-540.5,-593.4,-649.6,-1174.8,-2115.7,-2895.,-3456.1,-3653.6,-3166.2,-2333.4,-1461.9,-505.5,-75.2,199.6,675.4,940.5,1089.1,1173.6,1222.1,1198.,990.,646.9,439.2,244.1,-23.8,-96.6,M
0.,0.,-79.1,-200.2,-298.5,-468.2,-706.1,-845.6,-838.,-767.7,-580.7,-335.2,-118.7,-6.2,52.2,18.7,-592.5,-637.7,70.2,181.4,-278.,-512.2,-1033.5,-1862.9,-1888.1,-1334.8,-461.1,150.3,242.1,170.2,115.2,-29.3,-148.9,-118.2,-162.7,-185.4,-76.8,0.,0.,S
-164.8,-198.3,-217.2,-165.8,-81.3,-33.6,16.,64.5,120.4,191.6,205.8,321.7,696.4,461.4,258.4,549.2,600.4,-113.8,-1075.3,-2639.3,-4007.2,-5596.,-8791.,-10724.8,-10004.6,-9527.5,-7970.,-2975.2,1500.8,3110.2,4076.6,4529.4,3438.3,2420.2,1979.6,1583.9,979.2,580.4,390.6,H
-57.,-51.6,-46.2,-22.7,83.4,158.2,182.3,214.2,254.3,287.1,249.,76.9,-64.4,-340.6,-938.7,-1651.,-2528.1,-3014.8,-2885.6,-2384.3,-1569.,-548.9,28.,383.8,915.1,1213.5,1489.,1641.6,1512.4,1195.5,908.1,770.6,732.8,681.8,583.5,463.3,289.4,188.4,188.4,S
501.,559.4,617.8,540.6,349.7,50.7,-246.7,-358.8,-394.6,-468.5,-511.9,-543.3,-569.4,-884.9,-1409.1,-932.3,-79.1,88.6,91.4,-89.4,-1313.2,-3348.5,-4343.6,-4555.7,-4129.3,-2701.,-543.2,824.8,1577.9,2197.,1564.9,500.8,-65.2,-298.4,-603.8,-526.4,-271.6,-166.4,-166.4,H
144.2,202.6,319.,377.,435.9,503.4,436.,198.1,36.2,-235.6,-826.5,-1523.6,-2556.8,-3212.,-2301.6,-701.9,168.1,992.4,1636.,533.4,-1239.5,-1739.,-1508.8,-1449.4,-1090.2,-357.6,328.5,854.5,1067.8,1266.9,1389.5,1035.9,510.5,262.2,3.4,-343.2,-422.5,-322.9,-231.8,M
35.,16.5,41.2,118.5,140.6,128.6,174.5,191.3,214.4,290.9,315.2,343.3,274.5,-147.6,-365.,-257.2,324.8,1650.9,3154.1,3946.,3978.8,3266.,1812.7,502.1,-326.7,-585.4,-553.1,-386.1,-347.6,-593.5,-743.2,-810.5,-973.,-884.6,-398.8,-96.6,100.8,263.9,229.6,S
-23.2,-31.,-35.8,1.6,36.,-47.9,-254.8,-539.9,-832.7,-963.4,-979.4,-934.7,-852.7,-1468.,-2104.6,-1093.5,121.8,620.3,803.3,692.,-356.5,-2294.1,-3370.7,-2750.5,-1942.8,-1782.3,-621.2,524.9,676.1,681.8,454.5,-159.3,-859.4,-1142.2,-1111.4,-895.7,-539.1,-199.1,0.,H
48.4,24.6,0.8,17.5,35.1,-0.8,-138.7,-239.8,-368.5,-599.7,-730.2,-693.8,-629.4,-593.8,-663.9,-952.1,-419.6,295.4,1129.1,2417.6,2780.6,1697.3,705.8,-138.,-1154.9,-910.6,-3.1,487.,698.3,942.7,963.8,725.4,499.,221.6,-181.4,-379.4,-378.5,-305.2,-305.2,M
-116.2,-131.8,-167.4,-190.3,-100.1,-7.,36.7,143.6,260.8,341.6,368.4,358.8,168.5,-77.4,-371.5,-600.4,-739.4,-914.3,-1082.5,-1197.6,-1180.4,-1169.4,-1126.6,-898.2,-510.5,-319.4,-189.3,172.6,433.3,551.4,640.6,751.1,862.4,908.4,823.2,692.8,561.7,339.6,248.6,M
0.,0.,0.,66.6,191.8,204.6,11.1,-290.4,-624.5,-910.7,-1013.2,-881.3,-666.,-565.8,-631.2,-667.6,-692.8,-794.8,-761.7,-519.4,-256.9,126.3,734.5,1247.6,1589.,1731.9,1505.1,983.4,463.6,55.3,-215.8,-285.4,-183.7,-42.8,8.2,0.,0.,0.,0.,S
191.4,221.3,193.8,38.1,-60.2,-209.7,-403.8,-364.8,-227.9,-174.6,-322.1,-677.6,-799.6,-668.6,-571.1,-243.7,233.3,340.3,245.2,87.4,-255.1,-545.,-800.8,-951.4,-688.2,-86.6,565.,1187.6,1497.,1541.1,1459.6,1225.,1008.9,901.8,699.8,396.1,216.,68.8,0.,H
-398.6,-465.,-561.6,-698.8,-952.,-1098.2,-1232.3,-1402.5,-1357.3,-1184.1,-1092.2,-950.1,-724.3,-583.4,-463.9,-401.6,-405.4,-442.8,-564.6,-722.3,-791.8,-848.5,-897.5,-806.1,-624.8,-527.2,-366.5,-74.5,236.3,518.1,620.4,635.2,645.5,512.3,356.2,328.8,342.8,308.5,260.2,S
-360.2,-298.6,-237.,-185.5,-113.1,-53.,1.9,17.6,55.4,151.4,207.5,250.7,296.,-117.7,-1062.,-1727.4,-1939.7,-2017.2,-1799.8,-1318.3,-1071.3,-1305.3,-1522.2,-1396.9,-1124.5,-701.5,-40.9,343.8,569.9,1081.2,1556.2,1898.2,2050.4,2142.8,2138.5,1747.4,1164.8,876.6,876.6,H
-847.8,-755.1,-662.4,-623.9,-545.,-442.2,-364.8,-349.8,-314.7,-221.7,-140.9,-141.7,-165.4,-390.4,-622.8,-776.2,-993.2,-1064.2,-1004.7,-1292.4,-1803.3,-2097.7,-2228.4,-2192.2,-1923.2,-1280.1,-310.1,249.6,1008.1,2478.2,3723.,4276.7,4297.2,3805.2,2735.4,1537.6,507.6,-78.1,-253.8,M
-1676.,-1676.,-1480.8,-1152.9,-883.4,-632.9,-519.2,-436.,-194.7,67.5,280.4,389.2,489.9,664.2,724.,664.3,618.4,316.,-324.6,-909.,-1237.3,-1319.4,-903.6,-6.,1011.9,1889.7,2231.4,2253.1,2216.1,2008.5,1738.7,1617.8,1544.5,1404.1,1299.,1250.1,1239.2,1077.4,915.6,S
-509.6,-642.7,-879.6,-937.8,-892.2,-750.3,-485.1,-272.2,-130.8,-79.,50.9,247.3,370.3,440.8,454.8,171.2,-273.6,-610.1,-873.5,-961.6,-829.8,-692.2,-640.8,-489.2,-383.2,-62.2,773.1,1764.7,2507.,2772.,2744.2,2465.9,1967.1,1488.5,1258.2,1025.,626.7,320.,178.4,H
-653.6,-839.9,-1026.2,-1214.2,-1432.4,-1344.2,-1108.2,-990.6,-879.9,-716.7,-618.7,-431.1,-289.,-50.5,369.8,532.5,319.6,125.8,-191.,-767.6,-1114.7,-1063.,-1241.9,-1664.2,-1883.8,-2008.,-2017.,-1844.1,-1482.9,-442.1,1079.1,1747.8,2299.,3244.1,3320.2,2725.1,2447.8,2203.6,1959.4,M
360.6,360.6,416.1,383.,150.2,-121.8,-249.6,-327.,-379.,-251.7,-80.6,-11.4,32.1,90.1,71.6,51.5,64.4,55.6,75.9,189.9,297.,319.2,377.9,430.,294.6,73.,-19.8,-54.6,-52.6,106.1,303.2,378.4,374.9,345.5,299.,321.2,364.,330.8,297.6,S
-628.4,-579.6,-553.5,-653.7,-453.5,-175.8,110.,1058.4,2496.1,3646.7,4022.2,4286.4,4422.2,4046.1,3511.5,3224.6,3000.4,2579.6,2184.6,1790.4,1594.6,1239.3,521.6,-44.9,-370.7,-492.4,-442.3,-247.3,-75.2,-45.3,-42.6,-31.3,-35.2,-37.8,-68.3,-111.4,-198.4,-392.8,-500.2,H
247.6,296.,344.4,382.4,428.,369.6,126.6,-50.4,-260.,-639.7,-909.1,-1024.8,-1041.2,-1023.7,-947.6,-835.2,-671.2,-561.,-342.7,3.1,302.9,650.1,825.,848.,934.5,959.2,738.8,557.2,377.7,22.2,-257.,-334.1,-308.,-257.6,-149.8,-57.9,-8.,7.4,7.4,S
-21.8,6.5,77.7,183.1,245.6,292.6,368.6,448.4,507.4,515.6,511.8,346.3,298.4,852.6,1293.,1828.6,2976.6,3839.9,4052.3,4013.8,3851.2,3560.7,3322.1,2931.8,2652.2,2299.3,1518.1,702.8,90.6,-134.6,-240.3,-377.7,-413.7,-444.,-470.,-459.4,-420.9,-336.3,-279.6,H
-1122.4,-1248.2,-1403.,-1396.9,-1369.6,-1377.4,-1421.1,-1539.5,-1649.9,-1588.6,-1491.6,-1354.8,-1041.1,-686.6,-378.8,-248.6,-215.4,-162.2,-132.5,-82.9,-43.,27.3,71.5,47.4,5.6,-38.2,-13.8,141.,360.2,550.6,652.2,721.4,838.6,926.3,841.1,828.6,915.6,756.1,622.,M
351.8,351.8,317.5,145.,-75.,-161.8,-166.8,-136.1,-63.9,-18.5,-22.6,-30.6,-79.6,-159.6,-165.2,-103.6,-67.4,45.,252.5,412.8,428.7,379.4,297.7,176.6,62.6,12.7,37.4,87.5,138.6,160.7,184.1,186.4,214.1,257.7,307.9,327.7,313.2,257.3,201.4,S
35.6,13.9,-7.8,-26.2,-21.7,-14.3,-14.8,0.2,11.4,9.6,-1.6,4.5,8.8,13.2,11.,21.9,28.,16.6,10.2,2.8,-6.9,-19.4,-23.2,-23.3,-19.1,-13.,-5.1,1.,-2.1,4.,0.7,-5.2,1.4,4.1,-2.9,-7.4,0.2,2.6,2.6,H
-6.4,1.3,7.3,-9.7,-25.,-12.2,1.6,0.9,0.,0.8,3.5,1.8,-5.4,-5.2,-2.2,-1.5,-8.5,-8.9,-1.5,-1.4,5.6,9.1,0.8,10.,24.,16.1,-2.6,3.5,14.1,7.8,-9.9,-16.4,-15.9,-24.,-21.4,1.4,18.4,11.5,10.4,M
-6.4,1.3,7.3,-9.7,-25.,-12.2,1.6,0.9,0.,0.8,3.5,1.8,-5.4,-5.2,-2.2,-1.5,-8.5,-8.9,-1.5,-1.4,5.6,9.1,0.8,10.,24.,16.1,-2.6,3.5,14.1,7.8,-9.9,-16.4,-15.9,-24.,-21.4,1.4,18.4,11.5,10.4,M
