0.,0.,0.,0.,0.,25.9,127.,202.2,253.7,370.4,472.2,433.6,330.7,113.2,-268.1,-595.6,-731.6,-787.4,-778.5,-716.5,-684.6,-650.,-589.2,-371.7,45.9,479.1,787.2,945.7,977.8,855.3,590.,320.8,185.,92.5,0.,0.,0.,0.,0.,M
0.,0.,0.,0.,0.,-27.3,-102.9,-167.4,-188.8,-183.4,-144.,-64.4,-66.8,-221.8,-468.9,-563.7,-430.1,-267.3,24.3,489.8,1078.8,1784.7,2363.7,2584.1,2611.7,2232.9,1391.6,704.3,347.,95.6,-31.9,-34.1,-21.7,0.,0.,0.,0.,0.,0.,H
0.,0.,0.,0.,0.,0.,-20.2,-49.2,-55.,-11.9,28.2,-21.7,-40.2,27.5,23.7,-10.9,97.,281.5,440.6,585.,646.9,647.1,625.,525.4,473.1,492.6,521.5,507.,419.1,287.7,200.8,133.9,33.5,0.,0.,0.,0.,0.,0.,S
0.,0.,0.,31.7,100.2,137.,22.3,-304.2,-755.6,-1001.2,-1007.2,-934.5,-564.6,11.,259.1,228.8,397.3,484.4,802.9,1706.9,2211.,2356.9,2571.3,2189.2,1221.8,705.,262.1,-435.7,-837.,-971.2,-1053.2,-976.9,-624.,-315.,-188.4,-94.2,0.,0.,0.,H
0.,0.,0.,0.,0.,0.,0.,0.,0.,8.2,56.2,131.7,162.3,157.2,212.9,232.5,24.9,-213.9,-281.2,-423.5,-605.1,-534.4,-338.6,-252.8,-147.1,11.1,89.4,101.8,88.4,61.1,16.9,0.,0.,0.,0.,0.,0.,0.,0.,S
0.,0.,0.,0.,0.,0.,29.7,94.7,130.,175.1,268.6,340.2,381.7,400.,309.4,-26.3,-495.6,-797.9,-876.,-805.6,-462.,58.6,384.9,463.8,503.7,539.4,530.7,530.1,534.,469.2,332.1,188.2,58.3,0.,0.,0.,0.,0.,0.,M
0.,0.,0.,0.,0.,0.,0.,-36.8,-98.4,-121.,-130.7,-142.6,-93.7,36.2,213.3,410.,510.6,518.,411.3,45.6,-430.1,-654.2,-779.9,-975.5,-921.3,-646.6,-496.,-348.9,-74.,83.,97.,81.8,40.9,0.,0.,0.,0.,0.,0.,M
0.,0.,0.,-69.1,-138.2,-215.8,-368.4,-470.8,-486.9,-475.6,-423.2,-305.3,-202.5,-66.3,32.6,83.7,161.,156.1,-10.1,-145.2,-211.3,-445.9,-702.,-648.9,-508.2,-404.9,-141.2,131.5,171.,98.2,35.1,-36.6,-48.7,-26.1,0.,0.,0.,0.,0.,S
0.,0.,51.1,102.2,155.5,256.3,214.,-44.2,-212.6,-333.5,-597.2,-817.4,-920.5,-946.2,-1286.8,-1686.2,-1422.7,-809.7,-519.,159.9,1401.4,2189.1,2266.5,2400.9,2495.6,1947.9,1236.2,884.8,519.1,-60.2,-451.1,-752.3,-876.2,-792.6,-578.7,-319.3,-95.1,0.,0.,H
565.,434.6,212.7,121.2,73.,37.5,105.,153.5,147.2,148.,131.3,109.8,172.9,240.,269.3,351.5,420.8,426.8,416.4,438.2,347.2,139.6,-129.6,-304.,-427.2,-555.5,-543.,-429.4,-333.4,-249.2,-87.5,77.1,232.5,300.8,333.1,389.8,431.9,468.2,486.8,M
835.6,940.,1048.7,1048.,982.6,705.4,208.8,-209.5,-375.5,-477.7,-480.9,-307.6,-241.6,-411.5,-583.4,-625.8,-603.2,-562.,-531.9,-457.8,-436.,-443.8,-434.7,-515.7,-1008.,-1870.6,-2670.6,-3126.8,-3050.1,-2317.7,-1069.4,144.7,978.8,1372.2,1477.5,1427.3,1341.6,1181.5,1044.2,H
71.4,71.4,-70.2,-356.7,-581.2,-666.7,-672.6,-599.8,-437.6,-344.3,-325.1,-309.8,-297.3,-281.7,-220.7,-159.3,-155.8,-158.9,-173.8,-229.,-239.4,-206.4,-277.6,-435.6,-558.6,-678.4,-762.,-735.,-637.7,-517.7,-432.2,-396.4,-356.,-271.7,-203.2,-119.7,-60.8,-28.7,3.4,S
-69.4,-69.4,-32.2,69.,139.5,125.5,128.3,121.5,-9.5,-174.2,-238.,-347.2,-451.,-423.,-402.9,-464.6,-437.9,-389.1,-473.8,-502.5,-503.3,-523.,-561.3,-785.1,-1139.6,-1354.,-1399.4,-1305.6,-890.,-276.6,267.2,519.4,618.1,760.5,747.9,602.5,513.4,409.1,304.8,H
-65.8,-38.5,-11.2,12.,45.5,89.1,133.2,144.,116.,-45.4,-333.9,-638.2,-787.4,-889.6,-994.8,-958.7,-885.2,-850.8,-869.1,-938.,-991.1,-958.6,-923.6,-769.9,-427.3,-102.7,133.7,234.4,288.5,354.7,295.3,112.4,1.,-115.6,-323.9,-422.6,-419.7,-409.8,-409.8,S
428.,249.9,-123.7,-463.4,-708.5,-809.4,-870.9,-993.6,-1115.8,-1132.8,-1088.8,-1000.7,-803.4,-561.7,-359.9,-290.6,-266.7,-240.2,-249.1,-283.7,-306.8,-466.5,-865.1,-1400.3,-1866.8,-2037.,-1971.9,-1702.5,-1176.5,-555.2,-255.6,-20.1,424.9,804.7,1053.3,1131.6,1188.3,1248.2,1251.4,M
199.2,163.6,128.,41.1,-244.3,-517.3,-561.6,-531.4,-438.4,-121.5,204.4,400.5,494.6,610.6,745.5,697.2,543.2,456.4,261.5,-141.8,-329.7,-258.5,-207.8,-47.3,343.,699.4,894.6,963.2,986.3,1025.3,988.7,895.4,854.6,829.5,786.7,767.5,680.2,594.4,594.4,M
627.8,561.4,390.7,286.4,184.1,24.8,-46.,-85.,-110.2,-163.,-295.5,-419.5,-493.9,-524.,-530.2,-559.9,-561.7,-509.9,-479.8,-364.7,-81.9,170.,307.5,360.8,339.9,256.5,169.6,141.4,137.6,152.,184.1,198.,230.3,266.4,275.7,334.9,425.6,468.7,471.,S
-358.4,-406.5,-518.3,-803.8,-1332.,-1638.4,-1844.,-2206.2,-2259.2,-1905.7,-1655.8,-1491.8,-1140.4,-897.5,-816.4,-790.8,-723.9,-645.9,-569.,-432.5,-361.8,-364.7,-418.6,-535.9,-748.6,-895.,-1032.2,-1361.2,-1931.2,-2497.4,-2685.4,-2576.3,-2062.5,-1030.2,82.3,567.2,754.5,963.,984.2,H
0.,0.,0.,0.,-115.2,-306.1,-434.5,-537.4,-607.1,-510.2,-320.,-148.1,-8.7,-23.7,-91.2,-99.3,-268.8,-455.7,-543.2,-791.8,-1266.5,-1673.1,-2044.7,-2282.4,-2168.9,-1786.6,-1286.3,-768.9,-234.1,247.,508.5,540.8,545.4,420.5,160.3,0.,0.,0.,0.,M
0.,0.,0.,0.,55.,110.,145.9,115.1,-73.4,-250.2,-395.,-590.3,-582.6,3.2,475.8,691.6,456.5,-499.1,-1661.2,-2318.6,-2739.1,-2838.9,-2425.4,-1681.9,-1031.2,-365.5,771.4,1844.8,2474.6,2502.2,2131.,1488.4,980.2,371.7,0.,0.,0.,0.,0.,H
0.,0.,0.,0.,-40.2,-80.4,-80.2,-62.1,1.4,71.2,95.4,158.1,226.7,312.4,584.2,776.2,677.,433.9,-48.6,-840.,-1292.8,-1584.1,-2146.8,-2560.6,-2695.3,-2687.6,-2439.4,-1784.7,-1002.2,-357.1,-88.,-8.6,55.8,20.4,0.,0.,0.,0.,0.,S
0.,0.,0.,0.,0.,0.7,1.1,0.8,21.4,83.6,433.1,779.8,818.6,740.4,344.4,-571.2,-1415.,-1661.,-1949.3,-2372.2,-2564.7,-2642.7,-2662.8,-2443.2,-1821.8,-1042.9,-346.9,-28.,302.5,642.,621.,499.7,408.4,204.2,0.,0.,0.,0.,0.,H
0.,29.7,59.4,71.9,84.3,138.8,156.8,120.2,92.3,-25.5,-254.8,-454.,-513.8,-542.1,-581.8,-472.1,-333.4,-315.8,-334.,-439.6,-846.,-1371.,-1577.,-1671.1,-1656.9,-1456.6,-1197.2,-1029.8,-965.7,-811.1,-584.3,-335.2,-222.4,-130.5,-48.6,-4.2,25.1,0.,0.,S
-370.2,-437.4,-606.3,-708.,-715.8,-669.8,-641.,-590.1,-514.2,-507.3,-546.5,-691.4,-918.6,-1047.,-1124.5,-1106.8,-842.5,-564.9,-388.4,-170.9,147.2,186.6,-58.8,-377.6,-580.2,-915.8,-1385.7,-1380.1,-1063.9,-887.6,-783.8,-375.9,-20.6,-11.1,-38.5,82.7,170.9,123.,93.8,M
0.,0.,-49.4,-164.9,-231.,-289.4,-413.5,-474.5,-444.9,-420.,-370.7,-238.1,-133.5,-107.6,-103.,-194.9,-108.6,208.9,234.6,121.,-18.6,-678.1,-1686.5,-2340.1,-2505.2,-2390.9,-1727.8,-546.1,730.8,1374.8,1862.3,2425.2,2240.3,1651.3,1322.6,961.4,300.1,0.,0.,M
0.,0.,0.,0.,0.,0.,-1.4,-24.5,-44.5,-58.2,-58.6,-70.3,-71.7,-31.,7.2,-17.1,-55.7,-68.7,-155.4,-295.5,-412.8,-483.7,-511.6,-472.8,-360.5,-193.4,-19.3,130.2,208.5,211.8,186.7,135.2,51.1,0.,0.,0.,0.,0.,0.,S
0.,0.,0.,74.8,275.7,401.8,485.7,704.9,896.7,827.1,779.,903.9,967.9,1006.,1027.,906.,744.7,739.,779.4,785.2,852.9,964.1,1034.5,1271.2,1481.,1939.1,2434.2,2432.8,2137.3,1880.2,1397.4,743.6,397.1,110.8,0.,0.,0.,0.,0.,H
1816.8,1773.8,1688.7,1646.6,1565.2,1567.2,1695.8,1609.,1477.,826.2,-248.4,-857.7,-678.,-312.8,436.,1646.4,2262.9,2343.5,2269.2,2364.7,2362.3,2577.6,3019.3,3147.8,3297.4,4703.9,6988.1,8896.2,9777.,10371.9,10134.8,8193.7,5919.3,4754.,3877.6,2627.7,2296.2,2120.3,1902.4,M
12577.4,13470.1,15041.,16594.3,17247.6,17025.8,17332.,17020.,15645.1,12909.1,12345.4,12345.4,9950.,7737.8,7372.1,6823.2,5694.9,6538.8,7877.9,7793.7,7622.4,7930.3,6787.7,5334.2,4635.8,4561.4,4549.6,5130.2,6234.9,6821.6,6878.7,6896.8,6592.9,5876.7,5425.4,5192.1,4555.8,3401.8,2650.8,H
-6784.2,-7632.,-7994.3,-6458.2,-4642.7,-3877.8,-3712.6,-3951.,-4897.7,-6034.7,-6628.6,-6666.,-6605.5,-6255.4,-5860.7,-5718.2,-5671.4,-5422.1,-5045.4,-4299.1,-3727.,-3296.5,-1669.4,876.6,2727.4,3228.8,3011.6,1274.9,-1681.1,-3677.4,-4237.2,-3852.,-2620.4,-1215.,-407.1,-158.2,188.6,756.5,977.6,S
-5060.4,-5060.4,-4152.7,-2075.2,-529.7,-438.6,-723.2,-717.8,-1264.,-1938.6,-1471.8,-882.,-1112.9,-905.3,-652.5,-1119.8,-1401.4,-1227.1,-1282.5,-842.,-174.4,-177.,547.9,609.,-787.8,-1712.4,-1904.,-2404.1,-4377.9,-5048.8,-3744.9,-3243.8,-4079.1,-2291.9,1333.5,3622.5,4908.6,7203.6,9498.6,H
-4119.6,-3671.9,-3224.2,-2162.6,-87.7,892.5,-247.3,-1354.,-2159.8,-3043.9,-2180.8,74.5,1388.4,2812.1,5392.4,7234.,9353.9,10788.8,10573.,8831.6,5874.4,2345.3,247.8,-741.9,-1476.5,-1131.4,-1310.2,-1579.,-1862.8,-2412.1,-2711.,-2466.7,-2189.,-1851.8,-1158.9,-689.4,-585.2,-594.8,-594.8,S
-11733.6,-13142.7,-15248.,-15038.,-12095.1,-10058.4,-8154.4,-4721.6,-2334.9,-1204.2,-931.4,-393.3,506.,1467.9,2589.3,3110.,3957.4,6139.3,9348.1,11627.3,12032.2,11611.3,10630.5,8119.7,4574.8,2980.8,1075.3,-2479.4,-5245.2,-5835.2,-5308.6,-4166.5,-2692.7,-1382.8,-84.1,236.4,1042.8,3083.1,4317.,M
271.2,-35.9,-683.3,-843.9,-336.9,473.2,1586.6,3157.8,4403.9,5027.7,5772.4,6392.9,6255.1,5932.,7028.2,8997.4,11121.8,13614.9,15751.2,15895.4,14343.4,11617.2,8193.,5584.2,3887.4,2871.8,2832.2,3682.4,5457.5,8178.4,10481.6,11782.7,11285.5,7962.3,3337.2,-590.5,-3550.,-5033.2,-5271.2,M
-7729.4,-7821.7,-8347.2,-8780.4,-9421.5,-10510.4,-11043.5,-10782.2,-10435.6,-9592.9,-7560.1,-3768.,1843.1,4852.2,7394.3,11191.2,12233.6,10267.2,8513.2,6727.4,3918.2,2291.5,1434.1,1781.2,2817.1,4015.7,5700.2,6620.8,7564.1,9396.4,10610.6,10603.2,10270.6,10052.,9652.9,9542.8,9786.,9958.8,9958.8,S
3800.4,6915.1,11485.6,11253.9,9566.4,6532.6,510.6,-4890.4,-7988.7,-8674.2,-8847.8,-8753.2,-7885.2,-6331.4,-5377.4,-4698.3,-3414.1,-2742.4,-2423.4,-2171.,-1980.9,-2076.1,-1560.9,-149.1,462.2,1947.3,5436.9,9113.5,11993.,13200.4,13544.5,13033.6,10103.4,6309.3,4590.4,3453.9,2390.3,3145.5,3827.8,H
0.,-1.2,10.9,63.8,103.4,79.,39.5,11.6,-73.8,-146.4,-190.8,-394.6,-623.8,-598.9,-504.2,-517.4,-174.2,-26.4,-635.7,-1036.4,-792.8,-996.5,-1077.8,-222.9,266.,68.9,215.1,523.1,394.5,301.2,439.8,514.1,487.8,469.2,412.6,309.5,194.,90.8,0.,M
35.,61.4,87.8,92.8,43.2,-51.9,-140.4,-188.4,-200.5,-199.7,-135.4,-235.8,-387.6,-185.2,205.3,-109.,-732.9,-854.4,-989.9,-1511.2,-1472.3,-864.5,-681.4,-701.5,-389.6,7.1,270.,468.2,477.9,438.4,388.3,344.3,301.2,251.8,159.,101.1,43.3,0.,0.,H
0.,-5.4,-10.8,25.6,63.8,69.5,53.,32.6,10.8,1.3,-39.3,-102.7,-113.2,-139.2,-242.4,-350.4,-532.4,-683.6,-830.2,-1000.1,-1201.1,-1329.8,-1280.8,-1298.9,-1359.,-1212.5,-939.8,-855.6,-681.1,-325.2,-42.5,195.5,332.2,333.8,282.4,197.1,82.4,0.,0.,S
-143.2,-212.5,-348.3,-471.4,-521.,-514.,-555.3,-639.,-763.8,-901.6,-957.,-895.5,-982.8,-1166.,-1172.,-1143.6,-1297.7,-1194.5,-932.4,-810.2,-790.1,-684.2,-614.3,-653.3,-565.,-473.7,-517.1,-553.1,-307.7,-221.,-275.,-21.6,337.7,412.2,415.,449.2,336.5,146.9,70.,H
0.,0.,10.5,23.2,27.5,28.2,26.8,2.5,-19.7,-20.3,-30.5,-38.,-14.6,-1.6,-7.7,-0.5,2.4,2.,10.3,16.3,14.5,15.4,9.4,-1.2,-9.7,0.1,13.8,11.3,7.5,9.,-4.2,-20.2,-16.5,-9.5,-6.1,1.4,8.8,4.4,0.,S
0.,10.1,77.3,233.6,332.8,399.1,523.7,566.3,587.1,623.6,551.4,608.7,589.2,210.2,-19.8,228.1,22.3,-343.7,-237.8,-219.6,-816.5,-1113.1,-955.1,-789.8,-482.2,105.5,776.2,1110.,1217.8,1074.8,950.2,853.9,855.3,739.9,651.4,543.2,279.2,61.7,0.,M
-339.8,-408.4,-498.8,-520.6,-492.4,-517.5,-701.7,-955.2,-1077.8,-1011.3,-876.3,-732.4,-639.1,-621.2,-758.7,-1065.7,-1349.3,-1274.7,-1086.,-1100.7,-941.5,-629.5,-590.9,-690.4,-450.2,-111.8,145.2,379.6,455.2,407.7,416.6,512.4,513.5,518.5,574.7,478.1,270.5,172.4,172.4,M
0.,0.,14.4,28.8,17.9,9.,-5.7,-28.,-33.6,-20.,-39.4,-131.5,-210.8,-231.,-378.1,-553.6,-393.2,-412.8,-621.2,-489.8,-634.4,-816.,-337.8,46.,51.5,345.8,478.3,177.1,32.2,32.3,139.8,274.5,282.7,263.6,271.,217.6,78.4,0.,0.,S
254.,254.,289.,308.8,325.5,291.9,226.4,124.8,-52.7,-269.5,-447.8,-485.2,-504.4,-534.5,-628.9,-685.3,-658.2,-519.8,-328.5,-110.7,222.5,390.8,444.3,840.6,1454.2,1705.9,1686.8,1692.4,1394.2,922.7,765.2,775.4,698.9,565.8,346.,51.9,-79.,-114.2,-149.4,H
0.,0.,56.8,231.6,481.5,794.5,975.6,1100.2,1291.4,1056.6,68.6,-618.,-1245.4,-2437.,-3231.,-3186.7,-2912.6,-2728.2,-2374.5,-2007.6,-1636.,-1462.,-1180.5,-582.2,74.6,665.5,916.4,1100.4,1415.,1605.,1292.9,921.4,717.5,276.5,-158.3,-178.,0.,0.,0.,M
833.,516.9,-355.6,-1551.3,-2618.5,-3046.4,-2835.,-2111.5,-1231.1,-638.4,-414.,-267.6,31.5,393.7,802.9,1002.6,1075.6,842.6,-49.3,-1712.3,-2789.4,-3832.7,-5307.2,-5658.5,-4749.4,-3920.2,-2951.3,-1196.9,114.1,1085.,1530.4,1896.3,2510.6,2913.7,3029.4,2990.4,2584.2,1772.9,1367.8,H
0.,0.,0.,0.,-381.2,-969.,-1241.3,-1410.4,-1513.8,-1254.9,-816.5,-499.2,-290.5,-219.6,14.8,469.5,755.6,1103.5,1385.6,1215.7,15.8,-1921.9,-3619.2,-4408.8,-4687.9,-4275.,-2873.9,-1624.8,-1148.4,-924.9,-493.,-287.5,-226.8,-163.2,-49.8,0.,0.,0.,0.,S
0.,0.,0.,-8.8,-17.6,34.9,212.8,507.5,880.,1083.2,1206.7,1382.4,1286.4,907.5,676.8,396.1,-242.,-686.6,-957.,-1140.2,-1330.4,-1250.3,-425.4,817.7,1506.2,2082.7,2655.4,2240.1,1455.9,1083.2,883.3,596.7,433.,259.7,163.4,81.7,0.,0.,0.,H
0.,0.,46.,140.2,231.5,319.6,364.6,372.5,56.5,-1007.2,-2412.7,-3078.4,-3602.2,-4210.,-3960.5,-3456.1,-3285.2,-3160.1,-2843.9,-2272.1,-1308.4,-725.4,-107.6,1034.9,1776.5,1974.9,1956.4,1761.1,812.7,-953.2,-2694.6,-3423.2,-3500.9,-3181.6,-2006.2,-613.9,0.,0.,0.,S
0.,0.,0.,-18.3,-85.7,-134.8,-99.9,33.9,299.,700.,934.8,1072.8,1240.,589.8,-1231.8,-2374.,-3487.1,-5339.5,-5672.4,-4097.1,-2928.2,-1716.5,359.4,1644.5,2129.1,2192.8,2237.9,2322.6,2318.1,2306.1,2338.2,2021.6,1412.4,868.1,308.2,0.,0.,0.,0.,M
77.,77.,153.5,331.6,540.5,832.,1016.2,1141.3,1390.1,1710.6,1782.1,1656.8,1174.3,19.7,-1047.2,-1140.4,-838.8,-296.,1137.5,2628.9,3100.2,2970.8,3036.8,2960.5,2592.2,2385.7,2405.2,2231.9,1908.3,1547.7,1076.6,815.8,-120.1,-2019.4,-3084.8,-3186.8,-3186.8,-2405.5,-1624.2,M
0.,0.,-13.,-26.,-8.6,25.6,157.4,467.9,663.4,853.2,1092.6,1125.7,1197.5,1285.8,1377.7,1191.6,192.9,-1327.8,-2127.8,-2800.6,-3552.,-3161.4,-2274.3,-1856.4,-1554.8,-984.7,-453.9,92.,375.6,633.,1140.4,1281.1,999.5,827.2,641.9,228.3,0.,0.,0.,S
0.,68.3,223.7,421.5,532.2,619.9,733.3,776.7,601.6,408.8,-47.,-1123.8,-2422.8,-3616.,-4131.2,-4438.9,-4543.,-4020.4,-3202.5,-2703.6,-1975.5,-782.4,56.8,698.7,966.4,1059.5,1189.2,1136.6,341.8,-363.8,-1412.7,-3445.4,-5132.7,-5299.9,-4763.6,-3860.1,-2151.,-672.7,0.,H
-943.2,-943.2,-829.3,-654.6,-532.2,-503.4,-536.2,-509.5,-84.4,804.2,1814.3,2334.2,2714.6,3152.2,3017.2,2368.8,2278.1,2684.5,2639.1,2664.9,2777.,2873.4,2638.6,2044.5,834.5,-112.6,-933.1,-1908.1,-2196.8,-1836.5,-1342.,-1097.,-799.6,-633.5,-450.,-380.2,-299.1,-184.5,-151.,M
-889.4,-904.2,-968.2,-1121.8,-1373.9,-1521.6,-1526.4,-1409.7,-1366.8,-1727.2,-2009.,-2356.6,-2900.4,-3030.6,-2644.4,-2324.2,-1992.6,-1446.2,-1168.3,-938.3,-771.4,-473.9,-232.,546.5,2360.5,3340.4,3927.5,4932.4,4901.,3644.,2836.2,2422.4,1831.,1306.4,516.9,74.4,-592.9,-1715.4,-2170.6,H
0.,0.,0.,0.,-246.8,-659.8,-1022.1,-1388.4,-1643.2,-1576.3,-1318.9,-1119.9,-1064.7,-1276.3,-1445.9,-1141.7,-410.3,747.4,2217.7,3425.1,3961.8,3776.1,2883.8,1684.7,678.4,-173.5,-731.7,-663.8,-192.4,264.,562.1,737.9,715.7,439.5,131.5,0.,0.,0.,0.,S
-98.8,-123.,-174.4,-161.8,-122.,-12.2,182.7,351.6,471.6,507.8,539.1,636.9,751.5,722.3,645.,-13.9,-1287.3,-1985.5,-1692.9,-1316.6,-533.5,1108.8,2268.3,2469.1,2369.6,2128.7,1622.8,1085.8,538.3,255.9,244.7,98.5,-152.1,-238.4,-209.1,-172.9,-108.8,-14.6,44.8,H
0.,0.,0.,0.,0.,-111.4,-222.8,-281.3,-400.7,-582.3,-1186.3,-1669.6,-2644.2,-2895.2,-1413.6,743.2,2142.,3599.8,5155.1,5056.5,4470.3,4080.2,3411.4,1762.3,7.9,-1206.2,-1646.2,-1345.1,-674.1,28.7,387.6,413.6,356.6,149.8,0.,0.,0.,0.,0.,S
1544.6,1739.7,2078.5,2271.9,2321.6,2415.,2500.3,2158.4,1254.9,685.2,268.1,-536.5,-962.2,-751.,-501.6,-274.4,79.6,225.5,70.5,-143.5,-276.3,41.,970.1,2275.1,3101.1,3352.8,2755.4,1855.4,1433.6,1102.6,1132.5,1581.6,1394.4,336.6,-114.8,-427.7,-793.8,-673.4,-499.8,M
2768.4,2768.4,2984.1,2937.3,2143.5,995.2,378.2,-39.9,-335.9,65.1,552.3,760.6,874.4,622.5,-497.8,-1347.4,-1442.4,-1429.7,-1099.5,425.4,1579.1,2382.5,4096.3,5938.4,7175.2,7426.6,6842.2,4951.5,2550.9,556.9,-342.8,-670.3,-699.1,-234.,86.8,241.2,521.4,975.3,1149.,M
0.,0.,0.,0.,0.,-31.8,-131.5,-283.5,-430.5,-493.4,-494.1,-326.3,-66.9,-584.2,-1192.4,-2069.9,-3599.5,-4568.3,-4336.8,-3788.6,-2430.8,205.5,2412.8,4311.6,5281.6,5080.7,4041.2,2570.,1229.2,521.,274.1,138.8,264.1,138.9,0.,0.,0.,0.,0.,S
292.6,422.6,552.6,682.,874.,1013.8,1176.5,1262.,1331.7,1207.5,401.2,-766.8,-1322.4,-1872.4,-2944.9,-3789.6,-4365.6,-4619.4,-4001.,-2207.7,553.,3796.4,5454.,5753.8,5804.7,5453.,4697.,4043.8,4197.9,4267.1,3540.5,2473.5,2048.2,933.4,-885.4,-2066.4,-2913.2,-3283.,-3283.,H
0.,0.,14.2,9.5,-9.4,-68.2,-206.6,-409.2,-1046.,-1559.8,-1988.,-2488.,-2614.,-2039.,-1512.1,-1127.4,-987.4,-2864.4,-5600.9,-6705.1,-6392.6,-4586.9,-395.2,4219.5,6238.,6476.5,5924.,4497.2,3130.6,2399.8,2128.6,1551.3,977.8,532.7,355.,177.5,0.,0.,0.,M
0.,0.,5.2,59.,64.9,22.2,-163.7,-562.1,-1086.,-1859.5,-2321.6,-2549.,-2619.1,-2425.1,-2547.1,-2705.8,-4508.6,-8512.8,-10479.8,-8107.1,-5968.8,-2287.8,4494.8,8036.3,7258.,6039.8,4861.4,3079.5,2253.3,1774.,1609.9,1415.9,882.7,410.5,185.,92.5,0.,0.,0.,H
0.,0.,0.,0.,0.,53.1,138.7,166.2,159.9,172.5,163.4,134.9,140.1,-132.,-752.1,-1120.8,-1289.4,-1760.8,-2127.9,-1752.2,-977.,-24.4,1145.9,2183.9,2749.4,2616.6,1965.,1357.6,1098.8,843.4,525.7,336.2,212.,78.3,0.,0.,0.,0.,0.,S
0.,-29.5,-56.1,-58.,-55.6,-48.4,21.1,66.3,-154.1,-304.1,-258.,-206.4,357.9,782.9,216.1,-263.,-1128.8,-3750.4,-6210.,-7505.,-8096.2,-7691.9,-6130.,-2717.9,1456.2,3375.8,4979.4,6689.9,5805.1,4015.1,3216.8,2024.6,910.4,718.,343.3,239.,197.5,78.,0.,H
0.,0.,-5.,-10.,31.1,70.3,98.2,140.8,153.6,119.9,36.6,-100.6,-227.3,-266.4,-301.5,-295.,-295.4,-556.1,-774.8,-1044.,-1360.6,-1395.3,-1483.5,-1584.4,-1582.,-1582.7,-1359.9,-489.3,155.4,822.8,1747.2,1865.4,1432.8,1139.,766.1,196.6,0.,0.,0.,S
0.,0.,0.,0.,0.,0.,0.,11.4,-45.4,-297.9,-482.2,-596.4,-832.3,-908.6,-680.9,-571.1,-529.4,-448.4,-670.1,-1609.5,-3819.1,-5277.8,-5942.,-5204.2,-3049.3,-765.2,1434.4,3344.5,3395.5,2204.8,2204.8,1536.4,434.,0.,0.,0.,0.,0.,0.,M
0.,0.,0.,-17.4,-132.6,-257.8,-937.9,-1590.6,-1557.2,-1701.3,-1817.2,-1476.3,-1197.,-1424.6,-1970.6,-2891.4,-3781.,-4068.2,-4414.8,-5767.5,-6127.7,-3599.6,-1717.4,76.6,4444.6,7648.,7380.2,6483.,5428.8,3541.9,2075.9,1118.2,793.8,612.2,289.1,73.8,0.,0.,0.,M
0.,0.,0.,-25.9,-15.,21.9,27.6,33.2,78.7,43.6,-16.3,-117.8,-240.,-452.3,-704.,-950.,-1024.,-891.4,-1022.3,-1374.1,-2006.3,-2617.5,-2817.4,-2054.7,-373.8,1710.,3384.7,3893.8,3653.,2925.4,1870.1,976.4,651.2,452.9,127.3,0.,0.,0.,0.,S
0.,-137.9,-275.8,-269.5,-283.7,-290.1,-171.,-66.,-26.3,13.,-331.6,-1489.6,-2303.4,-3001.8,-4677.6,-6428.2,-7601.7,-8002.,-7877.1,-6707.4,-4854.8,-2262.8,-478.6,766.1,3084.3,5723.4,7797.5,8306.,8114.3,7056.5,4953.3,2874.7,2033.2,1507.7,728.3,441.4,204.2,0.,0.,H
722.6,546.8,206.6,-164.,-513.4,-656.6,-764.8,-637.9,-466.9,-692.3,-853.6,-1176.2,-1979.2,-2527.4,-2639.4,-2683.6,-2519.4,-2266.6,-2216.7,-2029.9,-1804.4,-1784.2,-1505.3,-956.,-210.3,244.8,750.1,1815.7,2912.6,3374.3,3299.4,3404.6,3228.7,2889.4,2796.5,2761.8,2701.7,2403.6,2165.6,M
-424.8,-415.7,-391.7,-529.8,-682.8,-600.9,-573.9,-746.7,-1195.4,-1526.2,-1596.,-1732.7,-1657.8,-1185.7,-855.4,-845.1,-492.9,-187.6,-216.7,-209.2,-407.7,-745.7,-1139.,-1057.8,-722.8,-729.8,-547.8,182.8,794.4,864.4,1453.8,1952.1,1831.,1648.7,1496.4,1313.2,1202.8,1141.5,1007.4,H
-721.6,-585.,-273.7,-99.,-57.1,25.7,-8.4,-280.6,-477.8,-588.5,-983.1,-1549.3,-2048.6,-2265.6,-2246.1,-2026.5,-1536.5,-881.4,-516.2,-594.5,-704.2,-550.2,-102.7,159.4,838.3,1964.1,2451.1,2380.7,2270.2,1882.6,1265.8,929.4,710.1,598.,540.9,434.3,376.2,378.6,389.6,S
221.4,405.3,820.4,1159.8,1080.5,893.,714.4,209.2,-345.3,-604.7,-636.2,-600.4,-511.7,-236.8,185.,384.8,452.4,533.5,684.7,977.3,1132.2,1217.7,1602.1,1667.9,1361.7,1288.6,1181.5,698.2,314.5,43.,-221.,-293.4,-286.7,-259.3,-279.6,-248.2,-214.6,-151.8,-122.6,H
197.4,210.8,224.2,235.8,139.7,32.,46.,60.,39.3,85.8,171.3,181.7,173.8,-33.6,-500.1,-1060.6,-1346.5,-1331.,-1253.5,-757.5,118.4,862.4,1149.,1667.5,2263.1,2320.9,1995.1,1688.6,1317.6,690.8,292.1,164.6,180.,201.5,184.1,133.1,90.5,60.,60.,S
-252.4,-321.6,-484.3,-577.8,-680.9,-801.,-790.9,-711.2,-658.6,-442.5,-256.9,-299.1,-367.1,-423.4,-582.5,-613.1,-457.,-165.1,99.2,-18.4,190.3,329.,283.2,425.,441.1,503.3,952.4,1449.1,1542.8,1950.5,2109.8,1700.4,1109.1,678.8,602.6,470.,521.4,649.7,670.2,M
-38.4,-85.8,-214.9,-493.1,-677.7,-665.8,-639.4,-731.7,-639.5,-791.4,-1154.2,-1104.2,-1167.5,-1034.1,-654.6,-521.8,-57.4,677.6,1187.7,1702.5,1977.8,1903.8,2133.3,2150.5,1959.6,2055.,1798.1,1273.8,832.9,533.1,406.8,147.4,-180.,-268.1,-282.4,-276.6,-197.1,-116.7,-115.8,M
-361.2,-360.5,-357.,-386.6,-410.3,-401.6,-436.2,-458.5,-437.9,-472.5,-515.4,-596.2,-811.3,-957.5,-860.5,-751.6,-501.8,28.7,413.9,508.1,497.8,400.1,192.4,23.9,-49.4,-64.2,12.9,91.8,108.8,101.,78.,-75.5,-300.,-435.1,-419.8,-340.4,-287.6,-244.6,-254.4,S
2640.6,2323.4,1658.7,1212.4,1113.6,776.5,282.2,-279.1,-982.1,-1281.,-1380.3,-1457.7,-1056.4,-518.3,-359.6,-34.3,447.9,521.8,640.9,843.,736.1,627.,813.,1074.8,1148.4,1300.4,1441.8,1441.8,1096.9,741.4,894.8,899.,858.,846.5,726.8,460.4,151.8,-208.8,-527.2,H
860.4,1003.1,1145.8,1156.3,1194.2,1189.,1147.5,1254.2,1198.2,916.7,640.5,259.,-71.8,-755.2,-2050.4,-2597.3,-2370.1,-2323.4,-1862.,-1009.6,-1147.3,-1792.8,-1909.6,-1817.4,-1369.1,-491.4,404.3,778.4,1067.6,1474.5,1591.2,1423.9,1257.6,1005.8,538.9,37.3,-305.5,-361.8,-361.8,M
0.,62.1,124.2,77.2,-165.,-557.2,-990.8,-1227.4,-1327.4,-1276.9,-763.1,-620.9,-842.,-695.5,-494.5,-825.1,-1081.9,-953.6,-1214.9,-1821.7,-2508.4,-2963.,-3076.4,-2724.5,-1566.2,188.2,2040.5,2944.8,3358.1,3554.6,2958.8,2095.7,1611.6,1108.2,350.9,88.,39.5,0.,0.,H
0.,-39.6,-75.2,-71.2,-70.2,-38.4,48.6,169.6,234.4,260.9,318.7,357.3,259.2,153.8,22.8,-242.6,-562.,-545.,-343.,24.4,517.3,867.8,863.8,634.8,297.4,-115.7,-204.3,-116.7,-16.2,99.7,226.7,127.9,-81.6,-181.2,-223.6,-254.6,-184.3,-62.7,0.,S
90.2,108.9,86.,44.4,18.5,-91.1,-208.1,-193.,-144.6,-110.3,-55.3,4.5,296.4,549.2,496.4,570.8,836.6,622.2,269.2,216.,-194.2,-964.,-1587.6,-1798.4,-1981.,-2015.9,-1621.3,-851.2,-328.,136.7,780.2,984.4,814.5,619.2,434.7,171.4,70.,23.7,0.,H
0.,0.,14.1,25.4,46.6,70.6,95.1,71.5,-109.8,-426.,-609.,-789.2,-1086.1,-1259.5,-1534.3,-1752.4,-1925.4,-2138.,-2159.3,-1808.,-1475.,-1174.5,-792.,-371.2,530.1,1092.6,1654.6,2735.2,3413.1,3292.1,3011.8,2478.,1533.9,799.9,238.1,0.,0.,0.,0.,S
18.2,-91.4,-394.9,-764.2,-939.6,-1053.4,-1202.7,-1178.8,-1086.6,-1053.8,-1056.3,-1068.7,-1117.,-1204.2,-1253.,-1436.5,-1799.6,-1104.2,307.5,844.2,1326.8,2000.3,1186.9,-232.8,-648.2,-833.,-975.4,-789.5,-688.7,-731.4,-868.8,-977.2,-918.1,-902.,-916.,-929.4,-972.6,-894.8,-787.2,M
838.8,1053.8,1449.,1629.2,1542.5,1402.1,1257.4,1100.5,1034.6,1025.1,897.2,644.9,357.6,204.2,80.8,579.3,1927.8,2720.7,2787.,2613.6,1702.4,-81.8,-1562.3,-1996.4,-2031.8,-2296.7,-2378.7,-1864.7,-1498.2,-1241.5,-639.6,-178.7,-123.3,-183.6,-367.4,-582.9,-548.1,-380.9,-280.2,M
0.,0.,213.6,628.5,1056.8,1467.4,1834.8,1929.3,1681.1,1317.4,961.2,658.4,399.5,284.9,263.8,144.7,-348.6,-561.8,59.1,654.7,973.7,1517.9,1749.4,1182.8,555.8,313.4,299.5,235.8,-5.6,-228.1,-478.4,-877.,-1054.8,-919.8,-709.4,-471.,-174.,0.,0.,S
1368.6,1368.6,1193.4,995.1,960.5,1012.5,1076.,1016.,717.2,277.2,-22.6,-121.2,-151.1,2.5,201.7,502.,786.6,867.5,802.7,857.8,975.3,892.,742.1,597.9,254.5,-211.9,-329.2,65.5,863.1,1916.7,2527.9,2488.4,2260.3,1675.8,842.8,236.2,106.2,-2.2,-110.6,H
-39.2,31.5,159.5,216.8,294.1,423.5,513.2,523.7,496.6,366.4,67.8,-276.4,-536.,-619.8,-616.,-531.3,-389.9,-335.3,-341.2,-331.4,-299.4,-221.6,-72.6,20.8,149.5,410.5,669.8,940.5,1084.2,1394.8,1590.4,1399.9,1127.1,929.8,478.8,27.8,-19.5,-23.1,20.6,M
-261.2,-275.3,-281.,-272.6,-184.6,-39.7,76.6,149.2,191.5,220.,234.,221.2,216.6,277.6,315.8,282.2,-88.9,-867.5,-1666.9,-2025.2,-2150.9,-1938.1,-1055.,4.5,519.4,774.3,969.,1197.2,1906.9,2328.2,2912.8,4533.6,5979.8,6224.5,6059.2,5350.7,3647.3,1806.1,959.8,H
126.,126.,118.6,95.7,-78.6,-411.3,-585.2,-745.8,-1023.5,-1150.1,-1124.,-1088.4,-1021.2,-942.5,-925.3,-883.8,-848.,-935.2,-1116.4,-1382.3,-1755.7,-1957.2,-2052.1,-2116.1,-1782.,-948.7,-418.6,208.8,1194.3,1581.8,1385.,1158.8,832.6,337.,113.3,33.9,8.8,-9.5,-27.8,S
-126.4,-97.8,-14.6,40.,89.6,186.1,273.7,346.9,379.4,399.5,397.5,257.9,-19.1,-178.6,-355.2,-641.6,-763.4,-703.7,-632.,-500.3,-262.4,7.1,393.3,616.2,798.6,1063.,1078.6,802.5,592.8,552.2,552.2,765.5,1079.4,1220.6,1055.3,632.6,64.7,-427.5,-609.2,H
0.,0.,1.8,-20.7,-45.,-35.,-12.2,51.5,135.6,138.5,-17.6,-266.3,-528.,-724.1,-794.,-713.3,-623.2,-723.6,-992.3,-1280.7,-1437.4,-1221.1,-451.,724.3,1929.5,2825.1,3198.,3001.2,2403.8,1641.6,891.7,360.6,83.9,-90.8,-154.1,-77.7,0.,0.,0.,S
-407.2,-291.4,-175.6,-83.,31.1,64.5,56.1,35.8,13.3,13.5,30.,9.4,-5.,-8.9,-35.8,-118.7,-371.2,-563.8,-679.9,-932.3,-1186.9,-1388.3,-1471.4,-1539.2,-1546.3,-1271.2,-621.2,-185.6,354.2,1452.6,2403.7,2964.6,3133.,3073.,2773.3,2202.8,1602.4,1332.8,1332.8,M
-22.4,-1.4,64.4,205.9,302.6,382.4,538.9,666.3,747.,777.,793.3,822.4,886.4,949.4,961.2,894.8,483.9,-422.,-1345.9,-1708.4,-1988.7,-2208.7,-1761.9,-888.3,-79.4,486.1,1242.2,2076.2,2334.7,2099.7,1927.8,1728.6,1372.,1130.6,896.7,746.8,607.3,331.8,195.8,M
-346.4,-275.4,-204.4,-172.8,-122.3,-57.1,18.8,48.4,93.8,161.,154.6,18.3,-89.8,-220.8,-460.8,-574.3,-503.1,-427.4,-369.8,-243.1,-164.4,-142.6,-130.4,-64.9,89.6,344.3,686.7,863.4,915.6,855.5,556.6,201.2,32.4,-7.1,24.4,141.7,208.6,229.2,229.2,S
-1196.2,-1119.5,-876.,-709.2,-564.9,-359.8,-213.3,-55.8,16.,89.4,277.5,513.1,305.3,-23.4,-306.4,-603.3,-949.7,-1258.2,-1234.2,-1435.2,-1972.2,-1991.1,-1045.1,-416.2,437.,1891.,2655.3,2663.2,2507.6,2303.,1974.,1741.,1611.,1589.6,1552.8,1499.7,1466.2,1301.7,1154.4,H
-175.8,-175.8,-152.8,-72.6,20.4,74.8,93.4,91.6,51.2,3.6,-102.3,-199.2,-237.6,-367.3,-465.9,-440.7,-408.2,-324.2,-98.,98.1,190.4,250.6,287.1,344.3,419.1,451.4,532.6,673.3,729.,706.3,687.4,628.8,424.5,153.5,-43.6,-115.4,-172.6,-188.2,-146.6,M
0.,90.2,257.7,335.,424.4,591.5,556.1,181.2,-80.6,-404.2,-1062.1,-1374.7,-1164.3,-975.6,-660.2,60.,616.8,944.,1119.2,1206.2,1338.6,1394.6,1409.5,1413.8,1423.5,1264.5,976.2,760.,663.4,600.2,620.6,751.1,789.9,781.8,667.1,443.9,246.7,79.,0.,H
-53.4,-70.4,-87.4,-61.2,-52.1,-72.1,-154.2,-233.4,-438.9,-729.3,-835.5,-675.9,-495.,-169.8,418.6,874.1,1047.8,1029.2,1003.2,918.9,816.1,849.9,928.2,940.4,947.6,836.1,672.1,614.6,600.6,591.3,672.,743.7,739.4,699.4,596.9,460.5,304.,221.4,221.4,H
-604.,-690.1,-734.1,-692.,-646.6,-563.,-521.9,-588.9,-658.8,-601.8,-429.7,-188.6,52.9,168.4,164.8,151.1,223.3,468.6,631.6,818.2,1216.,1517.5,1586.1,1564.4,1509.4,1319.8,1068.9,925.9,899.2,855.3,769.4,717.,608.5,582.7,585.6,347.4,-24.3,-227.2,-227.2,S
-898.8,-864.4,-770.6,-648.7,-548.4,-484.1,-396.2,-293.7,-195.3,-66.4,49.7,134.6,171.7,73.9,-157.,-423.1,-643.6,-768.3,-705.9,-507.8,-288.,-100.8,27.7,175.3,473.2,857.6,1164.4,1386.5,1469.7,1370.8,1152.7,876.1,588.5,321.6,90.3,-40.5,-61.,-11.5,29.2,M
704.,729.7,794.7,858.1,882.2,880.5,881.6,858.8,709.,584.8,457.5,200.9,12.3,-11.8,23.4,128.1,332.4,506.3,629.9,679.2,716.2,756.,728.6,689.5,680.6,672.,755.4,944.5,1142.1,1242.6,1241.5,1089.8,777.9,449.8,283.,185.8,73.1,72.7,87.8,M
4.4,-5.5,-15.4,3.1,21.6,6.8,0.9,12.3,3.8,-7.2,-10.7,-8.3,-2.4,-1.7,-1.,25.9,29.1,-4.6,-18.1,-21.6,-28.8,-19.5,-1.5,6.6,13.2,9.9,-10.,-6.1,6.9,-0.6,8.8,20.3,15.1,7.8,7.8,-1.,-2.4,1.5,-2.,S
2.2,-4.8,-0.4,10.9,10.8,5.,16.7,25.6,17.9,18.8,1.1,-20.9,-14.7,-4.7,-5.2,12.8,20.4,1.1,-1.5,4.8,8.,-9.2,-20.4,-9.7,-8.2,-17.8,0.7,15.3,3.8,5.8,10.3,3.8,-4.,-10.,-19.2,-6.3,2.7,4.5,10.2,H
68.,68.,5.7,-115.3,-269.5,-401.3,-437.6,-423.6,-384.9,-333.8,-287.6,-267.8,-225.2,-167.5,-153.9,-120.4,-85.4,-70.4,-33.,13.8,67.9,97.6,139.3,221.9,223.6,84.8,-14.8,-106.8,-302.,-393.2,-347.5,-313.8,-302.7,-247.4,-171.,-113.9,-89.,-59.1,-29.2,S
